source_image_id,annotation_id,label,geometry_kind,action,reason,decision_source,geometry_origin,review_flag,bbox,area
0CHrBSJAmY24quC0QSYA,5,person,RLE,KEEP,CANONICAL_PROVIDER_SEGMENTATION,PHASE_5B_CANONICALIZATION,PROVIDER_SEGMENTATION,,1422.000;826.000;112.000;423.000,25577.000
0CHrBSJAmY24quC0QSYA,4,person,RLE,KEEP,CANONICAL_PROVIDER_SEGMENTATION,PHASE_5B_CANONICALIZATION,PROVIDER_SEGMENTATION,,480.000;255.000;647.000;998.000,279907.000
0OEuk7X9WrM64hqQbedA,1,person,POLYGON,KEEP,CANONICAL_PROVIDER_SEGMENTATION,PHASE_5B_CANONICALIZATION,PROVIDER_SEGMENTATION,,762.000;59.000;689.000;1192.000,534907.000
0OEuk7X9WrM64hqQbedA,2,vest_on_body,POLYGON,KEEP,CANONICAL_PROVIDER_SEGMENTATION,PHASE_5B_CANONICALIZATION,PROVIDER_SEGMENTATION,,824.000;401.000;465.000;771.000,260416.000
0OEuk7X9WrM64hqQbedA,3,helmet_loose,POLYGON,KEEP,CANONICAL_PROVIDER_SEGMENTATION,PHASE_5B_CANONICALIZATION,PROVIDER_SEGMENTATION,,1202.000;696.000;202.000;251.000,37307.000
0Orp0pwbiOU0MIg0a28r,3,person,RLE,KEEP,CANONICAL_PROVIDER_SEGMENTATION,PHASE_5B_CANONICALIZATION,PROVIDER_SEGMENTATION,,177.000;279.000;628.000;1021.000,414562.000
0TCko19jiO1CcXl2vqsd,1,vest_on_body,RLE,KEEP,CANONICAL_PROVIDER_SEGMENTATION,PHASE_5B_CANONICALIZATION,PROVIDER_SEGMENTATION,,465.000;452.000;156.000;295.000,22246.000
0TCko19jiO1CcXl2vqsd,2,vest_on_body,RLE,KEEP,CANONICAL_PROVIDER_SEGMENTATION,PHASE_5B_CANONICALIZATION,PROVIDER_SEGMENTATION,,980.000;347.000;391.000;611.000,111407.000
0TCko19jiO1CcXl2vqsd,3,vest_on_body,RLE,KEEP,CANONICAL_PROVIDER_SEGMENTATION,PHASE_5B_CANONICALIZATION,PROVIDER_SEGMENTATION,,335.000;494.000;146.000;293.000,26413.000
0TCko19jiO1CcXl2vqsd,4,vest_on_body,RLE,KEEP,CANONICAL_PROVIDER_SEGMENTATION,PHASE_5B_CANONICALIZATION,PROVIDER_SEGMENTATION,,724.000;436.000;312.000;434.000,77920.000
0TCko19jiO1CcXl2vqsd,5,person,RLE,KEEP,CANONICAL_PROVIDER_SEGMENTATION,PHASE_5B_CANONICALIZATION,PROVIDER_SEGMENTATION,,433.000;381.000;254.000;686.000,76808.000
0TCko19jiO1CcXl2vqsd,6,person,RLE,KEEP,CANONICAL_PROVIDER_SEGMENTATION,PHASE_5B_CANONICALIZATION,PROVIDER_SEGMENTATION,,980.000;231.000;441.000;836.000,160409.000
0TCko19jiO1CcXl2vqsd,7,person,RLE,KEEP,CANONICAL_PROVIDER_SEGMENTATION,PHASE_5B_CANONICALIZATION,PROVIDER_SEGMENTATION,,293.000;428.000;230.000;614.000,63610.000
0TCko19jiO1CcXl2vqsd,8,person,RLE,KEEP,CANONICAL_PROVIDER_SEGMENTATION,PHASE_5B_CANONICALIZATION,PROVIDER_SEGMENTATION,,698.000;328.000;338.000;739.000,128617.000
0TCko19jiO1CcXl2vqsd,D,helmet_on_head,RLE,KEEP,CANONICAL_PROVIDER_SEGMENTATION,PHASE_5B_CANONICALIZATION,PROVIDER_SEGMENTATION,,430.000;380.000;105.000;69.000,4339.000
0TCko19jiO1CcXl2vqsd,C,helmet_on_head,RLE,KEEP,CANONICAL_PROVIDER_SEGMENTATION,PHASE_5B_CANONICALIZATION,PROVIDER_SEGMENTATION,,816.000;327.000;101.000;90.000,4191.000
0TCko19jiO1CcXl2vqsd,B,helmet_on_head,RLE,KEEP,CANONICAL_PROVIDER_SEGMENTATION,PHASE_5B_CANONICALIZATION,PROVIDER_SEGMENTATION,,333.000;427.000;86.000;77.000,4424.000
0TCko19jiO1CcXl2vqsd,A,helmet_on_head,RLE,KEEP,CANONICAL_PROVIDER_SEGMENTATION,PHASE_5B_CANONICALIZATION,PROVIDER_SEGMENTATION,,1033.000;369.000;129.000;114.000,5938.000
0ajF0d1eniugei3qRqvl,1,helmet_on_head,POLYGON,KEEP,CANONICAL_PROVIDER_SEGMENTATION,PHASE_5B_CANONICALIZATION,PROVIDER_SEGMENTATION,,711.000;309.000;130.000;175.000,14623.000
0ajF0d1eniugei3qRqvl,3,person,POLYGON,KEEP,CANONICAL_PROVIDER_SEGMENTATION,PHASE_5B_CANONICALIZATION,PROVIDER_SEGMENTATION,,622.000;308.000;539.000;576.000,179883.000
0ajF0d1eniugei3qRqvl,5,vest_on_body,POLYGON,KEEP,CANONICAL_PROVIDER_SEGMENTATION,PHASE_5B_CANONICALIZATION,PROVIDER_SEGMENTATION,,888.000;376.000;272.000;389.000,48659.000
0ajF0d1eniugei3qRqvl,6,vest_on_body,POLYGON,KEEP,CANONICAL_PROVIDER_SEGMENTATION,PHASE_5B_CANONICALIZATION,PROVIDER_SEGMENTATION,,839.000;594.000;28.000;45.000,651.000
0ejTKqobP0Z7bG7iS1dF,1,person,POLYGON,KEEP,CANONICAL_PROVIDER_SEGMENTATION,PHASE_5B_CANONICALIZATION,PROVIDER_SEGMENTATION,,368.000;30.000;835.000;1035.000,579596.000
0ejTKqobP0Z7bG7iS1dF,2,helmet_on_head,POLYGON,KEEP,CANONICAL_PROVIDER_SEGMENTATION,PHASE_5B_CANONICALIZATION,PROVIDER_SEGMENTATION,,605.000;31.000;423.000;310.000,95945.000
0ejTKqobP0Z7bG7iS1dF,4,helmet_loose,POLYGON,KEEP,CANONICAL_PROVIDER_SEGMENTATION,PHASE_5B_CANONICALIZATION,PROVIDER_SEGMENTATION,,116.000;610.000;270.000;392.000,55393.000
0fMloNWonp8DEQff6L2n,8,person,RLE,KEEP,CANONICAL_PROVIDER_SEGMENTATION,PHASE_5B_CANONICALIZATION,PROVIDER_SEGMENTATION,,993.000;1144.000;156.000;206.000,18685.000
0fMloNWonp8DEQff6L2n,7,person,RLE,KEEP,CANONICAL_PROVIDER_SEGMENTATION,PHASE_5B_CANONICALIZATION,PROVIDER_SEGMENTATION,,1267.000;1189.000;129.000;527.000,38371.000
0fMloNWonp8DEQff6L2n,6,person,RLE,KEEP,CANONICAL_PROVIDER_SEGMENTATION,PHASE_5B_CANONICALIZATION,PROVIDER_SEGMENTATION,,1140.000;1127.000;164.000;570.000,39440.000
0g77gkQGLuqJIxRBDCMC,1,person,POLYGON,KEEP,CANONICAL_PROVIDER_SEGMENTATION,PHASE_5B_CANONICALIZATION,PROVIDER_SEGMENTATION,,621.000;1360.000;339.000;434.000,83887.000
0g77gkQGLuqJIxRBDCMC,2,helmet_on_head,POLYGON,KEEP,CANONICAL_PROVIDER_SEGMENTATION,PHASE_5B_CANONICALIZATION,PROVIDER_SEGMENTATION,,750.000;1360.000;165.000;155.000,14375.000
0sRAfq8grYqMA2xuCHP6,1,vest_on_body,RLE,KEEP,CANONICAL_PROVIDER_SEGMENTATION,PHASE_5B_CANONICALIZATION,PROVIDER_SEGMENTATION,,1085.000;512.000;234.000;437.000,69219.000
0sRAfq8grYqMA2xuCHP6,2,vest_on_body,RLE,KEEP,CANONICAL_PROVIDER_SEGMENTATION,PHASE_5B_CANONICALIZATION,PROVIDER_SEGMENTATION,,767.000;510.000;168.000;338.000,18009.000
0sRAfq8grYqMA2xuCHP6,3,vest_on_body,RLE,KEEP,CANONICAL_PROVIDER_SEGMENTATION,PHASE_5B_CANONICALIZATION,PROVIDER_SEGMENTATION,,482.000;497.000;307.000;396.000,82678.000
0sRAfq8grYqMA2xuCHP6,4,vest_on_body,RLE,KEEP,CANONICAL_PROVIDER_SEGMENTATION,PHASE_5B_CANONICALIZATION,PROVIDER_SEGMENTATION,,885.000;569.000;241.000;366.000,15170.000
0sRAfq8grYqMA2xuCHP6,5,person,RLE,KEEP,CANONICAL_PROVIDER_SEGMENTATION,PHASE_5B_CANONICALIZATION,PROVIDER_SEGMENTATION,,1085.000;397.000;234.000;670.000,103811.000
0sRAfq8grYqMA2xuCHP6,6,person,RLE,KEEP,CANONICAL_PROVIDER_SEGMENTATION,PHASE_5B_CANONICALIZATION,PROVIDER_SEGMENTATION,,768.000;413.000;167.000;654.000,50638.000
0sRAfq8grYqMA2xuCHP6,7,person,RLE,KEEP,CANONICAL_PROVIDER_SEGMENTATION,PHASE_5B_CANONICALIZATION,PROVIDER_SEGMENTATION,,482.000;369.000;307.000;698.000,134249.000
0sRAfq8grYqMA2xuCHP6,8,person,RLE,KEEP,CANONICAL_PROVIDER_SEGMENTATION,PHASE_5B_CANONICALIZATION,PROVIDER_SEGMENTATION,,780.000;468.000;355.000;599.000,44454.000
0sRAfq8grYqMA2xuCHP6,D,helmet_on_head,RLE,KEEP,CANONICAL_PROVIDER_SEGMENTATION,PHASE_5B_CANONICALIZATION,PROVIDER_SEGMENTATION,,615.000;368.000;99.000;79.000,3892.000
0sRAfq8grYqMA2xuCHP6,C,helmet_on_head,RLE,KEEP,CANONICAL_PROVIDER_SEGMENTATION,PHASE_5B_CANONICALIZATION,PROVIDER_SEGMENTATION,,928.000;467.000;105.000;71.000,4280.000
0sRAfq8grYqMA2xuCHP6,B,helmet_on_head,RLE,KEEP,CANONICAL_PROVIDER_SEGMENTATION,PHASE_5B_CANONICALIZATION,PROVIDER_SEGMENTATION,,1129.000;397.000;104.000;73.000,5414.000
0sRAfq8grYqMA2xuCHP6,A,helmet_on_head,RLE,KEEP,CANONICAL_PROVIDER_SEGMENTATION,PHASE_5B_CANONICALIZATION,PROVIDER_SEGMENTATION,,787.000;413.000;84.000;68.000,3216.000
0vIelRhK7EUfEcEMkBV0,1,vest_on_body,RLE,KEEP,CANONICAL_PROVIDER_SEGMENTATION,PHASE_5B_CANONICALIZATION,PROVIDER_SEGMENTATION,,987.000;340.000;443.000;729.000,160682.000
0vIelRhK7EUfEcEMkBV0,2,vest_on_body,RLE,KEEP,CANONICAL_PROVIDER_SEGMENTATION,PHASE_5B_CANONICALIZATION,PROVIDER_SEGMENTATION,,70.000;360.000;447.000;709.000,161147.000
0vIelRhK7EUfEcEMkBV0,3,vest_on_body,RLE,KEEP,CANONICAL_PROVIDER_SEGMENTATION,PHASE_5B_CANONICALIZATION,PROVIDER_SEGMENTATION,,922.000;481.000;184.000;588.000,25846.000
0vIelRhK7EUfEcEMkBV0,4,helmet_on_head,RLE,KEEP,CANONICAL_PROVIDER_SEGMENTATION,PHASE_5B_CANONICALIZATION,PROVIDER_SEGMENTATION,,384.000;70.000;293.000;258.000,39297.000
0vIelRhK7EUfEcEMkBV0,5,helmet_on_head,RLE,KEEP,CANONICAL_PROVIDER_SEGMENTATION,PHASE_5B_CANONICALIZATION,PROVIDER_SEGMENTATION,,1008.000;33.000;301.000;240.000,38844.000
0vIelRhK7EUfEcEMkBV0,6,helmet_on_head,RLE,KEEP,CANONICAL_PROVIDER_SEGMENTATION,PHASE_5B_CANONICALIZATION,PROVIDER_SEGMENTATION,,938.000;205.000;126.000;108.000,7769.000
0vIelRhK7EUfEcEMkBV0,7,person,RLE,KEEP,CANONICAL_PROVIDER_SEGMENTATION,PHASE_5B_CANONICALIZATION,PROVIDER_SEGMENTATION,,987.000;34.000;443.000;1035.000,333860.000
0vIelRhK7EUfEcEMkBV0,8,person,RLE,KEEP,CANONICAL_PROVIDER_SEGMENTATION,PHASE_5B_CANONICALIZATION,PROVIDER_SEGMENTATION,,70.000;71.000;607.000;998.000,336280.000
0vIelRhK7EUfEcEMkBV0,9,person,RLE,KEEP,CANONICAL_PROVIDER_SEGMENTATION,PHASE_5B_CANONICALIZATION,PROVIDER_SEGMENTATION,,544.000;206.000;572.000;863.000,141403.000
1BVaqcupKpVSmlh5tncK,3,helmet_loose,RLE,KEEP,CANONICAL_PROVIDER_SEGMENTATION,PHASE_5B_CANONICALIZATION,PROVIDER_SEGMENTATION,,0.000;73.000;841.000;867.000,550496.000
1XJO4jpZ1EjuFK7M5WzU,1,helmet_loose,POLYGON,KEEP,CANONICAL_PROVIDER_SEGMENTATION,PHASE_5B_CANONICALIZATION,PROVIDER_SEGMENTATION,,250.000;105.000;1103.000;870.000,687041.000
1dnS0NtMgQN35Eb4GNTe,6,vest_loose,RLE,KEEP,CANONICAL_PROVIDER_SEGMENTATION,PHASE_5B_CANONICALIZATION,PROVIDER_SEGMENTATION,,568.000;133.000;483.000;848.000,312734.000
1dnS0NtMgQN35Eb4GNTe,5,vest_loose,RLE,KEEP,CANONICAL_PROVIDER_SEGMENTATION,PHASE_5B_CANONICALIZATION,PROVIDER_SEGMENTATION,,1456.000;337.000;144.000;730.000,68559.000
1dnS0NtMgQN35Eb4GNTe,4,vest_loose,RLE,KEEP,CANONICAL_PROVIDER_SEGMENTATION,PHASE_5B_CANONICALIZATION,PROVIDER_SEGMENTATION,,1456.000;0.000;144.000;1067.000,110204.000
1zBF8eW6TRm4IBAb3Kwv,1,person,POLYGON,KEEP,CANONICAL_PROVIDER_SEGMENTATION,PHASE_5B_CANONICALIZATION,PROVIDER_SEGMENTATION,,261.000;347.000;209.000;371.000,41589.000
1zBF8eW6TRm4IBAb3Kwv,2,person,POLYGON,KEEP,CANONICAL_PROVIDER_SEGMENTATION,PHASE_5B_CANONICALIZATION,PROVIDER_SEGMENTATION,,416.000;72.000;142.000;247.000,22599.000
1zBF8eW6TRm4IBAb3Kwv,3,person,POLYGON,KEEP,CANONICAL_PROVIDER_SEGMENTATION,PHASE_5B_CANONICALIZATION,PROVIDER_SEGMENTATION,,131.000;112.000;162.000;159.000,11838.000
1zBF8eW6TRm4IBAb3Kwv,4,person,POLYGON,KEEP,CANONICAL_PROVIDER_SEGMENTATION,PHASE_5B_CANONICALIZATION,PROVIDER_SEGMENTATION,,605.000;339.000;142.000;379.000,33752.000
2Qh4yEmcE64JRJXTM10C,1,vest_on_body,POLYGON,KEEP,CANONICAL_PROVIDER_SEGMENTATION,PHASE_5B_CANONICALIZATION,PROVIDER_SEGMENTATION,,94.000;145.000;255.000;325.000,45967.000
2Qh4yEmcE64JRJXTM10C,2,person,POLYGON,KEEP,CANONICAL_PROVIDER_SEGMENTATION,PHASE_5B_CANONICALIZATION,PROVIDER_SEGMENTATION,,89.000;0.000;452.000;643.000,108123.000
2estUvSXu4usdh4plcAm,5,helmet_loose,POLYGON,KEEP,CANONICAL_PROVIDER_SEGMENTATION,PHASE_5B_CANONICALIZATION,PROVIDER_SEGMENTATION,,919.000;806.000;405.000;259.000,80877.000
2estUvSXu4usdh4plcAm,8,helmet_on_head,POLYGON,KEEP,CANONICAL_PROVIDER_SEGMENTATION,PHASE_5B_CANONICALIZATION,PROVIDER_SEGMENTATION,,453.000;234.000;162.000;161.000,18492.000
2estUvSXu4usdh4plcAm,9,helmet_on_head,POLYGON,KEEP,CANONICAL_PROVIDER_SEGMENTATION,PHASE_5B_CANONICALIZATION,PROVIDER_SEGMENTATION,,1073.000;112.000;226.000;141.000,23706.000
2estUvSXu4usdh4plcAm,E,vest_on_body,RLE,KEEP,CANONICAL_PROVIDER_SEGMENTATION,PHASE_5B_CANONICALIZATION,PROVIDER_SEGMENTATION,,861.000;380.000;271.000;356.000,44175.000
2estUvSXu4usdh4plcAm,D,vest_on_body,RLE,KEEP,CANONICAL_PROVIDER_SEGMENTATION,PHASE_5B_CANONICALIZATION,PROVIDER_SEGMENTATION,,295.000;343.000;280.000;373.000,33061.000
2estUvSXu4usdh4plcAm,C,vest_on_body,RLE,KEEP,CANONICAL_PROVIDER_SEGMENTATION,PHASE_5B_CANONICALIZATION,PROVIDER_SEGMENTATION,,1153.000;298.000;447.000;604.000,100789.000
2estUvSXu4usdh4plcAm,K,person,RLE,KEEP,CANONICAL_PROVIDER_SEGMENTATION,PHASE_5B_CANONICALIZATION,PROVIDER_SEGMENTATION,,296.000;234.000;324.000;596.000,115702.000
2estUvSXu4usdh4plcAm,J,person,RLE,KEEP,CANONICAL_PROVIDER_SEGMENTATION,PHASE_5B_CANONICALIZATION,PROVIDER_SEGMENTATION,,837.000;270.000;313.000;564.000,101298.000
2estUvSXu4usdh4plcAm,I,person,RLE,KEEP,CANONICAL_PROVIDER_SEGMENTATION,PHASE_5B_CANONICALIZATION,PROVIDER_SEGMENTATION,,578.000;270.000;335.000;540.000,95654.000
2estUvSXu4usdh4plcAm,H,person,RLE,KEEP,CANONICAL_PROVIDER_SEGMENTATION,PHASE_5B_CANONICALIZATION,PROVIDER_SEGMENTATION,,11.000;433.000;469.000;499.000,128623.000
2estUvSXu4usdh4plcAm,G,person,RLE,KEEP,CANONICAL_PROVIDER_SEGMENTATION,PHASE_5B_CANONICALIZATION,PROVIDER_SEGMENTATION,,844.000;110.000;756.000;957.000,315376.000
2qD9FzEoqf4Rsihf6kf7,1,person,POLYGON,KEEP,CANONICAL_PROVIDER_SEGMENTATION,PHASE_5B_CANONICALIZATION,PROVIDER_SEGMENTATION,,106.000;73.000;658.000;1225.000,560669.000
2qD9FzEoqf4Rsihf6kf7,2,vest_on_body,POLYGON,KEEP,CANONICAL_PROVIDER_SEGMENTATION,PHASE_5B_CANONICALIZATION,PROVIDER_SEGMENTATION,,205.000;317.000;426.000;714.000,240282.000
35kJU6sOxBnL8qucfgHx,1,person,POLYGON,KEEP,CANONICAL_PROVIDER_SEGMENTATION,PHASE_5B_CANONICALIZATION,PROVIDER_SEGMENTATION,,393.000;33.000;607.000;941.000,215162.000
35kJU6sOxBnL8qucfgHx,2,helmet_on_head,POLYGON,KEEP,CANONICAL_PROVIDER_SEGMENTATION,PHASE_5B_CANONICALIZATION,PROVIDER_SEGMENTATION,,776.000;30.000;121.000;100.000,7290.000
35kJU6sOxBnL8qucfgHx,3,person,POLYGON,KEEP,CANONICAL_PROVIDER_SEGMENTATION,PHASE_5B_CANONICALIZATION,PROVIDER_SEGMENTATION,,865.000;44.000;292.000;977.000,153050.000
35kJU6sOxBnL8qucfgHx,4,helmet_on_head,POLYGON,KEEP,CANONICAL_PROVIDER_SEGMENTATION,PHASE_5B_CANONICALIZATION,PROVIDER_SEGMENTATION,,950.000;44.000;152.000;93.000,9495.000
3INKyAoeOEbPQKuxINbX,1,vest_on_body,RLE,KEEP,CANONICAL_PROVIDER_SEGMENTATION,PHASE_5B_CANONICALIZATION,PROVIDER_SEGMENTATION,,1072.000;301.000;468.000;642.000,239461.000
3INKyAoeOEbPQKuxINbX,2,vest_on_body,RLE,KEEP,CANONICAL_PROVIDER_SEGMENTATION,PHASE_5B_CANONICALIZATION,PROVIDER_SEGMENTATION,,481.000;499.000;55.000;107.000,3512.000
3INKyAoeOEbPQKuxINbX,3,vest_on_body,RLE,KEEP,CANONICAL_PROVIDER_SEGMENTATION,PHASE_5B_CANONICALIZATION,PROVIDER_SEGMENTATION,,908.000;486.000;88.000;119.000,8289.000
3INKyAoeOEbPQKuxINbX,4,vest_on_body,RLE,KEEP,CANONICAL_PROVIDER_SEGMENTATION,PHASE_5B_CANONICALIZATION,PROVIDER_SEGMENTATION,,391.000;499.000;85.000;140.000,9577.000
3INKyAoeOEbPQKuxINbX,5,vest_on_body,RLE,KEEP,CANONICAL_PROVIDER_SEGMENTATION,PHASE_5B_CANONICALIZATION,PROVIDER_SEGMENTATION,,462.000;476.000;72.000;130.000,5347.000
3INKyAoeOEbPQKuxINbX,6,vest_on_body,RLE,KEEP,CANONICAL_PROVIDER_SEGMENTATION,PHASE_5B_CANONICALIZATION,PROVIDER_SEGMENTATION,,337.000;475.000;73.000;115.000,6023.000
3INKyAoeOEbPQKuxINbX,7,vest_on_body,RLE,KEEP,CANONICAL_PROVIDER_SEGMENTATION,PHASE_5B_CANONICALIZATION,PROVIDER_SEGMENTATION,,0.000;463.000;54.000;150.000,6456.000
3INKyAoeOEbPQKuxINbX,8,person,RLE,KEEP,CANONICAL_PROVIDER_SEGMENTATION,PHASE_5B_CANONICALIZATION,PROVIDER_SEGMENTATION,,851.000;475.000;66.000;169.000,8562.000
3INKyAoeOEbPQKuxINbX,9,person,RLE,KEEP,CANONICAL_PROVIDER_SEGMENTATION,PHASE_5B_CANONICALIZATION,PROVIDER_SEGMENTATION,,117.000;454.000;82.000;236.000,10763.000
3INKyAoeOEbPQKuxINbX,A,person,RLE,KEEP,CANONICAL_PROVIDER_SEGMENTATION,PHASE_5B_CANONICALIZATION,PROVIDER_SEGMENTATION,,942.000;73.000;658.000;994.000,425685.000
3INKyAoeOEbPQKuxINbX,B,person,RLE,KEEP,CANONICAL_PROVIDER_SEGMENTATION,PHASE_5B_CANONICALIZATION,PROVIDER_SEGMENTATION,,724.000;459.000;87.000;242.000,14036.000
3INKyAoeOEbPQKuxINbX,C,person,RLE,KEEP,CANONICAL_PROVIDER_SEGMENTATION,PHASE_5B_CANONICALIZATION,PROVIDER_SEGMENTATION,,0.000;448.000;57.000;325.000,14372.000
3INKyAoeOEbPQKuxINbX,D,person,RLE,KEEP,CANONICAL_PROVIDER_SEGMENTATION,PHASE_5B_CANONICALIZATION,PROVIDER_SEGMENTATION,,328.000;450.000;82.000;275.000,14347.000
3INKyAoeOEbPQKuxINbX,E,person,RLE,KEEP,CANONICAL_PROVIDER_SEGMENTATION,PHASE_5B_CANONICALIZATION,PROVIDER_SEGMENTATION,,64.000;465.000;55.000;242.000,8874.000
3INKyAoeOEbPQKuxINbX,F,person,RLE,KEEP,CANONICAL_PROVIDER_SEGMENTATION,PHASE_5B_CANONICALIZATION,PROVIDER_SEGMENTATION,,718.000;651.000;123.000;215.000,17831.000
3INKyAoeOEbPQKuxINbX,G,person,RLE,KEEP,CANONICAL_PROVIDER_SEGMENTATION,PHASE_5B_CANONICALIZATION,PROVIDER_SEGMENTATION,,461.000;466.000;74.000;243.000,11160.000
3INKyAoeOEbPQKuxINbX,H,person,RLE,KEEP,CANONICAL_PROVIDER_SEGMENTATION,PHASE_5B_CANONICALIZATION,PROVIDER_SEGMENTATION,,524.000;459.000;63.000;183.000,8385.000
3INKyAoeOEbPQKuxINbX,I,person,RLE,KEEP,CANONICAL_PROVIDER_SEGMENTATION,PHASE_5B_CANONICALIZATION,PROVIDER_SEGMENTATION,,390.000;462.000;88.000;314.000,17521.000
3INKyAoeOEbPQKuxINbX,J,person,RLE,KEEP,CANONICAL_PROVIDER_SEGMENTATION,PHASE_5B_CANONICALIZATION,PROVIDER_SEGMENTATION,,1504.000;825.000;96.000;242.000,19774.000
3INKyAoeOEbPQKuxINbX,K,person,RLE,KEEP,CANONICAL_PROVIDER_SEGMENTATION,PHASE_5B_CANONICALIZATION,PROVIDER_SEGMENTATION,,260.000;443.000;82.000;244.000,13537.000
3INKyAoeOEbPQKuxINbX,L,person,RLE,KEEP,CANONICAL_PROVIDER_SEGMENTATION,PHASE_5B_CANONICALIZATION,PROVIDER_SEGMENTATION,,908.000;462.000;89.000;244.000,12171.000
3INKyAoeOEbPQKuxINbX,M,person,RLE,KEEP,CANONICAL_PROVIDER_SEGMENTATION,PHASE_5B_CANONICALIZATION,PROVIDER_SEGMENTATION,,828.000;645.000;140.000;233.000,22772.000
3INKyAoeOEbPQKuxINbX,N,person,RLE,KEEP,CANONICAL_PROVIDER_SEGMENTATION,PHASE_5B_CANONICALIZATION,PROVIDER_SEGMENTATION,,606.000;447.000;97.000;245.000,14818.000
3INKyAoeOEbPQKuxINbX,O,person,RLE,KEEP,CANONICAL_PROVIDER_SEGMENTATION,PHASE_5B_CANONICALIZATION,PROVIDER_SEGMENTATION,,604.000;632.000;153.000;234.000,21947.000
3INKyAoeOEbPQKuxINbX,P,person,RLE,KEEP,CANONICAL_PROVIDER_SEGMENTATION,PHASE_5B_CANONICALIZATION,PROVIDER_SEGMENTATION,,156.000;612.000;152.000;217.000,25851.000
3LUOWEww9aCx2Cx4B38y,1,person,POLYGON,KEEP,CANONICAL_PROVIDER_SEGMENTATION,PHASE_5B_CANONICALIZATION,PROVIDER_SEGMENTATION,,35.000;67.000;199.000;651.000,73803.000
3wdTWWyA3a9YrQ9EfLc9,1,vest_on_body,RLE,KEEP,CANONICAL_PROVIDER_SEGMENTATION,PHASE_5B_CANONICALIZATION,PROVIDER_SEGMENTATION,,127.000;1523.000;1473.000;877.000,1169136.000
3wdTWWyA3a9YrQ9EfLc9,2,helmet_on_head,RLE,KEEP,CANONICAL_PROVIDER_SEGMENTATION,PHASE_5B_CANONICALIZATION,PROVIDER_SEGMENTATION,,240.000;545.000;786.000;689.000,362630.000
3wdTWWyA3a9YrQ9EfLc9,3,person,RLE,KEEP,CANONICAL_PROVIDER_SEGMENTATION,PHASE_5B_CANONICALIZATION,PROVIDER_SEGMENTATION,,0.000;1337.000;239.000;1063.000,130467.000
3wdTWWyA3a9YrQ9EfLc9,4,person,RLE,KEEP,CANONICAL_PROVIDER_SEGMENTATION,PHASE_5B_CANONICALIZATION,PROVIDER_SEGMENTATION,,82.000;546.000;1518.000;1854.000,1799728.000
4UEcuYsspsOsSV0XYgSR,2,helmet_loose,RLE,KEEP,CANONICAL_PROVIDER_SEGMENTATION,PHASE_5B_CANONICALIZATION,PROVIDER_SEGMENTATION,,107.000;45.000;788.000;987.000,634127.000
4XETInqs70Y4H9ry55k3,1,person,POLYGON,KEEP,CANONICAL_PROVIDER_SEGMENTATION,PHASE_5B_CANONICALIZATION,PROVIDER_SEGMENTATION,,594.000;366.000;132.000;432.000,35619.000
4XETInqs70Y4H9ry55k3,2,vest_on_body,POLYGON,KEEP,CANONICAL_PROVIDER_SEGMENTATION,PHASE_5B_CANONICALIZATION,PROVIDER_SEGMENTATION,,618.000;429.000;108.000;163.000,12716.000
4ajEucaVD61th8hqHdux,1,person,POLYGON,KEEP,CANONICAL_PROVIDER_SEGMENTATION,PHASE_5B_CANONICALIZATION,PROVIDER_SEGMENTATION,,308.000;312.000;147.000;406.000,41833.000
4baqXpqm2eXB2CHZWkM9,1,person,RLE,KEEP,CANONICAL_PROVIDER_SEGMENTATION,PHASE_5B_CANONICALIZATION,PROVIDER_SEGMENTATION,,167.000;661.000;41.000;23.000,707.000
4baqXpqm2eXB2CHZWkM9,2,person,RLE,KEEP,CANONICAL_PROVIDER_SEGMENTATION,PHASE_5B_CANONICALIZATION,PROVIDER_SEGMENTATION,,918.000;707.000;250.000;250.000,30128.000
4baqXpqm2eXB2CHZWkM9,3,person,RLE,KEEP,CANONICAL_PROVIDER_SEGMENTATION,PHASE_5B_CANONICALIZATION,PROVIDER_SEGMENTATION,,459.000;709.000;206.000;239.000,18125.000
4baqXpqm2eXB2CHZWkM9,4,person,RLE,KEEP,CANONICAL_PROVIDER_SEGMENTATION,PHASE_5B_CANONICALIZATION,PROVIDER_SEGMENTATION,,639.000;679.000;68.000;39.000,1906.000
4baqXpqm2eXB2CHZWkM9,5,person,RLE,KEEP,CANONICAL_PROVIDER_SEGMENTATION,PHASE_5B_CANONICALIZATION,PROVIDER_SEGMENTATION,,233.000;690.000;107.000;127.000,7808.000
4ezyg6KhKI36ubNpMX1z,1,vest_on_body,RLE,KEEP,CANONICAL_PROVIDER_SEGMENTATION,PHASE_5B_CANONICALIZATION,PROVIDER_SEGMENTATION,,702.000;342.000;185.000;295.000,47621.000
4ezyg6KhKI36ubNpMX1z,2,helmet_on_head,RLE,KEEP,CANONICAL_PROVIDER_SEGMENTATION,PHASE_5B_CANONICALIZATION,PROVIDER_SEGMENTATION,,757.000;237.000;100.000;98.000,7416.000
4ezyg6KhKI36ubNpMX1z,3,person,RLE,KEEP,CANONICAL_PROVIDER_SEGMENTATION,PHASE_5B_CANONICALIZATION,PROVIDER_SEGMENTATION,,702.000;237.000;207.000;711.000,101227.000
5fj7MBBP6mq9NtLfV51m,1,person,POLYGON,KEEP,CANONICAL_PROVIDER_SEGMENTATION,PHASE_5B_CANONICALIZATION,PROVIDER_SEGMENTATION,,158.000;0.000;559.000;718.000,175959.000
5fj7MBBP6mq9NtLfV51m,3,vest_on_body,RLE,KEEP,CANONICAL_PROVIDER_SEGMENTATION,PHASE_5B_CANONICALIZATION,PROVIDER_SEGMENTATION,,159.000;115.000;262.000;424.000,89296.000
5p4hDwmBcrn3EI04GmlA,1,person,POLYGON,KEEP,CANONICAL_PROVIDER_SEGMENTATION,PHASE_5B_CANONICALIZATION,PROVIDER_SEGMENTATION,,0.000;0.000;973.000;1298.000,809378.000
5p4hDwmBcrn3EI04GmlA,2,helmet_on_head,POLYGON,KEEP,CANONICAL_PROVIDER_SEGMENTATION,PHASE_5B_CANONICALIZATION,PROVIDER_SEGMENTATION,,120.000;0.000;633.000;463.000,220755.000
5p4hDwmBcrn3EI04GmlA,5,vest_on_body,POLYGON,KEEP,CANONICAL_PROVIDER_SEGMENTATION,PHASE_5B_CANONICALIZATION,PROVIDER_SEGMENTATION,,593.000;847.000;381.000;452.000,138875.000
5p4hDwmBcrn3EI04GmlA,6,vest_on_body,POLYGON,KEEP,CANONICAL_PROVIDER_SEGMENTATION,PHASE_5B_CANONICALIZATION,PROVIDER_SEGMENTATION,,0.000;816.000;448.000;483.000,122561.000
5tvMIxMJkb5Hp9bD8hBw,1,person,POLYGON,KEEP,CANONICAL_PROVIDER_SEGMENTATION,PHASE_5B_CANONICALIZATION,PROVIDER_SEGMENTATION,,421.000;25.000;657.000;693.000,290185.000
5xqkoD8kcbQ7JWIll2KF,1,vest_on_body,RLE,KEEP,CANONICAL_PROVIDER_SEGMENTATION,PHASE_5B_CANONICALIZATION,PROVIDER_SEGMENTATION,,963.000;535.000;48.000;69.000,2344.000
5xqkoD8kcbQ7JWIll2KF,2,vest_on_body,RLE,KEEP,CANONICAL_PROVIDER_SEGMENTATION,PHASE_5B_CANONICALIZATION,PROVIDER_SEGMENTATION,,692.000;443.000;46.000;60.000,2183.000
5xqkoD8kcbQ7JWIll2KF,3,vest_on_body,RLE,KEEP,CANONICAL_PROVIDER_SEGMENTATION,PHASE_5B_CANONICALIZATION,PROVIDER_SEGMENTATION,,762.000;467.000;52.000;62.000,2124.000
5xqkoD8kcbQ7JWIll2KF,4,vest_on_body,RLE,KEEP,CANONICAL_PROVIDER_SEGMENTATION,PHASE_5B_CANONICALIZATION,PROVIDER_SEGMENTATION,,909.000;509.000;39.000;61.000,1542.000
5xqkoD8kcbQ7JWIll2KF,5,vest_on_body,RLE,KEEP,CANONICAL_PROVIDER_SEGMENTATION,PHASE_5B_CANONICALIZATION,PROVIDER_SEGMENTATION,,1042.000;556.000;53.000;68.000,2455.000
5xqkoD8kcbQ7JWIll2KF,6,vest_on_body,RLE,KEEP,CANONICAL_PROVIDER_SEGMENTATION,PHASE_5B_CANONICALIZATION,PROVIDER_SEGMENTATION,,836.000;485.000;51.000;63.000,1685.000
5xqkoD8kcbQ7JWIll2KF,7,vest_on_body,RLE,KEEP,CANONICAL_PROVIDER_SEGMENTATION,PHASE_5B_CANONICALIZATION,PROVIDER_SEGMENTATION,,619.000;434.000;46.000;57.000,2040.000
5xqkoD8kcbQ7JWIll2KF,8,person,RLE,KEEP,CANONICAL_PROVIDER_SEGMENTATION,PHASE_5B_CANONICALIZATION,PROVIDER_SEGMENTATION,,1346.000;179.000;22.000;51.000,730.000
5xqkoD8kcbQ7JWIll2KF,9,person,RLE,KEEP,CANONICAL_PROVIDER_SEGMENTATION,PHASE_5B_CANONICALIZATION,PROVIDER_SEGMENTATION,,958.000;507.000;58.000;190.000,5742.000
5xqkoD8kcbQ7JWIll2KF,A,person,RLE,KEEP,CANONICAL_PROVIDER_SEGMENTATION,PHASE_5B_CANONICALIZATION,PROVIDER_SEGMENTATION,,691.000;420.000;56.000;156.000,5080.000
5xqkoD8kcbQ7JWIll2KF,B,person,RLE,KEEP,CANONICAL_PROVIDER_SEGMENTATION,PHASE_5B_CANONICALIZATION,PROVIDER_SEGMENTATION,,754.000;445.000;65.000;151.000,6291.000
5xqkoD8kcbQ7JWIll2KF,C,person,RLE,KEEP,CANONICAL_PROVIDER_SEGMENTATION,PHASE_5B_CANONICALIZATION,PROVIDER_SEGMENTATION,,1036.000;527.000;64.000;192.000,7439.000
5xqkoD8kcbQ7JWIll2KF,D,person,RLE,KEEP,CANONICAL_PROVIDER_SEGMENTATION,PHASE_5B_CANONICALIZATION,PROVIDER_SEGMENTATION,,835.000;464.000;56.000;165.000,5956.000
5xqkoD8kcbQ7JWIll2KF,E,person,RLE,KEEP,CANONICAL_PROVIDER_SEGMENTATION,PHASE_5B_CANONICALIZATION,PROVIDER_SEGMENTATION,,613.000;409.000;58.000;159.000,5753.000
5xqkoD8kcbQ7JWIll2KF,F,person,RLE,KEEP,CANONICAL_PROVIDER_SEGMENTATION,PHASE_5B_CANONICALIZATION,PROVIDER_SEGMENTATION,,905.000;485.000;47.000;167.000,4552.000
5xqkoD8kcbQ7JWIll2KF,M,helmet_on_head,RLE,KEEP,CANONICAL_PROVIDER_SEGMENTATION,PHASE_5B_CANONICALIZATION,PROVIDER_SEGMENTATION,,910.000;485.000;21.000;21.000,367.000
5xqkoD8kcbQ7JWIll2KF,L,helmet_on_head,RLE,KEEP,CANONICAL_PROVIDER_SEGMENTATION,PHASE_5B_CANONICALIZATION,PROVIDER_SEGMENTATION,,624.000;409.000;21.000;20.000,326.000
5xqkoD8kcbQ7JWIll2KF,K,helmet_on_head,RLE,KEEP,CANONICAL_PROVIDER_SEGMENTATION,PHASE_5B_CANONICALIZATION,PROVIDER_SEGMENTATION,,1053.000;527.000;30.000;23.000,499.000
5xqkoD8kcbQ7JWIll2KF,J,helmet_on_head,RLE,KEEP,CANONICAL_PROVIDER_SEGMENTATION,PHASE_5B_CANONICALIZATION,PROVIDER_SEGMENTATION,,851.000;463.000;22.000;21.000,371.000
5xqkoD8kcbQ7JWIll2KF,I,helmet_on_head,RLE,KEEP,CANONICAL_PROVIDER_SEGMENTATION,PHASE_5B_CANONICALIZATION,PROVIDER_SEGMENTATION,,774.000;445.000;24.000;21.000,386.000
5xqkoD8kcbQ7JWIll2KF,H,helmet_on_head,RLE,KEEP,CANONICAL_PROVIDER_SEGMENTATION,PHASE_5B_CANONICALIZATION,PROVIDER_SEGMENTATION,,967.000;507.000;27.000;23.000,470.000
5xqkoD8kcbQ7JWIll2KF,O,helmet_on_head,POLYGON,KEEP,CANONICAL_PROVIDER_SEGMENTATION,PHASE_5B_CANONICALIZATION,PROVIDER_SEGMENTATION,,705.000;420.000;18.000;16.000,219.000
5z8XJfD2gto4gT3gwPAK,1,vest_on_body,RLE,KEEP,CANONICAL_PROVIDER_SEGMENTATION,PHASE_5B_CANONICALIZATION,PROVIDER_SEGMENTATION,,462.000;1336.000;577.000;1064.000,276439.000
5z8XJfD2gto4gT3gwPAK,2,person,RLE,KEEP,CANONICAL_PROVIDER_SEGMENTATION,PHASE_5B_CANONICALIZATION,PROVIDER_SEGMENTATION,,1351.000;1357.000;249.000;263.000,39065.000
5z8XJfD2gto4gT3gwPAK,3,person,RLE,KEEP,CANONICAL_PROVIDER_SEGMENTATION,PHASE_5B_CANONICALIZATION,PROVIDER_SEGMENTATION,,465.000;912.000;934.000;1488.000,476372.000
5z8XJfD2gto4gT3gwPAK,5,helmet_on_head,RLE,KEEP,CANONICAL_PROVIDER_SEGMENTATION,PHASE_5B_CANONICALIZATION,PROVIDER_SEGMENTATION,,562.000;909.000;456.000;231.000,67419.000
619mdz3TlcOedTGFv0za,1,person,POLYGON,KEEP,CANONICAL_PROVIDER_SEGMENTATION,PHASE_5B_CANONICALIZATION,PROVIDER_SEGMENTATION,,604.000;260.000;661.000;805.000,299880.000
66p9gzaQFGcmQA2v40Of,1,vest_on_body,POLYGON,KEEP,CANONICAL_PROVIDER_SEGMENTATION,PHASE_5B_CANONICALIZATION,PROVIDER_SEGMENTATION,,191.000;486.000;514.000;768.000,303251.000
66p9gzaQFGcmQA2v40Of,3,person,RLE,KEEP,CANONICAL_PROVIDER_SEGMENTATION,PHASE_5B_CANONICALIZATION,PROVIDER_SEGMENTATION,,152.000;226.000;617.000;1074.000,430092.000
6B8gSWbJYQFfVadXSWxT,2,person,RLE,KEEP,CANONICAL_PROVIDER_SEGMENTATION,PHASE_5B_CANONICALIZATION,PROVIDER_SEGMENTATION,,1023.000;260.000;161.000;320.000,22892.000
6B8gSWbJYQFfVadXSWxT,3,person,RLE,KEEP,CANONICAL_PROVIDER_SEGMENTATION,PHASE_5B_CANONICALIZATION,PROVIDER_SEGMENTATION,,1546.000;842.000;54.000;225.000,7086.000
6B8gSWbJYQFfVadXSWxT,4,person,RLE,KEEP,CANONICAL_PROVIDER_SEGMENTATION,PHASE_5B_CANONICALIZATION,PROVIDER_SEGMENTATION,,1023.000;259.000;258.000;652.000,26085.000
6B8gSWbJYQFfVadXSWxT,5,person,RLE,KEEP,CANONICAL_PROVIDER_SEGMENTATION,PHASE_5B_CANONICALIZATION,PROVIDER_SEGMENTATION,,488.000;112.000;711.000;955.000,479219.000
6R3F7WoZUjSohZEFSgXr,1,person,POLYGON,KEEP,CANONICAL_PROVIDER_SEGMENTATION,PHASE_5B_CANONICALIZATION,PROVIDER_SEGMENTATION,,417.000;145.000;1182.000;1938.000,1485990.000
6ZHpQueANukCh7UeL4s5,1,vest_on_body,RLE,KEEP,CANONICAL_PROVIDER_SEGMENTATION,PHASE_5B_CANONICALIZATION,PROVIDER_SEGMENTATION,,684.000;1013.000;235.000;471.000,57204.000
6ZHpQueANukCh7UeL4s5,2,person,RLE,KEEP,CANONICAL_PROVIDER_SEGMENTATION,PHASE_5B_CANONICALIZATION,PROVIDER_SEGMENTATION,,680.000;921.000;491.000;835.000,125538.000
6ZHpQueANukCh7UeL4s5,3,person,RLE,KEEP,CANONICAL_PROVIDER_SEGMENTATION,PHASE_5B_CANONICALIZATION,PROVIDER_SEGMENTATION,,845.000;1086.000;252.000;344.000,31098.000
6fMvy2k97BSY0a3P9Fbg,1,person,RLE,KEEP,CANONICAL_PROVIDER_SEGMENTATION,PHASE_5B_CANONICALIZATION,PROVIDER_SEGMENTATION,,1246.000;254.000;43.000;69.000,2137.000
6fMvy2k97BSY0a3P9Fbg,2,person,RLE,KEEP,CANONICAL_PROVIDER_SEGMENTATION,PHASE_5B_CANONICALIZATION,PROVIDER_SEGMENTATION,,0.000;199.000;336.000;417.000,11833.000
6fMvy2k97BSY0a3P9Fbg,3,person,RLE,KEEP,CANONICAL_PROVIDER_SEGMENTATION,PHASE_5B_CANONICALIZATION,PROVIDER_SEGMENTATION,,1239.000;254.000;60.000;126.000,4556.000
6fMvy2k97BSY0a3P9Fbg,4,person,RLE,KEEP,CANONICAL_PROVIDER_SEGMENTATION,PHASE_5B_CANONICALIZATION,PROVIDER_SEGMENTATION,,836.000;234.000;764.000;833.000,303658.000
6fMvy2k97BSY0a3P9Fbg,5,person,RLE,KEEP,CANONICAL_PROVIDER_SEGMENTATION,PHASE_5B_CANONICALIZATION,PROVIDER_SEGMENTATION,,0.000;262.000;736.000;803.000,301269.000
6fMvy2k97BSY0a3P9Fbg,6,person,RLE,KEEP,CANONICAL_PROVIDER_SEGMENTATION,PHASE_5B_CANONICALIZATION,PROVIDER_SEGMENTATION,,913.000;245.000;411.000;410.000,85674.000
6fMvy2k97BSY0a3P9Fbg,7,person,RLE,KEEP,CANONICAL_PROVIDER_SEGMENTATION,PHASE_5B_CANONICALIZATION,PROVIDER_SEGMENTATION,,373.000;246.000;252.000;293.000,30932.000
6fMvy2k97BSY0a3P9Fbg,8,person,RLE,KEEP,CANONICAL_PROVIDER_SEGMENTATION,PHASE_5B_CANONICALIZATION,PROVIDER_SEGMENTATION,,72.000;199.000;271.000;492.000,17103.000
6fMvy2k97BSY0a3P9Fbg,9,person,RLE,KEEP,CANONICAL_PROVIDER_SEGMENTATION,PHASE_5B_CANONICALIZATION,PROVIDER_SEGMENTATION,,1323.000;257.000;97.000;79.000,4707.000
6fMvy2k97BSY0a3P9Fbg,A,person,RLE,KEEP,CANONICAL_PROVIDER_SEGMENTATION,PHASE_5B_CANONICALIZATION,PROVIDER_SEGMENTATION,,558.000;278.000;386.000;311.000,54266.000
6fMvy2k97BSY0a3P9Fbg,B,person,RLE,KEEP,CANONICAL_PROVIDER_SEGMENTATION,PHASE_5B_CANONICALIZATION,PROVIDER_SEGMENTATION,,72.000;199.000;228.000;129.000,11266.000
6hEWEvuUeZhYU514UX1O,2,person,RLE,KEEP,CANONICAL_PROVIDER_SEGMENTATION,PHASE_5B_CANONICALIZATION,PROVIDER_SEGMENTATION,,83.000;302.000;1517.000;2098.000,2094109.000
6hpR44qukoBLy0iFwzip,2,helmet_loose,POLYGON,KEEP,CANONICAL_PROVIDER_SEGMENTATION,PHASE_5B_CANONICALIZATION,PROVIDER_SEGMENTATION,,71.000;29.000;533.000;666.000,289331.000
6lWV6Qw0w487DgkyyVX9,1,vest_on_body,POLYGON,KEEP,CANONICAL_PROVIDER_SEGMENTATION,PHASE_5B_CANONICALIZATION,PROVIDER_SEGMENTATION,,261.000;592.000;390.000;636.000,143870.000
6lWV6Qw0w487DgkyyVX9,2,person,POLYGON,KEEP,CANONICAL_PROVIDER_SEGMENTATION,PHASE_5B_CANONICALIZATION,PROVIDER_SEGMENTATION,,67.000;295.000;606.000;1003.000,354594.000
6lWV6Qw0w487DgkyyVX9,3,helmet_on_head,POLYGON,KEEP,CANONICAL_PROVIDER_SEGMENTATION,PHASE_5B_CANONICALIZATION,PROVIDER_SEGMENTATION,,312.000;293.000;292.000;181.000,24385.000
6nPmmdeGSmklKpfLZ04I,1,person,POLYGON,KEEP,CANONICAL_PROVIDER_SEGMENTATION,PHASE_5B_CANONICALIZATION,PROVIDER_SEGMENTATION,,529.000;157.000;218.000;561.000,56334.000
6nPmmdeGSmklKpfLZ04I,2,vest_on_body,POLYGON,KEEP,CANONICAL_PROVIDER_SEGMENTATION,PHASE_5B_CANONICALIZATION,PROVIDER_SEGMENTATION,,602.000;265.000;93.000;234.000,12535.000
6nPmmdeGSmklKpfLZ04I,3,helmet_on_head,POLYGON,KEEP,CANONICAL_PROVIDER_SEGMENTATION,PHASE_5B_CANONICALIZATION,PROVIDER_SEGMENTATION,,553.000;157.000;101.000;61.000,3671.000
6wbVR0oBIJ7D6xM1XfYh,2,person,RLE,KEEP,CANONICAL_PROVIDER_SEGMENTATION,PHASE_5B_CANONICALIZATION,PROVIDER_SEGMENTATION,,0.000;0.000;1754.000;1253.000,1606117.000
6wbVR0oBIJ7D6xM1XfYh,4,vest_on_body,RLE,KEEP,CANONICAL_PROVIDER_SEGMENTATION,PHASE_5B_CANONICALIZATION,PROVIDER_SEGMENTATION,,88.000;328.000;1569.000;925.000,851667.000
6yISFDLTaSrGRErrVKUw,1,helmet_loose,POLYGON,KEEP,CANONICAL_PROVIDER_SEGMENTATION,PHASE_5B_CANONICALIZATION,PROVIDER_SEGMENTATION,,1358.000;774.000;142.000;188.000,21306.000
6yISFDLTaSrGRErrVKUw,2,helmet_loose,POLYGON,KEEP,CANONICAL_PROVIDER_SEGMENTATION,PHASE_5B_CANONICALIZATION,PROVIDER_SEGMENTATION,,1007.000;782.000;118.000;187.000,18029.000
6yISFDLTaSrGRErrVKUw,3,helmet_loose,POLYGON,KEEP,CANONICAL_PROVIDER_SEGMENTATION,PHASE_5B_CANONICALIZATION,PROVIDER_SEGMENTATION,,683.000;809.000;115.000;169.000,15393.000
6yISFDLTaSrGRErrVKUw,4,helmet_loose,POLYGON,KEEP,CANONICAL_PROVIDER_SEGMENTATION,PHASE_5B_CANONICALIZATION,PROVIDER_SEGMENTATION,,1124.000;787.000;114.000;185.000,17230.000
6yISFDLTaSrGRErrVKUw,5,helmet_loose,POLYGON,KEEP,CANONICAL_PROVIDER_SEGMENTATION,PHASE_5B_CANONICALIZATION,PROVIDER_SEGMENTATION,,1236.000;780.000;128.000;187.000,18970.000
6yISFDLTaSrGRErrVKUw,6,helmet_loose,POLYGON,KEEP,CANONICAL_PROVIDER_SEGMENTATION,PHASE_5B_CANONICALIZATION,PROVIDER_SEGMENTATION,,488.000;821.000;109.000;166.000,13891.000
6yISFDLTaSrGRErrVKUw,7,helmet_loose,POLYGON,KEEP,CANONICAL_PROVIDER_SEGMENTATION,PHASE_5B_CANONICALIZATION,PROVIDER_SEGMENTATION,,392.000;837.000;110.000;155.000,12919.000
6yISFDLTaSrGRErrVKUw,8,helmet_loose,POLYGON,KEEP,CANONICAL_PROVIDER_SEGMENTATION,PHASE_5B_CANONICALIZATION,PROVIDER_SEGMENTATION,,587.000;816.000;109.000;167.000,14332.000
6yISFDLTaSrGRErrVKUw,9,helmet_loose,POLYGON,KEEP,CANONICAL_PROVIDER_SEGMENTATION,PHASE_5B_CANONICALIZATION,PROVIDER_SEGMENTATION,,789.000;803.000;116.000;171.000,15741.000
6yISFDLTaSrGRErrVKUw,A,helmet_loose,POLYGON,KEEP,CANONICAL_PROVIDER_SEGMENTATION,PHASE_5B_CANONICALIZATION,PROVIDER_SEGMENTATION,,1247.000;602.000;120.000;180.000,17827.000
6yISFDLTaSrGRErrVKUw,B,helmet_loose,POLYGON,KEEP,CANONICAL_PROVIDER_SEGMENTATION,PHASE_5B_CANONICALIZATION,PROVIDER_SEGMENTATION,,1247.000;429.000;123.000;173.000,17457.000
6yISFDLTaSrGRErrVKUw,C,helmet_loose,POLYGON,KEEP,CANONICAL_PROVIDER_SEGMENTATION,PHASE_5B_CANONICALIZATION,PROVIDER_SEGMENTATION,,300.000;834.000;105.000;160.000,12531.000
6yISFDLTaSrGRErrVKUw,D,helmet_loose,POLYGON,KEEP,CANONICAL_PROVIDER_SEGMENTATION,PHASE_5B_CANONICALIZATION,PROVIDER_SEGMENTATION,,1128.000;609.000;113.000;178.000,16629.000
6yISFDLTaSrGRErrVKUw,E,helmet_loose,POLYGON,KEEP,CANONICAL_PROVIDER_SEGMENTATION,PHASE_5B_CANONICALIZATION,PROVIDER_SEGMENTATION,,1365.000;596.000;141.000;178.000,20234.000
6yISFDLTaSrGRErrVKUw,F,helmet_loose,POLYGON,KEEP,CANONICAL_PROVIDER_SEGMENTATION,PHASE_5B_CANONICALIZATION,PROVIDER_SEGMENTATION,,1133.000;438.000;116.000;171.000,15967.000
6yISFDLTaSrGRErrVKUw,G,helmet_loose,POLYGON,KEEP,CANONICAL_PROVIDER_SEGMENTATION,PHASE_5B_CANONICALIZATION,PROVIDER_SEGMENTATION,,1367.000;416.000;139.000;177.000,19703.000
6yISFDLTaSrGRErrVKUw,H,helmet_loose,POLYGON,KEEP,CANONICAL_PROVIDER_SEGMENTATION,PHASE_5B_CANONICALIZATION,PROVIDER_SEGMENTATION,,597.000;654.000;106.000;162.000,12972.000
6yISFDLTaSrGRErrVKUw,I,helmet_loose,POLYGON,KEEP,CANONICAL_PROVIDER_SEGMENTATION,PHASE_5B_CANONICALIZATION,PROVIDER_SEGMENTATION,,408.000;674.000;96.000;149.000,11156.000
6yISFDLTaSrGRErrVKUw,J,helmet_loose,POLYGON,KEEP,CANONICAL_PROVIDER_SEGMENTATION,PHASE_5B_CANONICALIZATION,PROVIDER_SEGMENTATION,,504.000;499.000;106.000;153.000,12578.000
6yISFDLTaSrGRErrVKUw,K,helmet_loose,POLYGON,KEEP,CANONICAL_PROVIDER_SEGMENTATION,PHASE_5B_CANONICALIZATION,PROVIDER_SEGMENTATION,,412.000;510.000;100.000;147.000,11518.000
6yISFDLTaSrGRErrVKUw,L,helmet_loose,POLYGON,KEEP,CANONICAL_PROVIDER_SEGMENTATION,PHASE_5B_CANONICALIZATION,PROVIDER_SEGMENTATION,,1012.000;616.000;121.000;173.000,16591.000
6yISFDLTaSrGRErrVKUw,M,helmet_loose,POLYGON,KEEP,CANONICAL_PROVIDER_SEGMENTATION,PHASE_5B_CANONICALIZATION,PROVIDER_SEGMENTATION,,907.000;458.000;119.000;172.000,16130.000
6yISFDLTaSrGRErrVKUw,N,helmet_loose,POLYGON,KEEP,CANONICAL_PROVIDER_SEGMENTATION,PHASE_5B_CANONICALIZATION,PROVIDER_SEGMENTATION,,1020.000;447.000;119.000;169.000,16345.000
6yISFDLTaSrGRErrVKUw,O,helmet_loose,POLYGON,KEEP,CANONICAL_PROVIDER_SEGMENTATION,PHASE_5B_CANONICALIZATION,PROVIDER_SEGMENTATION,,495.000;666.000;103.000;161.000,12858.000
6yISFDLTaSrGRErrVKUw,P,helmet_loose,POLYGON,KEEP,CANONICAL_PROVIDER_SEGMENTATION,PHASE_5B_CANONICALIZATION,PROVIDER_SEGMENTATION,,699.000;486.000;114.000;157.000,14010.000
6yISFDLTaSrGRErrVKUw,Q,helmet_loose,POLYGON,KEEP,CANONICAL_PROVIDER_SEGMENTATION,PHASE_5B_CANONICALIZATION,PROVIDER_SEGMENTATION,,805.000;477.000;114.000;155.000,14012.000
6yISFDLTaSrGRErrVKUw,R,helmet_loose,POLYGON,KEEP,CANONICAL_PROVIDER_SEGMENTATION,PHASE_5B_CANONICALIZATION,PROVIDER_SEGMENTATION,,696.000;641.000;107.000;171.000,14066.000
6yISFDLTaSrGRErrVKUw,S,helmet_loose,POLYGON,KEEP,CANONICAL_PROVIDER_SEGMENTATION,PHASE_5B_CANONICALIZATION,PROVIDER_SEGMENTATION,,798.000;636.000;115.000;171.000,15152.000
6yISFDLTaSrGRErrVKUw,T,helmet_loose,POLYGON,KEEP,CANONICAL_PROVIDER_SEGMENTATION,PHASE_5B_CANONICALIZATION,PROVIDER_SEGMENTATION,,905.000;627.000;114.000;169.000,15804.000
6yISFDLTaSrGRErrVKUw,U,helmet_loose,POLYGON,KEEP,CANONICAL_PROVIDER_SEGMENTATION,PHASE_5B_CANONICALIZATION,PROVIDER_SEGMENTATION,,309.000;672.000;108.000;158.000,12869.000
6yISFDLTaSrGRErrVKUw,V,helmet_loose,POLYGON,KEEP,CANONICAL_PROVIDER_SEGMENTATION,PHASE_5B_CANONICALIZATION,PROVIDER_SEGMENTATION,,602.000;495.000;109.000;155.000,12705.000
6yISFDLTaSrGRErrVKUw,W,helmet_loose,POLYGON,KEEP,CANONICAL_PROVIDER_SEGMENTATION,PHASE_5B_CANONICALIZATION,PROVIDER_SEGMENTATION,,313.000;512.000;107.000;163.000,13062.000
6zcUFRrk82e1KtW3sxk6,1,person,POLYGON,KEEP,CANONICAL_PROVIDER_SEGMENTATION,PHASE_5B_CANONICALIZATION,PROVIDER_SEGMENTATION,,184.000;569.000;1415.000;1829.000,1678872.000
6zcUFRrk82e1KtW3sxk6,2,helmet_on_head,POLYGON,KEEP,CANONICAL_PROVIDER_SEGMENTATION,PHASE_5B_CANONICALIZATION,PROVIDER_SEGMENTATION,,626.000;568.000;642.000;505.000,213402.000
70XMYeBZO8t3mAXtu9ke,1,vest_on_body,RLE,KEEP,CANONICAL_PROVIDER_SEGMENTATION,PHASE_5B_CANONICALIZATION,PROVIDER_SEGMENTATION,,978.000;412.000;287.000;447.000,54331.000
70XMYeBZO8t3mAXtu9ke,2,person,RLE,KEEP,CANONICAL_PROVIDER_SEGMENTATION,PHASE_5B_CANONICALIZATION,PROVIDER_SEGMENTATION,,816.000;209.000;530.000;858.000,209940.000
70XMYeBZO8t3mAXtu9ke,4,helmet_on_head,RLE,KEEP,CANONICAL_PROVIDER_SEGMENTATION,PHASE_5B_CANONICALIZATION,PROVIDER_SEGMENTATION,,968.000;208.000;170.000;156.000,19486.000
77sSza06NSDiTCn9F0sb,2,vest_on_body,POLYGON,KEEP,CANONICAL_PROVIDER_SEGMENTATION,PHASE_5B_CANONICALIZATION,PROVIDER_SEGMENTATION,,1166.000;496.000;433.000;569.000,175680.000
77sSza06NSDiTCn9F0sb,4,helmet_on_head,POLYGON,KEEP,CANONICAL_PROVIDER_SEGMENTATION,PHASE_5B_CANONICALIZATION,PROVIDER_SEGMENTATION,,1184.000;192.000;259.000;170.000,30444.000
77sSza06NSDiTCn9F0sb,8,person,RLE,KEEP,CANONICAL_PROVIDER_SEGMENTATION,PHASE_5B_CANONICALIZATION,PROVIDER_SEGMENTATION,,573.000;380.000;494.000;687.000,187768.000
77sSza06NSDiTCn9F0sb,7,person,RLE,KEEP,CANONICAL_PROVIDER_SEGMENTATION,PHASE_5B_CANONICALIZATION,PROVIDER_SEGMENTATION,,146.000;350.000;646.000;717.000,247215.000
77sSza06NSDiTCn9F0sb,6,person,RLE,KEEP,CANONICAL_PROVIDER_SEGMENTATION,PHASE_5B_CANONICALIZATION,PROVIDER_SEGMENTATION,,843.000;192.000;757.000;875.000,308147.000
7Qa4QokXVymOY6hvk9CF,1,person,POLYGON,KEEP,CANONICAL_PROVIDER_SEGMENTATION,PHASE_5B_CANONICALIZATION,PROVIDER_SEGMENTATION,,365.000;284.000;445.000;1014.000,321076.000
7Qa4QokXVymOY6hvk9CF,2,vest_on_body,POLYGON,KEEP,CANONICAL_PROVIDER_SEGMENTATION,PHASE_5B_CANONICALIZATION,PROVIDER_SEGMENTATION,,402.000;461.000;395.000;549.000,125611.000
7VMQ21x6vDuAvoY6Ku2F,1,vest_on_body,RLE,KEEP,CANONICAL_PROVIDER_SEGMENTATION,PHASE_5B_CANONICALIZATION,PROVIDER_SEGMENTATION,,686.000;299.000;488.000;720.000,292697.000
7VMQ21x6vDuAvoY6Ku2F,2,person,RLE,KEEP,CANONICAL_PROVIDER_SEGMENTATION,PHASE_5B_CANONICALIZATION,PROVIDER_SEGMENTATION,,1238.000;118.000;362.000;949.000,214103.000
7VMQ21x6vDuAvoY6Ku2F,3,person,RLE,KEEP,CANONICAL_PROVIDER_SEGMENTATION,PHASE_5B_CANONICALIZATION,PROVIDER_SEGMENTATION,,284.000;209.000;177.000;531.000,58328.000
7VMQ21x6vDuAvoY6Ku2F,4,person,RLE,KEEP,CANONICAL_PROVIDER_SEGMENTATION,PHASE_5B_CANONICALIZATION,PROVIDER_SEGMENTATION,,1209.000;146.000;274.000;734.000,88396.000
7VMQ21x6vDuAvoY6Ku2F,5,person,RLE,KEEP,CANONICAL_PROVIDER_SEGMENTATION,PHASE_5B_CANONICALIZATION,PROVIDER_SEGMENTATION,,686.000;30.000;579.000;1037.000,435405.000
7VMQ21x6vDuAvoY6Ku2F,6,person,RLE,KEEP,CANONICAL_PROVIDER_SEGMENTATION,PHASE_5B_CANONICALIZATION,PROVIDER_SEGMENTATION,,480.000;213.000;165.000;514.000,51922.000
7aLiOz0V7KPglydbD5H7,1,person,POLYGON,KEEP,CANONICAL_PROVIDER_SEGMENTATION,PHASE_5B_CANONICALIZATION,PROVIDER_SEGMENTATION,,423.000;309.000;211.000;633.000,76629.000
7aLiOz0V7KPglydbD5H7,2,person,POLYGON,KEEP,CANONICAL_PROVIDER_SEGMENTATION,PHASE_5B_CANONICALIZATION,PROVIDER_SEGMENTATION,,828.000;356.000;168.000;659.000,50965.000
7aLiOz0V7KPglydbD5H7,3,person,POLYGON,KEEP,CANONICAL_PROVIDER_SEGMENTATION,PHASE_5B_CANONICALIZATION,PROVIDER_SEGMENTATION,,661.000;624.000;175.000;375.000,36703.000
7aLiOz0V7KPglydbD5H7,4,helmet_on_head,POLYGON,KEEP,CANONICAL_PROVIDER_SEGMENTATION,PHASE_5B_CANONICALIZATION,PROVIDER_SEGMENTATION,,828.000;357.000;100.000;74.000,5305.000
7aLiOz0V7KPglydbD5H7,6,helmet_on_head,POLYGON,KEEP,CANONICAL_PROVIDER_SEGMENTATION,PHASE_5B_CANONICALIZATION,PROVIDER_SEGMENTATION,,496.000;308.000;84.000;69.000,4126.000
7aLiOz0V7KPglydbD5H7,7,helmet_on_head,POLYGON,KEEP,CANONICAL_PROVIDER_SEGMENTATION,PHASE_5B_CANONICALIZATION,PROVIDER_SEGMENTATION,,691.000;341.000;82.000;79.000,4585.000
7aLiOz0V7KPglydbD5H7,E,vest_on_body,RLE,KEEP,CANONICAL_PROVIDER_SEGMENTATION,PHASE_5B_CANONICALIZATION,PROVIDER_SEGMENTATION,,673.000;443.000;133.000;222.000,6180.000
7aLiOz0V7KPglydbD5H7,D,vest_on_body,RLE,KEEP,CANONICAL_PROVIDER_SEGMENTATION,PHASE_5B_CANONICALIZATION,PROVIDER_SEGMENTATION,,470.000;411.000;108.000;249.000,11822.000
7aLiOz0V7KPglydbD5H7,C,vest_on_body,RLE,KEEP,CANONICAL_PROVIDER_SEGMENTATION,PHASE_5B_CANONICALIZATION,PROVIDER_SEGMENTATION,,846.000;469.000;153.000;229.000,17976.000
7fuygdEv6dS4UyQgImYj,1,person,POLYGON,KEEP,CANONICAL_PROVIDER_SEGMENTATION,PHASE_5B_CANONICALIZATION,PROVIDER_SEGMENTATION,,553.000;517.000;155.000;445.000,34718.000
7fuygdEv6dS4UyQgImYj,2,person,POLYGON,KEEP,CANONICAL_PROVIDER_SEGMENTATION,PHASE_5B_CANONICALIZATION,PROVIDER_SEGMENTATION,,0.000;536.000;86.000;263.000,13374.000
7fuygdEv6dS4UyQgImYj,3,person,POLYGON,KEEP,CANONICAL_PROVIDER_SEGMENTATION,PHASE_5B_CANONICALIZATION,PROVIDER_SEGMENTATION,,863.000;487.000;112.000;290.000,18350.000
7fuygdEv6dS4UyQgImYj,4,person,POLYGON,KEEP,CANONICAL_PROVIDER_SEGMENTATION,PHASE_5B_CANONICALIZATION,PROVIDER_SEGMENTATION,,421.000;507.000;102.000;253.000,14175.000
7fuygdEv6dS4UyQgImYj,5,vest_on_body,POLYGON,KEEP,CANONICAL_PROVIDER_SEGMENTATION,PHASE_5B_CANONICALIZATION,PROVIDER_SEGMENTATION,,876.000;530.000;84.000;98.000,6376.000
7fuygdEv6dS4UyQgImYj,7,vest_on_body,POLYGON,KEEP,CANONICAL_PROVIDER_SEGMENTATION,PHASE_5B_CANONICALIZATION,PROVIDER_SEGMENTATION,,450.000;543.000;66.000;84.000,4312.000
84V2JE8FINqroFaJRHRL,1,person,POLYGON,KEEP,CANONICAL_PROVIDER_SEGMENTATION,PHASE_5B_CANONICALIZATION,PROVIDER_SEGMENTATION,,542.000;982.000;573.000;1416.000,394228.000
84V2JE8FINqroFaJRHRL,2,vest_on_body,POLYGON,KEEP,CANONICAL_PROVIDER_SEGMENTATION,PHASE_5B_CANONICALIZATION,PROVIDER_SEGMENTATION,,1018.000;1234.000;282.000;629.000,124316.000
84V2JE8FINqroFaJRHRL,3,vest_on_body,POLYGON,KEEP,CANONICAL_PROVIDER_SEGMENTATION,PHASE_5B_CANONICALIZATION,PROVIDER_SEGMENTATION,,676.000;1253.000;440.000;719.000,209867.000
84V2JE8FINqroFaJRHRL,4,person,POLYGON,KEEP,CANONICAL_PROVIDER_SEGMENTATION,PHASE_5B_CANONICALIZATION,PROVIDER_SEGMENTATION,,997.000;1024.000;395.000;1374.000,297218.000
88HbrJU619doTzltW6lx,1,person,RLE,KEEP,CANONICAL_PROVIDER_SEGMENTATION,PHASE_5B_CANONICALIZATION,PROVIDER_SEGMENTATION,,1063.000;231.000;217.000;425.000,36969.000
88HbrJU619doTzltW6lx,2,person,RLE,KEEP,CANONICAL_PROVIDER_SEGMENTATION,PHASE_5B_CANONICALIZATION,PROVIDER_SEGMENTATION,,455.000;383.000;205.000;491.000,36714.000
88HbrJU619doTzltW6lx,3,person,RLE,KEEP,CANONICAL_PROVIDER_SEGMENTATION,PHASE_5B_CANONICALIZATION,PROVIDER_SEGMENTATION,,747.000;145.000;494.000;923.000,278565.000
88HbrJU619doTzltW6lx,4,person,RLE,KEEP,CANONICAL_PROVIDER_SEGMENTATION,PHASE_5B_CANONICALIZATION,PROVIDER_SEGMENTATION,,36.000;391.000;367.000;599.000,49881.000
88HbrJU619doTzltW6lx,5,person,RLE,KEEP,CANONICAL_PROVIDER_SEGMENTATION,PHASE_5B_CANONICALIZATION,PROVIDER_SEGMENTATION,,265.000;384.000;239.000;504.000,47572.000
88HbrJU619doTzltW6lx,6,person,RLE,KEEP,CANONICAL_PROVIDER_SEGMENTATION,PHASE_5B_CANONICALIZATION,PROVIDER_SEGMENTATION,,455.000;383.000;204.000;254.000,33912.000
88HbrJU619doTzltW6lx,7,person,RLE,KEEP,CANONICAL_PROVIDER_SEGMENTATION,PHASE_5B_CANONICALIZATION,PROVIDER_SEGMENTATION,,715.000;400.000;117.000;356.000,4552.000
8ClEJ3kbOB1pz5A9tOlh,9,person,RLE,KEEP,CANONICAL_PROVIDER_SEGMENTATION,PHASE_5B_CANONICALIZATION,PROVIDER_SEGMENTATION,,795.000;253.000;405.000;824.000,153295.000
8ClEJ3kbOB1pz5A9tOlh,8,person,RLE,KEEP,CANONICAL_PROVIDER_SEGMENTATION,PHASE_5B_CANONICALIZATION,PROVIDER_SEGMENTATION,,628.000;167.000;44.000;171.000,5036.000
8ClEJ3kbOB1pz5A9tOlh,B,vest_on_body,RLE,KEEP,CANONICAL_PROVIDER_SEGMENTATION,PHASE_5B_CANONICALIZATION,PROVIDER_SEGMENTATION,,867.000;348.000;278.000;434.000,79044.000
8JoO2wxDSeESnh5SmJpP,1,vest_on_body,RLE,KEEP,CANONICAL_PROVIDER_SEGMENTATION,PHASE_5B_CANONICALIZATION,PROVIDER_SEGMENTATION,,279.000;255.000;853.000;712.000,322350.000
8JoO2wxDSeESnh5SmJpP,2,vest_on_body,RLE,KEEP,CANONICAL_PROVIDER_SEGMENTATION,PHASE_5B_CANONICALIZATION,PROVIDER_SEGMENTATION,,1352.000;10.000;248.000;871.000,145132.000
8JoO2wxDSeESnh5SmJpP,3,vest_on_body,RLE,KEEP,CANONICAL_PROVIDER_SEGMENTATION,PHASE_5B_CANONICALIZATION,PROVIDER_SEGMENTATION,,1011.000;0.000;214.000;656.000,83356.000
8JoO2wxDSeESnh5SmJpP,4,person,RLE,KEEP,CANONICAL_PROVIDER_SEGMENTATION,PHASE_5B_CANONICALIZATION,PROVIDER_SEGMENTATION,,938.000;0.000;344.000;1067.000,183374.000
8JoO2wxDSeESnh5SmJpP,5,person,RLE,KEEP,CANONICAL_PROVIDER_SEGMENTATION,PHASE_5B_CANONICALIZATION,PROVIDER_SEGMENTATION,,0.000;38.000;43.000;751.000,14693.000
8JoO2wxDSeESnh5SmJpP,6,person,RLE,KEEP,CANONICAL_PROVIDER_SEGMENTATION,PHASE_5B_CANONICALIZATION,PROVIDER_SEGMENTATION,,1351.000;3.000;249.000;1064.000,205774.000
8JoO2wxDSeESnh5SmJpP,7,person,RLE,KEEP,CANONICAL_PROVIDER_SEGMENTATION,PHASE_5B_CANONICALIZATION,PROVIDER_SEGMENTATION,,0.000;0.000;136.000;910.000,69213.000
8JoO2wxDSeESnh5SmJpP,8,person,RLE,KEEP,CANONICAL_PROVIDER_SEGMENTATION,PHASE_5B_CANONICALIZATION,PROVIDER_SEGMENTATION,,131.000;0.000;164.000;827.000,76648.000
8JoO2wxDSeESnh5SmJpP,9,person,RLE,KEEP,CANONICAL_PROVIDER_SEGMENTATION,PHASE_5B_CANONICALIZATION,PROVIDER_SEGMENTATION,,284.000;0.000;857.000;1067.000,724672.000
8LgvW2srLb751N5SJDxq,1,person,POLYGON,KEEP,CANONICAL_PROVIDER_SEGMENTATION,PHASE_5B_CANONICALIZATION,PROVIDER_SEGMENTATION,,191.000;127.000;782.000;1171.000,546890.000
8LgvW2srLb751N5SJDxq,2,helmet_on_head,POLYGON,KEEP,CANONICAL_PROVIDER_SEGMENTATION,PHASE_5B_CANONICALIZATION,PROVIDER_SEGMENTATION,,537.000;127.000;290.000;213.000,42776.000
8LgvW2srLb751N5SJDxq,4,vest_on_body,POLYGON,KEEP,CANONICAL_PROVIDER_SEGMENTATION,PHASE_5B_CANONICALIZATION,PROVIDER_SEGMENTATION,,374.000;552.000;558.000;747.000,336003.000
8NK1Ihm4MCS1gRXK4WzH,1,person,POLYGON,KEEP,CANONICAL_PROVIDER_SEGMENTATION,PHASE_5B_CANONICALIZATION,PROVIDER_SEGMENTATION,,186.000;0.000;1271.000;761.000,321226.000
8O2JjSJCb1ylJibwosnA,1,person,POLYGON,KEEP,CANONICAL_PROVIDER_SEGMENTATION,PHASE_5B_CANONICALIZATION,PROVIDER_SEGMENTATION,,630.000;264.000;296.000;861.000,150211.000
8O2JjSJCb1ylJibwosnA,2,vest_on_body,POLYGON,KEEP,CANONICAL_PROVIDER_SEGMENTATION,PHASE_5B_CANONICALIZATION,PROVIDER_SEGMENTATION,,646.000;423.000;230.000;351.000,55420.000
8O2JjSJCb1ylJibwosnA,3,helmet_on_head,POLYGON,KEEP,CANONICAL_PROVIDER_SEGMENTATION,PHASE_5B_CANONICALIZATION,PROVIDER_SEGMENTATION,,669.000;262.000;113.000;96.000,8283.000
8Ru4Ji0Klp7qaNJNZXqv,1,vest_on_body,RLE,KEEP,CANONICAL_PROVIDER_SEGMENTATION,PHASE_5B_CANONICALIZATION,PROVIDER_SEGMENTATION,,668.000;1201.000;309.000;439.000,106895.000
8Ru4Ji0Klp7qaNJNZXqv,2,person,RLE,KEEP,CANONICAL_PROVIDER_SEGMENTATION,PHASE_5B_CANONICALIZATION,PROVIDER_SEGMENTATION,,1129.000;1276.000;77.000;266.000,11673.000
8Ru4Ji0Klp7qaNJNZXqv,3,person,RLE,KEEP,CANONICAL_PROVIDER_SEGMENTATION,PHASE_5B_CANONICALIZATION,PROVIDER_SEGMENTATION,,445.000;931.000;388.000;1244.000,116923.000
8Ru4Ji0Klp7qaNJNZXqv,4,person,RLE,KEEP,CANONICAL_PROVIDER_SEGMENTATION,PHASE_5B_CANONICALIZATION,PROVIDER_SEGMENTATION,,391.000;1211.000;193.000;796.000,75845.000
8Ru4Ji0Klp7qaNJNZXqv,5,person,RLE,KEEP,CANONICAL_PROVIDER_SEGMENTATION,PHASE_5B_CANONICALIZATION,PROVIDER_SEGMENTATION,,600.000;1009.000;451.000;1400.000,384958.000
8Ru4Ji0Klp7qaNJNZXqv,6,person,RLE,KEEP,CANONICAL_PROVIDER_SEGMENTATION,PHASE_5B_CANONICALIZATION,PROVIDER_SEGMENTATION,,1092.000;1302.000;44.000;58.000,1793.000
8kz63cbCBKbeeiebv7po,2,person,RLE,KEEP,CANONICAL_PROVIDER_SEGMENTATION,PHASE_5B_CANONICALIZATION,PROVIDER_SEGMENTATION,,0.000;184.000;1600.000;2216.000,2596040.000
9ImTEhfk6VqdMSI01r6x,3,helmet_loose,RLE,KEEP,CANONICAL_PROVIDER_SEGMENTATION,PHASE_5B_CANONICALIZATION,PROVIDER_SEGMENTATION,,390.000;758.000;1010.000;634.000,352857.000
9RMi9YBhKa1nLz3ugIma,1,vest_on_body,RLE,KEEP,CANONICAL_PROVIDER_SEGMENTATION,PHASE_5B_CANONICALIZATION,PROVIDER_SEGMENTATION,,706.000;1043.000;239.000;308.000,52756.000
9RMi9YBhKa1nLz3ugIma,2,person,RLE,KEEP,CANONICAL_PROVIDER_SEGMENTATION,PHASE_5B_CANONICALIZATION,PROVIDER_SEGMENTATION,,655.000;913.000;362.000;909.000,186986.000
9T2zKDdtXzGyeq44pjGp,1,person,RLE,KEEP,CANONICAL_PROVIDER_SEGMENTATION,PHASE_5B_CANONICALIZATION,PROVIDER_SEGMENTATION,,804.000;626.000;492.000;1748.000,547154.000
9T2zKDdtXzGyeq44pjGp,2,person,RLE,KEEP,CANONICAL_PROVIDER_SEGMENTATION,PHASE_5B_CANONICALIZATION,PROVIDER_SEGMENTATION,,281.000;680.000;527.000;1677.000,541529.000
9V8ayqofeUijfaI5tMrr,1,person,POLYGON,KEEP,CANONICAL_PROVIDER_SEGMENTATION,PHASE_5B_CANONICALIZATION,PROVIDER_SEGMENTATION,,364.000;198.000;501.000;645.000,114441.000
9V8ayqofeUijfaI5tMrr,2,person,POLYGON,KEEP,CANONICAL_PROVIDER_SEGMENTATION,PHASE_5B_CANONICALIZATION,PROVIDER_SEGMENTATION,,780.000;252.000;584.000;698.000,236179.000
9V8ayqofeUijfaI5tMrr,3,helmet_on_head,POLYGON,KEEP,CANONICAL_PROVIDER_SEGMENTATION,PHASE_5B_CANONICALIZATION,PROVIDER_SEGMENTATION,,831.000;252.000;261.000;188.000,29210.000
9V8ayqofeUijfaI5tMrr,4,helmet_on_head,POLYGON,KEEP,CANONICAL_PROVIDER_SEGMENTATION,PHASE_5B_CANONICALIZATION,PROVIDER_SEGMENTATION,,538.000;198.000;224.000;165.000,25915.000
9V8ayqofeUijfaI5tMrr,5,vest_on_body,POLYGON,KEEP,CANONICAL_PROVIDER_SEGMENTATION,PHASE_5B_CANONICALIZATION,PROVIDER_SEGMENTATION,,850.000;520.000;515.000;429.000,90509.000
9V8ayqofeUijfaI5tMrr,6,vest_on_body,POLYGON,KEEP,CANONICAL_PROVIDER_SEGMENTATION,PHASE_5B_CANONICALIZATION,PROVIDER_SEGMENTATION,,683.000;523.000;143.000;306.000,18315.000
9VzteFV9D5SnmZlhQHfL,1,person,POLYGON,KEEP,CANONICAL_PROVIDER_SEGMENTATION,PHASE_5B_CANONICALIZATION,PROVIDER_SEGMENTATION,,1115.000;205.000;481.000;1048.000,229226.000
9VzteFV9D5SnmZlhQHfL,4,vest_on_body,RLE,KEEP,CANONICAL_PROVIDER_SEGMENTATION,PHASE_5B_CANONICALIZATION,PROVIDER_SEGMENTATION,,1108.000;488.000;440.000;767.000,107207.000
9jEW0aifcZKM5bRlaCWY,2,helmet_loose,POLYGON,KEEP,CANONICAL_PROVIDER_SEGMENTATION,PHASE_5B_CANONICALIZATION,PROVIDER_SEGMENTATION,,128.000;113.000;311.000;613.000,71510.000
9jEW0aifcZKM5bRlaCWY,3,helmet_loose,POLYGON,KEEP,CANONICAL_PROVIDER_SEGMENTATION,PHASE_5B_CANONICALIZATION,PROVIDER_SEGMENTATION,,234.000;163.000;42.000;36.000,1062.000
9uyGbpRuvoK6FWsiIhGx,1,helmet_on_head,POLYGON,KEEP,CANONICAL_PROVIDER_SEGMENTATION,PHASE_5B_CANONICALIZATION,PROVIDER_SEGMENTATION,,649.000;330.000;162.000;105.000,9810.000
9uyGbpRuvoK6FWsiIhGx,2,person,POLYGON,KEEP,CANONICAL_PROVIDER_SEGMENTATION,PHASE_5B_CANONICALIZATION,PROVIDER_SEGMENTATION,,530.000;331.000;380.000;734.000,162561.000
9uyGbpRuvoK6FWsiIhGx,3,person,POLYGON,KEEP,CANONICAL_PROVIDER_SEGMENTATION,PHASE_5B_CANONICALIZATION,PROVIDER_SEGMENTATION,,1147.000;192.000;164.000;175.000,12222.000
9uyGbpRuvoK6FWsiIhGx,5,vest_on_body,RLE,KEEP,CANONICAL_PROVIDER_SEGMENTATION,PHASE_5B_CANONICALIZATION,PROVIDER_SEGMENTATION,,567.000;449.000;345.000;550.000,126229.000
9xNY90loilCLVSX84iwp,1,person,POLYGON,KEEP,CANONICAL_PROVIDER_SEGMENTATION,PHASE_5B_CANONICALIZATION,PROVIDER_SEGMENTATION,,0.000;582.000;1555.000;1816.000,1826170.000
9xNY90loilCLVSX84iwp,2,helmet_on_head,POLYGON,KEEP,CANONICAL_PROVIDER_SEGMENTATION,PHASE_5B_CANONICALIZATION,PROVIDER_SEGMENTATION,,411.000;577.000;719.000;552.000,291318.000
A2iSTnVfTHioOl73tkQd,1,helmet_on_head,RLE,KEEP,CANONICAL_PROVIDER_SEGMENTATION,PHASE_5B_CANONICALIZATION,PROVIDER_SEGMENTATION,,775.000;686.000;120.000;130.000,9660.000
A2iSTnVfTHioOl73tkQd,2,person,RLE,KEEP,CANONICAL_PROVIDER_SEGMENTATION,PHASE_5B_CANONICALIZATION,PROVIDER_SEGMENTATION,,680.000;596.000;101.000;262.000,17332.000
A2iSTnVfTHioOl73tkQd,3,person,RLE,KEEP,CANONICAL_PROVIDER_SEGMENTATION,PHASE_5B_CANONICALIZATION,PROVIDER_SEGMENTATION,,678.000;497.000;140.000;218.000,22435.000
A2iSTnVfTHioOl73tkQd,4,person,RLE,KEEP,CANONICAL_PROVIDER_SEGMENTATION,PHASE_5B_CANONICALIZATION,PROVIDER_SEGMENTATION,,704.000;686.000;246.000;575.000,61568.000
AIAwqRIKtkrSOj8atqNs,1,person,POLYGON,KEEP,CANONICAL_PROVIDER_SEGMENTATION,PHASE_5B_CANONICALIZATION,PROVIDER_SEGMENTATION,,590.000;613.000;663.000;638.000,217478.000
AIAwqRIKtkrSOj8atqNs,2,vest_on_body,POLYGON,KEEP,CANONICAL_PROVIDER_SEGMENTATION,PHASE_5B_CANONICALIZATION,PROVIDER_SEGMENTATION,,684.000;857.000;384.000;394.000,107356.000
AIAwqRIKtkrSOj8atqNs,3,helmet_on_head,POLYGON,KEEP,CANONICAL_PROVIDER_SEGMENTATION,PHASE_5B_CANONICALIZATION,PROVIDER_SEGMENTATION,,727.000;611.000;186.000;143.000,12743.000
Ai3fqVHdn3cSDpuEaa5l,1,person,POLYGON,KEEP,CANONICAL_PROVIDER_SEGMENTATION,PHASE_5B_CANONICALIZATION,PROVIDER_SEGMENTATION,,222.000;431.000;422.000;634.000,116702.000
Ai3fqVHdn3cSDpuEaa5l,2,helmet_on_head,POLYGON,KEEP,CANONICAL_PROVIDER_SEGMENTATION,PHASE_5B_CANONICALIZATION,PROVIDER_SEGMENTATION,,407.000;430.000;168.000;115.000,9483.000
Ais9TUGiL1MJDTRdjVnE,1,helmet_loose,POLYGON,KEEP,CANONICAL_PROVIDER_SEGMENTATION,PHASE_5B_CANONICALIZATION,PROVIDER_SEGMENTATION,,347.000;566.000;158.000;144.000,15896.000
AvvR6iF4C7rqEdb4F2SB,1,person,POLYGON,KEEP,CANONICAL_PROVIDER_SEGMENTATION,PHASE_5B_CANONICALIZATION,PROVIDER_SEGMENTATION,,867.000;285.000;573.000;966.000,241030.000
B28mQjiO7iQrGNpLEnKa,1,person,RLE,KEEP,CANONICAL_PROVIDER_SEGMENTATION,PHASE_5B_CANONICALIZATION,PROVIDER_SEGMENTATION,,80.000;445.000;1375.000;1952.000,1360319.000
B28mQjiO7iQrGNpLEnKa,3,helmet_loose,RLE,KEEP,CANONICAL_PROVIDER_SEGMENTATION,PHASE_5B_CANONICALIZATION,PROVIDER_SEGMENTATION,,798.000;1389.000;442.000;329.000,104396.000
B2QiCIntf9RxLHCBKmVy,1,person,POLYGON,KEEP,CANONICAL_PROVIDER_SEGMENTATION,PHASE_5B_CANONICALIZATION,PROVIDER_SEGMENTATION,,261.000;1017.000;639.000;1087.000,460934.000
B2QiCIntf9RxLHCBKmVy,2,vest_on_body,POLYGON,KEEP,CANONICAL_PROVIDER_SEGMENTATION,PHASE_5B_CANONICALIZATION,PROVIDER_SEGMENTATION,,312.000;1240.000;326.000;289.000,36253.000
B2QiCIntf9RxLHCBKmVy,3,helmet_on_head,POLYGON,KEEP,CANONICAL_PROVIDER_SEGMENTATION,PHASE_5B_CANONICALIZATION,PROVIDER_SEGMENTATION,,496.000;1018.000;211.000;187.000,25747.000
B2QiCIntf9RxLHCBKmVy,4,person,POLYGON,KEEP,CANONICAL_PROVIDER_SEGMENTATION,PHASE_5B_CANONICALIZATION,PROVIDER_SEGMENTATION,,742.000;1108.000;102.000;153.000,7428.000
B2znvjHzOOKJdNuzNnwo,1,person,POLYGON,KEEP,CANONICAL_PROVIDER_SEGMENTATION,PHASE_5B_CANONICALIZATION,PROVIDER_SEGMENTATION,,97.000;258.000;357.000;1040.000,261107.000
B2znvjHzOOKJdNuzNnwo,2,helmet_on_head,POLYGON,KEEP,CANONICAL_PROVIDER_SEGMENTATION,PHASE_5B_CANONICALIZATION,PROVIDER_SEGMENTATION,,221.000;258.000;180.000;143.000,17699.000
B2znvjHzOOKJdNuzNnwo,3,vest_on_body,POLYGON,KEEP,CANONICAL_PROVIDER_SEGMENTATION,PHASE_5B_CANONICALIZATION,PROVIDER_SEGMENTATION,,97.000;463.000;297.000;501.000,86225.000
B809pvlQ32XXT2akrDG5,1,person,POLYGON,KEEP,CANONICAL_PROVIDER_SEGMENTATION,PHASE_5B_CANONICALIZATION,PROVIDER_SEGMENTATION,,688.000;0.000;911.000;639.000,358712.000
B809pvlQ32XXT2akrDG5,2,person,POLYGON,KEEP,CANONICAL_PROVIDER_SEGMENTATION,PHASE_5B_CANONICALIZATION,PROVIDER_SEGMENTATION,,0.000;0.000;800.000;1065.000,362706.000
BFG4pp4pV1WkTUQUDVvc,1,vest_on_body,POLYGON,KEEP,CANONICAL_PROVIDER_SEGMENTATION,PHASE_5B_CANONICALIZATION,PROVIDER_SEGMENTATION,,291.000;448.000;369.000;503.000,76987.000
BFG4pp4pV1WkTUQUDVvc,5,person,RLE,KEEP,CANONICAL_PROVIDER_SEGMENTATION,PHASE_5B_CANONICALIZATION,PROVIDER_SEGMENTATION,,159.000;310.000;500.000;919.000,206432.000
BKQc0VOlqhWGIuqGozuK,1,helmet_loose,POLYGON,KEEP,CANONICAL_PROVIDER_SEGMENTATION,PHASE_5B_CANONICALIZATION,PROVIDER_SEGMENTATION,,693.000;460.000;576.000;367.000,149815.000
BTDhw7BCTG4sfwnaraKa,1,vest_on_body,RLE,KEEP,CANONICAL_PROVIDER_SEGMENTATION,PHASE_5B_CANONICALIZATION,PROVIDER_SEGMENTATION,,118.000;1388.000;1118.000;1012.000,559368.000
BTDhw7BCTG4sfwnaraKa,2,person,RLE,KEEP,CANONICAL_PROVIDER_SEGMENTATION,PHASE_5B_CANONICALIZATION,PROVIDER_SEGMENTATION,,118.000;988.000;1335.000;1412.000,907904.000
BZkvs1U3ZhiNDdJ7EitR,1,helmet_loose,POLYGON,KEEP,CANONICAL_PROVIDER_SEGMENTATION,PHASE_5B_CANONICALIZATION,PROVIDER_SEGMENTATION,,699.000;279.000;857.000;715.000,430355.000
BgmyvUGHmaKd9YGpEfYd,1,person,POLYGON,KEEP,CANONICAL_PROVIDER_SEGMENTATION,PHASE_5B_CANONICALIZATION,PROVIDER_SEGMENTATION,,221.000;391.000;392.000;907.000,207917.000
BgmyvUGHmaKd9YGpEfYd,2,vest_on_body,POLYGON,KEEP,CANONICAL_PROVIDER_SEGMENTATION,PHASE_5B_CANONICALIZATION,PROVIDER_SEGMENTATION,,298.000;547.000;242.000;382.000,66500.000
BgmyvUGHmaKd9YGpEfYd,3,helmet_on_head,POLYGON,KEEP,CANONICAL_PROVIDER_SEGMENTATION,PHASE_5B_CANONICALIZATION,PROVIDER_SEGMENTATION,,361.000;391.000;154.000;95.000,10024.000
BhdMkBrR1P1zUTVq9DaC,1,person,POLYGON,KEEP,CANONICAL_PROVIDER_SEGMENTATION,PHASE_5B_CANONICALIZATION,PROVIDER_SEGMENTATION,,173.000;168.000;206.000;387.000,57405.000
BhdMkBrR1P1zUTVq9DaC,4,helmet_loose,RLE,KEEP,CANONICAL_PROVIDER_SEGMENTATION,PHASE_5B_CANONICALIZATION,PROVIDER_SEGMENTATION,,540.000;201.000;85.000;94.000,5862.000
BqslKEg23m8hmDaQGJMo,1,helmet_on_head,POLYGON,KEEP,CANONICAL_PROVIDER_SEGMENTATION,PHASE_5B_CANONICALIZATION,PROVIDER_SEGMENTATION,,378.000;29.000;816.000;651.000,308885.000
BqslKEg23m8hmDaQGJMo,2,person,POLYGON,KEEP,CANONICAL_PROVIDER_SEGMENTATION,PHASE_5B_CANONICALIZATION,PROVIDER_SEGMENTATION,,109.000;28.000;1086.000;1270.000,879801.000
BqslKEg23m8hmDaQGJMo,8,vest_on_body,POLYGON,KEEP,CANONICAL_PROVIDER_SEGMENTATION,PHASE_5B_CANONICALIZATION,PROVIDER_SEGMENTATION,,109.000;1043.000;637.000;256.000,91214.000
BqslKEg23m8hmDaQGJMo,9,vest_on_body,POLYGON,KEEP,CANONICAL_PROVIDER_SEGMENTATION,PHASE_5B_CANONICALIZATION,PROVIDER_SEGMENTATION,,792.000;1076.000;193.000;223.000,22830.000
BwtdnuFIdhZLIWJuO3BZ,1,person,POLYGON,KEEP,CANONICAL_PROVIDER_SEGMENTATION,PHASE_5B_CANONICALIZATION,PROVIDER_SEGMENTATION,,322.000;55.000;385.000;995.000,172650.000
CDbWzCeakwV73xXd2qlq,1,person,POLYGON,KEEP,CANONICAL_PROVIDER_SEGMENTATION,PHASE_5B_CANONICALIZATION,PROVIDER_SEGMENTATION,,132.000;476.000;531.000;822.000,249721.000
CDbWzCeakwV73xXd2qlq,2,helmet_on_head,POLYGON,KEEP,CANONICAL_PROVIDER_SEGMENTATION,PHASE_5B_CANONICALIZATION,PROVIDER_SEGMENTATION,,281.000;477.000;192.000;132.000,12583.000
CDbWzCeakwV73xXd2qlq,5,vest_on_body,POLYGON,KEEP,CANONICAL_PROVIDER_SEGMENTATION,PHASE_5B_CANONICALIZATION,PROVIDER_SEGMENTATION,,406.000;710.000;178.000;221.000,25923.000
CDbWzCeakwV73xXd2qlq,6,vest_on_body,POLYGON,KEEP,CANONICAL_PROVIDER_SEGMENTATION,PHASE_5B_CANONICALIZATION,PROVIDER_SEGMENTATION,,227.000;754.000;92.000;41.000,2069.000
CDbWzCeakwV73xXd2qlq,7,vest_on_body,POLYGON,KEEP,CANONICAL_PROVIDER_SEGMENTATION,PHASE_5B_CANONICALIZATION,PROVIDER_SEGMENTATION,,366.000;923.000;232.000;358.000,54639.000
CDbWzCeakwV73xXd2qlq,8,vest_on_body,POLYGON,KEEP,CANONICAL_PROVIDER_SEGMENTATION,PHASE_5B_CANONICALIZATION,PROVIDER_SEGMENTATION,,191.000;954.000;63.000;305.000,9387.000
CF4PPPCAZgulnXoSl3hj,1,person,POLYGON,KEEP,CANONICAL_PROVIDER_SEGMENTATION,PHASE_5B_CANONICALIZATION,PROVIDER_SEGMENTATION,,412.000;937.000;566.000;1461.000,569740.000
CF4PPPCAZgulnXoSl3hj,2,person,POLYGON,KEEP,CANONICAL_PROVIDER_SEGMENTATION,PHASE_5B_CANONICALIZATION,PROVIDER_SEGMENTATION,,1019.000;850.000;580.000;1548.000,610490.000
CF4PPPCAZgulnXoSl3hj,4,helmet_on_head,POLYGON,KEEP,CANONICAL_PROVIDER_SEGMENTATION,PHASE_5B_CANONICALIZATION,PROVIDER_SEGMENTATION,,598.000;937.000;296.000;201.000,39640.000
CF4PPPCAZgulnXoSl3hj,5,helmet_on_head,POLYGON,KEEP,CANONICAL_PROVIDER_SEGMENTATION,PHASE_5B_CANONICALIZATION,PROVIDER_SEGMENTATION,,1344.000;850.000;255.000;320.000,51248.000
CF4PPPCAZgulnXoSl3hj,8,vest_on_body,RLE,KEEP,CANONICAL_PROVIDER_SEGMENTATION,PHASE_5B_CANONICALIZATION,PROVIDER_SEGMENTATION,,1178.000;1408.000;422.000;992.000,347456.000
CF4PPPCAZgulnXoSl3hj,7,vest_on_body,RLE,KEEP,CANONICAL_PROVIDER_SEGMENTATION,PHASE_5B_CANONICALIZATION,PROVIDER_SEGMENTATION,,426.000;1238.000;456.000;788.000,240286.000
CGks86YYT3ldFKEyDmBe,1,person,POLYGON,KEEP,CANONICAL_PROVIDER_SEGMENTATION,PHASE_5B_CANONICALIZATION,PROVIDER_SEGMENTATION,,665.000;0.000;614.000;852.000,371006.000
CM5yr8YHsaaoIdidqtnU,1,vest_on_body,POLYGON,KEEP,CANONICAL_PROVIDER_SEGMENTATION,PHASE_5B_CANONICALIZATION,PROVIDER_SEGMENTATION,,504.000;376.000;74.000;101.000,5453.000
CM5yr8YHsaaoIdidqtnU,3,person,RLE,KEEP,CANONICAL_PROVIDER_SEGMENTATION,PHASE_5B_CANONICALIZATION,PROVIDER_SEGMENTATION,,490.000;353.000;107.000;129.000,8977.000
CSJxc0owYRXzhKLvpTQ9,1,person,POLYGON,KEEP,CANONICAL_PROVIDER_SEGMENTATION,PHASE_5B_CANONICALIZATION,PROVIDER_SEGMENTATION,,823.000;0.000;776.000;1065.000,472798.000
CVIS4alNHovwaIjoYMxe,1,person,POLYGON,KEEP,CANONICAL_PROVIDER_SEGMENTATION,PHASE_5B_CANONICALIZATION,PROVIDER_SEGMENTATION,,1153.000;102.000;280.000;609.000,67393.000
Cd1T5uyp8ZPWDdHbg0nr,1,person,RLE,KEEP,CANONICAL_PROVIDER_SEGMENTATION,PHASE_5B_CANONICALIZATION,PROVIDER_SEGMENTATION,,862.000;0.000;738.000;975.000,316699.000
Cd1T5uyp8ZPWDdHbg0nr,2,person,RLE,KEEP,CANONICAL_PROVIDER_SEGMENTATION,PHASE_5B_CANONICALIZATION,PROVIDER_SEGMENTATION,,0.000;157.000;437.000;693.000,185741.000
Cd1T5uyp8ZPWDdHbg0nr,3,person,RLE,KEEP,CANONICAL_PROVIDER_SEGMENTATION,PHASE_5B_CANONICALIZATION,PROVIDER_SEGMENTATION,,803.000;100.000;536.000;810.000,244722.000
Cd1T5uyp8ZPWDdHbg0nr,4,person,RLE,KEEP,CANONICAL_PROVIDER_SEGMENTATION,PHASE_5B_CANONICALIZATION,PROVIDER_SEGMENTATION,,373.000;3.000;503.000;769.000,262027.000
CoVIro6CIADvOn5LnoQw,1,person,POLYGON,KEEP,CANONICAL_PROVIDER_SEGMENTATION,PHASE_5B_CANONICALIZATION,PROVIDER_SEGMENTATION,,0.000;0.000;1599.000;2398.000,3294392.000
CoVIro6CIADvOn5LnoQw,4,helmet_on_head,RLE,KEEP,CANONICAL_PROVIDER_SEGMENTATION,PHASE_5B_CANONICALIZATION,PROVIDER_SEGMENTATION,,154.000;0.000;1437.000;783.000,626977.000
D2TlRBeF3Z3XnwTXgwdf,1,vest_on_body,RLE,KEEP,CANONICAL_PROVIDER_SEGMENTATION,PHASE_5B_CANONICALIZATION,PROVIDER_SEGMENTATION,,289.000;615.000;410.000;389.000,111175.000
D2TlRBeF3Z3XnwTXgwdf,2,vest_on_body,RLE,KEEP,CANONICAL_PROVIDER_SEGMENTATION,PHASE_5B_CANONICALIZATION,PROVIDER_SEGMENTATION,,688.000;755.000;317.000;312.000,65445.000
D2TlRBeF3Z3XnwTXgwdf,3,person,RLE,KEEP,CANONICAL_PROVIDER_SEGMENTATION,PHASE_5B_CANONICALIZATION,PROVIDER_SEGMENTATION,,288.000;464.000;414.000;603.000,151659.000
D2TlRBeF3Z3XnwTXgwdf,4,person,RLE,KEEP,CANONICAL_PROVIDER_SEGMENTATION,PHASE_5B_CANONICALIZATION,PROVIDER_SEGMENTATION,,674.000;559.000;331.000;508.000,112848.000
D2TlRBeF3Z3XnwTXgwdf,8,helmet_on_head,POLYGON,KEEP,CANONICAL_PROVIDER_SEGMENTATION,PHASE_5B_CANONICALIZATION,PROVIDER_SEGMENTATION,,440.000;463.000;175.000;134.000,17081.000
D2TlRBeF3Z3XnwTXgwdf,9,helmet_on_head,POLYGON,KEEP,CANONICAL_PROVIDER_SEGMENTATION,PHASE_5B_CANONICALIZATION,PROVIDER_SEGMENTATION,,752.000;559.000;173.000;157.000,20793.000
DErEbvqFZXpWqvCNQa9N,1,person,POLYGON,KEEP,CANONICAL_PROVIDER_SEGMENTATION,PHASE_5B_CANONICALIZATION,PROVIDER_SEGMENTATION,,288.000;251.000;535.000;1550.000,469849.000
DErEbvqFZXpWqvCNQa9N,2,helmet_on_head,POLYGON,KEEP,CANONICAL_PROVIDER_SEGMENTATION,PHASE_5B_CANONICALIZATION,PROVIDER_SEGMENTATION,,331.000;263.000;224.000;214.000,35088.000
DOt8L8n8BNwvRpo1BFy7,5,person,RLE,KEEP,CANONICAL_PROVIDER_SEGMENTATION,PHASE_5B_CANONICALIZATION,PROVIDER_SEGMENTATION,,541.000;0.000;137.000;243.000,13524.000
DOt8L8n8BNwvRpo1BFy7,4,person,RLE,KEEP,CANONICAL_PROVIDER_SEGMENTATION,PHASE_5B_CANONICALIZATION,PROVIDER_SEGMENTATION,,1019.000;234.000;107.000;313.000,18927.000
DQK6LrJqCXecgKPqH5UV,1,person,POLYGON,KEEP,CANONICAL_PROVIDER_SEGMENTATION,PHASE_5B_CANONICALIZATION,PROVIDER_SEGMENTATION,,426.000;137.000;509.000;926.000,285897.000
DQK6LrJqCXecgKPqH5UV,2,helmet_on_head,POLYGON,KEEP,CANONICAL_PROVIDER_SEGMENTATION,PHASE_5B_CANONICALIZATION,PROVIDER_SEGMENTATION,,576.000;134.000;174.000;164.000,10065.000
DRtY5eg2m6BkQJHYfMJy,1,person,POLYGON,KEEP,CANONICAL_PROVIDER_SEGMENTATION,PHASE_5B_CANONICALIZATION,PROVIDER_SEGMENTATION,,224.000;317.000;529.000;661.000,175470.000
DRtY5eg2m6BkQJHYfMJy,2,helmet_on_head,POLYGON,KEEP,CANONICAL_PROVIDER_SEGMENTATION,PHASE_5B_CANONICALIZATION,PROVIDER_SEGMENTATION,,511.000;313.000;123.000;136.000,6616.000
DY7f9eSSIqF3cejIv59H,1,person,RLE,KEEP,CANONICAL_PROVIDER_SEGMENTATION,PHASE_5B_CANONICALIZATION,PROVIDER_SEGMENTATION,,1202.000;716.000;398.000;351.000,69387.000
DY7f9eSSIqF3cejIv59H,2,person,RLE,KEEP,CANONICAL_PROVIDER_SEGMENTATION,PHASE_5B_CANONICALIZATION,PROVIDER_SEGMENTATION,,1248.000;406.000;197.000;319.000,43351.000
DY7f9eSSIqF3cejIv59H,3,person,RLE,KEEP,CANONICAL_PROVIDER_SEGMENTATION,PHASE_5B_CANONICALIZATION,PROVIDER_SEGMENTATION,,213.000;393.000;200.000;389.000,32630.000
DY7f9eSSIqF3cejIv59H,4,person,RLE,KEEP,CANONICAL_PROVIDER_SEGMENTATION,PHASE_5B_CANONICALIZATION,PROVIDER_SEGMENTATION,,16.000;411.000;818.000;653.000,152189.000
DY7f9eSSIqF3cejIv59H,5,person,RLE,KEEP,CANONICAL_PROVIDER_SEGMENTATION,PHASE_5B_CANONICALIZATION,PROVIDER_SEGMENTATION,,952.000;342.000;181.000;251.000,25612.000
DY7f9eSSIqF3cejIv59H,6,person,RLE,KEEP,CANONICAL_PROVIDER_SEGMENTATION,PHASE_5B_CANONICALIZATION,PROVIDER_SEGMENTATION,,41.000;187.000;197.000;251.000,29051.000
DcP4LlxYQwLImU646IZ7,1,person,POLYGON,KEEP,CANONICAL_PROVIDER_SEGMENTATION,PHASE_5B_CANONICALIZATION,PROVIDER_SEGMENTATION,,533.000;515.000;157.000;457.000,40657.000
DcP4LlxYQwLImU646IZ7,2,helmet_on_head,POLYGON,KEEP,CANONICAL_PROVIDER_SEGMENTATION,PHASE_5B_CANONICALIZATION,PROVIDER_SEGMENTATION,,578.000;514.000;61.000;38.000,1524.000
DcP4LlxYQwLImU646IZ7,3,vest_on_body,POLYGON,KEEP,CANONICAL_PROVIDER_SEGMENTATION,PHASE_5B_CANONICALIZATION,PROVIDER_SEGMENTATION,,552.000;599.000;49.000;139.000,4777.000
DcP4LlxYQwLImU646IZ7,4,vest_on_body,POLYGON,KEEP,CANONICAL_PROVIDER_SEGMENTATION,PHASE_5B_CANONICALIZATION,PROVIDER_SEGMENTATION,,645.000;613.000;32.000;139.000,2072.000
Df656VZ1wmrTjmmkqq3j,1,person,POLYGON,KEEP,CANONICAL_PROVIDER_SEGMENTATION,PHASE_5B_CANONICALIZATION,PROVIDER_SEGMENTATION,,198.000;361.000;1026.000;1637.000,979628.000
DiZN18wef1vuHh6pVvtI,2,helmet_loose,POLYGON,KEEP,CANONICAL_PROVIDER_SEGMENTATION,PHASE_5B_CANONICALIZATION,PROVIDER_SEGMENTATION,,629.000;44.000;358.000;491.000,84779.000
Dl8EqAh6dPQw7Dq34TlH,1,helmet_loose,POLYGON,KEEP,CANONICAL_PROVIDER_SEGMENTATION,PHASE_5B_CANONICALIZATION,PROVIDER_SEGMENTATION,,65.000;122.000;479.000;421.000,150923.000
Dl8EqAh6dPQw7Dq34TlH,2,vest_on_body,POLYGON,KEEP,CANONICAL_PROVIDER_SEGMENTATION,PHASE_5B_CANONICALIZATION,PROVIDER_SEGMENTATION,,0.000;0.000;400.000;718.000,160166.000
Dl8EqAh6dPQw7Dq34TlH,4,person,RLE,KEEP,CANONICAL_PROVIDER_SEGMENTATION,PHASE_5B_CANONICALIZATION,PROVIDER_SEGMENTATION,,0.000;0.000;612.000;719.000,175098.000
Dny3q3vJmCFOBIzhGir1,1,person,POLYGON,KEEP,CANONICAL_PROVIDER_SEGMENTATION,PHASE_5B_CANONICALIZATION,PROVIDER_SEGMENTATION,,297.000;127.000;767.000;938.000,470161.000
Dny3q3vJmCFOBIzhGir1,2,helmet_on_head,POLYGON,KEEP,CANONICAL_PROVIDER_SEGMENTATION,PHASE_5B_CANONICALIZATION,PROVIDER_SEGMENTATION,,491.000;127.000;509.000;472.000,167405.000
EMcfZIuO2gmvi4krBUxS,7,person,POLYGON,KEEP,CANONICAL_PROVIDER_SEGMENTATION,PHASE_5B_CANONICALIZATION,PROVIDER_SEGMENTATION,,250.000;7.000;224.000;548.000,77093.000
EMcfZIuO2gmvi4krBUxS,6,person,POLYGON,KEEP,CANONICAL_PROVIDER_SEGMENTATION,PHASE_5B_CANONICALIZATION,PROVIDER_SEGMENTATION,,361.000;668.000;121.000;184.000,18700.000
EMcfZIuO2gmvi4krBUxS,8,vest_on_body,POLYGON,KEEP,CANONICAL_PROVIDER_SEGMENTATION,PHASE_5B_CANONICALIZATION,PROVIDER_SEGMENTATION,,317.000;136.000;153.000;118.000,12567.000
EMcfZIuO2gmvi4krBUxS,9,vest_on_body,POLYGON,KEEP,CANONICAL_PROVIDER_SEGMENTATION,PHASE_5B_CANONICALIZATION,PROVIDER_SEGMENTATION,,301.000;262.000;172.000;186.000,29301.000
EMcfZIuO2gmvi4krBUxS,B,helmet_on_head,POLYGON,KEEP,CANONICAL_PROVIDER_SEGMENTATION,PHASE_5B_CANONICALIZATION,PROVIDER_SEGMENTATION,,383.000;6.000;81.000;73.000,4221.000
EdR5Rau43iqKaPKbjsHM,1,person,POLYGON,KEEP,CANONICAL_PROVIDER_SEGMENTATION,PHASE_5B_CANONICALIZATION,PROVIDER_SEGMENTATION,,0.000;124.000;973.000;1174.000,765000.000
EdR5Rau43iqKaPKbjsHM,4,vest_on_body,RLE,KEEP,CANONICAL_PROVIDER_SEGMENTATION,PHASE_5B_CANONICALIZATION,PROVIDER_SEGMENTATION,,139.000;525.000;792.000;775.000,480923.000
F75mTbxKUV3DbBpuTvZq,1,vest_on_body,RLE,KEEP,CANONICAL_PROVIDER_SEGMENTATION,PHASE_5B_CANONICALIZATION,PROVIDER_SEGMENTATION,,61.000;560.000;524.000;500.000,23950.000
F75mTbxKUV3DbBpuTvZq,2,helmet_on_head,RLE,KEEP,CANONICAL_PROVIDER_SEGMENTATION,PHASE_5B_CANONICALIZATION,PROVIDER_SEGMENTATION,,281.000;88.000;610.000;388.000,123158.000
F75mTbxKUV3DbBpuTvZq,3,person,RLE,KEEP,CANONICAL_PROVIDER_SEGMENTATION,PHASE_5B_CANONICALIZATION,PROVIDER_SEGMENTATION,,1106.000;0.000;412.000;965.000,250503.000
F75mTbxKUV3DbBpuTvZq,4,person,RLE,KEEP,CANONICAL_PROVIDER_SEGMENTATION,PHASE_5B_CANONICALIZATION,PROVIDER_SEGMENTATION,,63.000;89.000;1186.000;969.000,446254.000
F9BUOPsajE69txpyePoP,1,vest_on_body,RLE,KEEP,CANONICAL_PROVIDER_SEGMENTATION,PHASE_5B_CANONICALIZATION,PROVIDER_SEGMENTATION,,1172.000;0.000;428.000;926.000,208817.000
F9BUOPsajE69txpyePoP,2,vest_on_body,RLE,KEEP,CANONICAL_PROVIDER_SEGMENTATION,PHASE_5B_CANONICALIZATION,PROVIDER_SEGMENTATION,,0.000;0.000;371.000;1035.000,217749.000
F9BUOPsajE69txpyePoP,3,person,RLE,KEEP,CANONICAL_PROVIDER_SEGMENTATION,PHASE_5B_CANONICALIZATION,PROVIDER_SEGMENTATION,,606.000;0.000;994.000;1068.000,442514.000
F9BUOPsajE69txpyePoP,4,person,RLE,KEEP,CANONICAL_PROVIDER_SEGMENTATION,PHASE_5B_CANONICALIZATION,PROVIDER_SEGMENTATION,,0.000;0.000;804.000;1068.000,429946.000
F9BUOPsajE69txpyePoP,6,helmet_loose,RLE,KEEP,CANONICAL_PROVIDER_SEGMENTATION,PHASE_5B_CANONICALIZATION,PROVIDER_SEGMENTATION,,1359.000;76.000;241.000;326.000,64926.000
FBzxttXYsNSZKcVNofUI,1,person,POLYGON,KEEP,CANONICAL_PROVIDER_SEGMENTATION,PHASE_5B_CANONICALIZATION,PROVIDER_SEGMENTATION,,160.000;149.000;206.000;467.000,44330.000
FBzxttXYsNSZKcVNofUI,2,person,POLYGON,KEEP,CANONICAL_PROVIDER_SEGMENTATION,PHASE_5B_CANONICALIZATION,PROVIDER_SEGMENTATION,,413.000;201.000;172.000;463.000,43309.000
FBzxttXYsNSZKcVNofUI,3,person,POLYGON,KEEP,CANONICAL_PROVIDER_SEGMENTATION,PHASE_5B_CANONICALIZATION,PROVIDER_SEGMENTATION,,585.000;214.000;145.000;500.000,45612.000
FbZqQM7gZbTKYNSbQPNc,1,vest_on_body,RLE,KEEP,CANONICAL_PROVIDER_SEGMENTATION,PHASE_5B_CANONICALIZATION,PROVIDER_SEGMENTATION,,804.000;676.000;328.000;607.000,110702.000
FbZqQM7gZbTKYNSbQPNc,2,vest_on_body,RLE,KEEP,CANONICAL_PROVIDER_SEGMENTATION,PHASE_5B_CANONICALIZATION,PROVIDER_SEGMENTATION,,342.000;828.000;378.000;547.000,142786.000
FbZqQM7gZbTKYNSbQPNc,3,helmet_on_head,RLE,KEEP,CANONICAL_PROVIDER_SEGMENTATION,PHASE_5B_CANONICALIZATION,PROVIDER_SEGMENTATION,,410.000;662.000;187.000;140.000,12603.000
FbZqQM7gZbTKYNSbQPNc,4,helmet_on_head,RLE,KEEP,CANONICAL_PROVIDER_SEGMENTATION,PHASE_5B_CANONICALIZATION,PROVIDER_SEGMENTATION,,788.000;436.000;208.000;180.000,16888.000
FbZqQM7gZbTKYNSbQPNc,5,person,RLE,KEEP,CANONICAL_PROVIDER_SEGMENTATION,PHASE_5B_CANONICALIZATION,PROVIDER_SEGMENTATION,,791.000;438.000;341.000;1652.000,318290.000
FbZqQM7gZbTKYNSbQPNc,6,person,RLE,KEEP,CANONICAL_PROVIDER_SEGMENTATION,PHASE_5B_CANONICALIZATION,PROVIDER_SEGMENTATION,,747.000;1283.000;154.000;555.000,26067.000
FbZqQM7gZbTKYNSbQPNc,7,person,RLE,KEEP,CANONICAL_PROVIDER_SEGMENTATION,PHASE_5B_CANONICALIZATION,PROVIDER_SEGMENTATION,,287.000;664.000;602.000;1389.000,371545.000
FbZqQM7gZbTKYNSbQPNc,8,person,RLE,KEEP,CANONICAL_PROVIDER_SEGMENTATION,PHASE_5B_CANONICALIZATION,PROVIDER_SEGMENTATION,,397.000;1473.000;253.000;532.000,39602.000
FbZqQM7gZbTKYNSbQPNc,9,person,RLE,KEEP,CANONICAL_PROVIDER_SEGMENTATION,PHASE_5B_CANONICALIZATION,PROVIDER_SEGMENTATION,,1015.000;1412.000;73.000;615.000,21264.000
Fclex3JhZn6KA5UzhPqs,1,person,POLYGON,KEEP,CANONICAL_PROVIDER_SEGMENTATION,PHASE_5B_CANONICALIZATION,PROVIDER_SEGMENTATION,,356.000;632.000;1020.000;1766.000,1185860.000
Fclex3JhZn6KA5UzhPqs,2,vest_on_body,POLYGON,KEEP,CANONICAL_PROVIDER_SEGMENTATION,PHASE_5B_CANONICALIZATION,PROVIDER_SEGMENTATION,,492.000;1015.000;649.000;978.000,366112.000
Fclex3JhZn6KA5UzhPqs,3,helmet_loose,POLYGON,KEEP,CANONICAL_PROVIDER_SEGMENTATION,PHASE_5B_CANONICALIZATION,PROVIDER_SEGMENTATION,,769.000;1471.000;389.000;360.000,82002.000
FdDCioACvsve0FOYsuw2,4,vest_on_body,RLE,KEEP,CANONICAL_PROVIDER_SEGMENTATION,PHASE_5B_CANONICALIZATION,PROVIDER_SEGMENTATION,,336.000;400.000;424.000;694.000,170862.000
FdDCioACvsve0FOYsuw2,6,person,RLE,KEEP,CANONICAL_PROVIDER_SEGMENTATION,PHASE_5B_CANONICALIZATION,PROVIDER_SEGMENTATION,,325.000;165.000;692.000;1090.000,347242.000
FnmvDGwRQ2lAaLFhuOWQ,1,person,POLYGON,KEEP,CANONICAL_PROVIDER_SEGMENTATION,PHASE_5B_CANONICALIZATION,PROVIDER_SEGMENTATION,,224.000;0.000;1059.000;1066.000,722637.000
FnmvDGwRQ2lAaLFhuOWQ,2,helmet_on_head,POLYGON,KEEP,CANONICAL_PROVIDER_SEGMENTATION,PHASE_5B_CANONICALIZATION,PROVIDER_SEGMENTATION,,322.000;0.000;462.000;292.000,92107.000
Foo1oq3oHF7pBhTWKpnL,1,person,POLYGON,KEEP,CANONICAL_PROVIDER_SEGMENTATION,PHASE_5B_CANONICALIZATION,PROVIDER_SEGMENTATION,,122.000;93.000;844.000;1205.000,621098.000
Foo1oq3oHF7pBhTWKpnL,2,vest_on_body,POLYGON,KEEP,CANONICAL_PROVIDER_SEGMENTATION,PHASE_5B_CANONICALIZATION,PROVIDER_SEGMENTATION,,228.000;449.000;571.000;849.000,375523.000
Foo1oq3oHF7pBhTWKpnL,3,helmet_loose,POLYGON,KEEP,CANONICAL_PROVIDER_SEGMENTATION,PHASE_5B_CANONICALIZATION,PROVIDER_SEGMENTATION,,501.000;842.000;305.000;390.000,90670.000
FxSzogHP5qjTmbBVRQ5K,1,person,POLYGON,KEEP,CANONICAL_PROVIDER_SEGMENTATION,PHASE_5B_CANONICALIZATION,PROVIDER_SEGMENTATION,,202.000;293.000;450.000;866.000,150722.000
FxSzogHP5qjTmbBVRQ5K,2,person,POLYGON,KEEP,CANONICAL_PROVIDER_SEGMENTATION,PHASE_5B_CANONICALIZATION,PROVIDER_SEGMENTATION,,547.000;175.000;170.000;299.000,28941.000
FxSzogHP5qjTmbBVRQ5K,3,vest_on_body,POLYGON,KEEP,CANONICAL_PROVIDER_SEGMENTATION,PHASE_5B_CANONICALIZATION,PROVIDER_SEGMENTATION,,243.000;422.000;189.000;329.000,48439.000
FyyZcyYXsPHz2XgfCwAs,1,person,POLYGON,KEEP,CANONICAL_PROVIDER_SEGMENTATION,PHASE_5B_CANONICALIZATION,PROVIDER_SEGMENTATION,,621.000;1252.000;302.000;461.000,75867.000
FyyZcyYXsPHz2XgfCwAs,2,helmet_on_head,POLYGON,KEEP,CANONICAL_PROVIDER_SEGMENTATION,PHASE_5B_CANONICALIZATION,PROVIDER_SEGMENTATION,,723.000;1249.000;101.000;69.000,4232.000
FyyZcyYXsPHz2XgfCwAs,3,vest_on_body,POLYGON,KEEP,CANONICAL_PROVIDER_SEGMENTATION,PHASE_5B_CANONICALIZATION,PROVIDER_SEGMENTATION,,680.000;1375.000;180.000;249.000,34924.000
G4gekWExHFiC5oxkqJg6,1,person,RLE,KEEP,CANONICAL_PROVIDER_SEGMENTATION,PHASE_5B_CANONICALIZATION,PROVIDER_SEGMENTATION,,1381.000;326.000;219.000;465.000,32881.000
G4gekWExHFiC5oxkqJg6,2,person,RLE,KEEP,CANONICAL_PROVIDER_SEGMENTATION,PHASE_5B_CANONICALIZATION,PROVIDER_SEGMENTATION,,193.000;357.000;471.000;632.000,129664.000
G4gekWExHFiC5oxkqJg6,3,person,RLE,KEEP,CANONICAL_PROVIDER_SEGMENTATION,PHASE_5B_CANONICALIZATION,PROVIDER_SEGMENTATION,,1087.000;347.000;271.000;400.000,69215.000
G4gekWExHFiC5oxkqJg6,4,person,RLE,KEEP,CANONICAL_PROVIDER_SEGMENTATION,PHASE_5B_CANONICALIZATION,PROVIDER_SEGMENTATION,,269.000;171.000;256.000;375.000,39431.000
G4gekWExHFiC5oxkqJg6,5,person,RLE,KEEP,CANONICAL_PROVIDER_SEGMENTATION,PHASE_5B_CANONICALIZATION,PROVIDER_SEGMENTATION,,545.000;408.000;805.000;659.000,244556.000
G4gekWExHFiC5oxkqJg6,6,person,RLE,KEEP,CANONICAL_PROVIDER_SEGMENTATION,PHASE_5B_CANONICALIZATION,PROVIDER_SEGMENTATION,,594.000;204.000;201.000;450.000,50206.000
G6t1yK9gNn0LIS4hbciD,1,person,POLYGON,KEEP,CANONICAL_PROVIDER_SEGMENTATION,PHASE_5B_CANONICALIZATION,PROVIDER_SEGMENTATION,,353.000;0.000;1081.000;1065.000,677075.000
G6t1yK9gNn0LIS4hbciD,2,vest_on_body,POLYGON,KEEP,CANONICAL_PROVIDER_SEGMENTATION,PHASE_5B_CANONICALIZATION,PROVIDER_SEGMENTATION,,795.000;98.000;638.000;680.000,216690.000
GAAQsDQ6cH9YB5cJ6aHb,1,vest_on_body,RLE,KEEP,CANONICAL_PROVIDER_SEGMENTATION,PHASE_5B_CANONICALIZATION,PROVIDER_SEGMENTATION,,478.000;453.000;309.000;230.000,30815.000
GAAQsDQ6cH9YB5cJ6aHb,2,helmet_on_head,RLE,KEEP,CANONICAL_PROVIDER_SEGMENTATION,PHASE_5B_CANONICALIZATION,PROVIDER_SEGMENTATION,,807.000;475.000;148.000;173.000,16146.000
GAAQsDQ6cH9YB5cJ6aHb,3,person,RLE,KEEP,CANONICAL_PROVIDER_SEGMENTATION,PHASE_5B_CANONICALIZATION,PROVIDER_SEGMENTATION,,121.000;453.000;834.000;449.000,169156.000
GF2RQ1mpGBJzlTjKoCHR,1,vest_on_body,RLE,KEEP,CANONICAL_PROVIDER_SEGMENTATION,PHASE_5B_CANONICALIZATION,PROVIDER_SEGMENTATION,,1028.000;400.000;400.000;445.000,85271.000
GF2RQ1mpGBJzlTjKoCHR,2,vest_on_body,RLE,KEEP,CANONICAL_PROVIDER_SEGMENTATION,PHASE_5B_CANONICALIZATION,PROVIDER_SEGMENTATION,,389.000;357.000;443.000;684.000,136567.000
GF2RQ1mpGBJzlTjKoCHR,3,helmet_on_head,RLE,KEEP,CANONICAL_PROVIDER_SEGMENTATION,PHASE_5B_CANONICALIZATION,PROVIDER_SEGMENTATION,,480.000;26.000;320.000;233.000,49956.000
GF2RQ1mpGBJzlTjKoCHR,4,helmet_on_head,RLE,KEEP,CANONICAL_PROVIDER_SEGMENTATION,PHASE_5B_CANONICALIZATION,PROVIDER_SEGMENTATION,,1049.000;89.000;300.000;230.000,45537.000
GF2RQ1mpGBJzlTjKoCHR,5,person,RLE,KEEP,CANONICAL_PROVIDER_SEGMENTATION,PHASE_5B_CANONICALIZATION,PROVIDER_SEGMENTATION,,937.000;90.000;663.000;973.000,345628.000
GF2RQ1mpGBJzlTjKoCHR,6,person,RLE,KEEP,CANONICAL_PROVIDER_SEGMENTATION,PHASE_5B_CANONICALIZATION,PROVIDER_SEGMENTATION,,306.000;26.000;599.000;1041.000,428276.000
GI3xss1sRRS18wHohAkx,1,person,POLYGON,KEEP,CANONICAL_PROVIDER_SEGMENTATION,PHASE_5B_CANONICALIZATION,PROVIDER_SEGMENTATION,,183.000;362.000;403.000;609.000,129218.000
GI3xss1sRRS18wHohAkx,2,vest_on_body,POLYGON,KEEP,CANONICAL_PROVIDER_SEGMENTATION,PHASE_5B_CANONICALIZATION,PROVIDER_SEGMENTATION,,183.000;584.000;249.000;292.000,34186.000
GKGcxwlCacsz6brHHLRV,1,helmet_loose,POLYGON,KEEP,CANONICAL_PROVIDER_SEGMENTATION,PHASE_5B_CANONICALIZATION,PROVIDER_SEGMENTATION,,520.000;637.000;1079.000;1028.000,846962.000
Gbgzj50ZzCdiYvoAOmpo,1,vest_on_body,POLYGON,KEEP,CANONICAL_PROVIDER_SEGMENTATION,PHASE_5B_CANONICALIZATION,PROVIDER_SEGMENTATION,,449.000;569.000;494.000;684.000,246561.000
Gbgzj50ZzCdiYvoAOmpo,2,person,POLYGON,KEEP,CANONICAL_PROVIDER_SEGMENTATION,PHASE_5B_CANONICALIZATION,PROVIDER_SEGMENTATION,,450.000;168.000;1068.000;1085.000,488203.000
GgFocHO8SbtIBUGEFc8E,2,person,RLE,KEEP,CANONICAL_PROVIDER_SEGMENTATION,PHASE_5B_CANONICALIZATION,PROVIDER_SEGMENTATION,,410.000;626.000;309.000;220.000,26212.000
GpEW4sBKjwFabVZSUq2b,2,helmet_on_head,POLYGON,KEEP,CANONICAL_PROVIDER_SEGMENTATION,PHASE_5B_CANONICALIZATION,PROVIDER_SEGMENTATION,,881.000;1010.000;291.000;286.000,64334.000
GpEW4sBKjwFabVZSUq2b,3,helmet_on_head,POLYGON,KEEP,CANONICAL_PROVIDER_SEGMENTATION,PHASE_5B_CANONICALIZATION,PROVIDER_SEGMENTATION,,349.000;823.000;281.000;234.000,51318.000
GpEW4sBKjwFabVZSUq2b,7,person,RLE,KEEP,CANONICAL_PROVIDER_SEGMENTATION,PHASE_5B_CANONICALIZATION,PROVIDER_SEGMENTATION,,84.000;818.000;666.000;1582.000,759649.000
GpEW4sBKjwFabVZSUq2b,6,person,RLE,KEEP,CANONICAL_PROVIDER_SEGMENTATION,PHASE_5B_CANONICALIZATION,PROVIDER_SEGMENTATION,,743.000;1004.000;629.000;1396.000,671009.000
GpEW4sBKjwFabVZSUq2b,A,vest_on_body,RLE,KEEP,CANONICAL_PROVIDER_SEGMENTATION,PHASE_5B_CANONICALIZATION,PROVIDER_SEGMENTATION,,133.000;1154.000;582.000;833.000,421090.000
GpEW4sBKjwFabVZSUq2b,9,vest_on_body,RLE,KEEP,CANONICAL_PROVIDER_SEGMENTATION,PHASE_5B_CANONICALIZATION,PROVIDER_SEGMENTATION,,766.000;1355.000;574.000;900.000,435818.000
Gu6rHBgSwUF5mwFa6lfI,1,person,POLYGON,KEEP,CANONICAL_PROVIDER_SEGMENTATION,PHASE_5B_CANONICALIZATION,PROVIDER_SEGMENTATION,,961.000;369.000;292.000;540.000,71381.000
H6Qo9zKVlWVMqPD3713Z,2,person,POLYGON,KEEP,CANONICAL_PROVIDER_SEGMENTATION,PHASE_5B_CANONICALIZATION,PROVIDER_SEGMENTATION,,638.000;726.000;64.000;47.000,2350.000
HKL8h8X9rHt0XCXlAVNL,1,vest_on_body,RLE,KEEP,CANONICAL_PROVIDER_SEGMENTATION,PHASE_5B_CANONICALIZATION,PROVIDER_SEGMENTATION,,961.000;347.000;427.000;679.000,149894.000
HKL8h8X9rHt0XCXlAVNL,2,person,RLE,KEEP,CANONICAL_PROVIDER_SEGMENTATION,PHASE_5B_CANONICALIZATION,PROVIDER_SEGMENTATION,,769.000;29.000;657.000;1039.000,360715.000
HKL8h8X9rHt0XCXlAVNL,4,helmet_on_head,RLE,KEEP,CANONICAL_PROVIDER_SEGMENTATION,PHASE_5B_CANONICALIZATION,PROVIDER_SEGMENTATION,,995.000;27.000;247.000;169.000,22339.000
HQnZU6tMxbfwgxWzc8mt,1,helmet_loose,POLYGON,KEEP,CANONICAL_PROVIDER_SEGMENTATION,PHASE_5B_CANONICALIZATION,PROVIDER_SEGMENTATION,,553.000;428.000;424.000;329.000,98302.000
HU0eUY9BAn3Cnsxt7y4r,1,person,POLYGON,KEEP,CANONICAL_PROVIDER_SEGMENTATION,PHASE_5B_CANONICALIZATION,PROVIDER_SEGMENTATION,,486.000;466.000;370.000;575.000,88138.000
HY3Mq3OzeaAt6PXtTxKq,1,person,POLYGON,KEEP,CANONICAL_PROVIDER_SEGMENTATION,PHASE_5B_CANONICALIZATION,PROVIDER_SEGMENTATION,,372.000;125.000;1104.000;999.000,704977.000
HY3Mq3OzeaAt6PXtTxKq,5,helmet_loose,POLYGON,KEEP,CANONICAL_PROVIDER_SEGMENTATION,PHASE_5B_CANONICALIZATION,PROVIDER_SEGMENTATION,,387.000;363.000;514.000;425.000,122515.000
HYb9stwdqDCKBBrTeTLe,1,vest_on_body,RLE,KEEP,CANONICAL_PROVIDER_SEGMENTATION,PHASE_5B_CANONICALIZATION,PROVIDER_SEGMENTATION,,951.000;626.000;649.000;441.000,178113.000
HYb9stwdqDCKBBrTeTLe,2,person,RLE,KEEP,CANONICAL_PROVIDER_SEGMENTATION,PHASE_5B_CANONICALIZATION,PROVIDER_SEGMENTATION,,791.000;207.000;809.000;860.000,415389.000
HYb9stwdqDCKBBrTeTLe,4,helmet_on_head,RLE,KEEP,CANONICAL_PROVIDER_SEGMENTATION,PHASE_5B_CANONICALIZATION,PROVIDER_SEGMENTATION,,790.000;206.000;589.000;396.000,88871.000
HYomb2CyhaWUoXglExmz,1,vest_on_body,RLE,KEEP,CANONICAL_PROVIDER_SEGMENTATION,PHASE_5B_CANONICALIZATION,PROVIDER_SEGMENTATION,,1108.000;487.000;484.000;580.000,176717.000
HYomb2CyhaWUoXglExmz,2,vest_on_body,RLE,KEEP,CANONICAL_PROVIDER_SEGMENTATION,PHASE_5B_CANONICALIZATION,PROVIDER_SEGMENTATION,,87.000;470.000;511.000;594.000,138588.000
HYomb2CyhaWUoXglExmz,3,vest_on_body,RLE,KEEP,CANONICAL_PROVIDER_SEGMENTATION,PHASE_5B_CANONICALIZATION,PROVIDER_SEGMENTATION,,358.000;576.000;935.000;486.000,75275.000
HYomb2CyhaWUoXglExmz,4,vest_on_body,RLE,KEEP,CANONICAL_PROVIDER_SEGMENTATION,PHASE_5B_CANONICALIZATION,PROVIDER_SEGMENTATION,,598.000;488.000;230.000;270.000,25564.000
HYomb2CyhaWUoXglExmz,5,person,RLE,KEEP,CANONICAL_PROVIDER_SEGMENTATION,PHASE_5B_CANONICALIZATION,PROVIDER_SEGMENTATION,,1108.000;254.000;484.000;813.000,235028.000
HYomb2CyhaWUoXglExmz,6,person,RLE,KEEP,CANONICAL_PROVIDER_SEGMENTATION,PHASE_5B_CANONICALIZATION,PROVIDER_SEGMENTATION,,87.000;259.000;512.000;806.000,210815.000
HYomb2CyhaWUoXglExmz,7,person,RLE,KEEP,CANONICAL_PROVIDER_SEGMENTATION,PHASE_5B_CANONICALIZATION,PROVIDER_SEGMENTATION,,598.000;329.000;229.000;429.000,48973.000
HYomb2CyhaWUoXglExmz,8,person,RLE,KEEP,CANONICAL_PROVIDER_SEGMENTATION,PHASE_5B_CANONICALIZATION,PROVIDER_SEGMENTATION,,257.000;366.000;1035.000;697.000,133339.000
HYomb2CyhaWUoXglExmz,D,helmet_on_head,RLE,KEEP,CANONICAL_PROVIDER_SEGMENTATION,PHASE_5B_CANONICALIZATION,PROVIDER_SEGMENTATION,,678.000;329.000;127.000;86.000,7596.000
HYomb2CyhaWUoXglExmz,C,helmet_on_head,RLE,KEEP,CANONICAL_PROVIDER_SEGMENTATION,PHASE_5B_CANONICALIZATION,PROVIDER_SEGMENTATION,,739.000;366.000;245.000;137.000,22329.000
HYomb2CyhaWUoXglExmz,B,helmet_on_head,RLE,KEEP,CANONICAL_PROVIDER_SEGMENTATION,PHASE_5B_CANONICALIZATION,PROVIDER_SEGMENTATION,,1185.000;253.000;231.000;171.000,28614.000
HYomb2CyhaWUoXglExmz,A,helmet_on_head,RLE,KEEP,CANONICAL_PROVIDER_SEGMENTATION,PHASE_5B_CANONICALIZATION,PROVIDER_SEGMENTATION,,300.000;258.000;169.000;149.000,13327.000
HvvG43BEgtvO5Az8qBX5,1,person,POLYGON,KEEP,CANONICAL_PROVIDER_SEGMENTATION,PHASE_5B_CANONICALIZATION,PROVIDER_SEGMENTATION,,182.000;184.000;544.000;712.000,218855.000
HvvG43BEgtvO5Az8qBX5,2,person,POLYGON,KEEP,CANONICAL_PROVIDER_SEGMENTATION,PHASE_5B_CANONICALIZATION,PROVIDER_SEGMENTATION,,902.000;0.000;697.000;1065.000,434796.000
HvvG43BEgtvO5Az8qBX5,3,helmet_on_head,POLYGON,KEEP,CANONICAL_PROVIDER_SEGMENTATION,PHASE_5B_CANONICALIZATION,PROVIDER_SEGMENTATION,,37.000;33.000;382.000;305.000,49393.000
HvvG43BEgtvO5Az8qBX5,4,helmet_on_head,POLYGON,KEEP,CANONICAL_PROVIDER_SEGMENTATION,PHASE_5B_CANONICALIZATION,PROVIDER_SEGMENTATION,,659.000;203.000;293.000;216.000,40762.000
HvvG43BEgtvO5Az8qBX5,6,person,POLYGON,KEEP,CANONICAL_PROVIDER_SEGMENTATION,PHASE_5B_CANONICALIZATION,PROVIDER_SEGMENTATION,,638.000;205.000;634.000;719.000,216404.000
HvvG43BEgtvO5Az8qBX5,7,helmet_on_head,POLYGON,KEEP,CANONICAL_PROVIDER_SEGMENTATION,PHASE_5B_CANONICALIZATION,PROVIDER_SEGMENTATION,,900.000;0.000;394.000;222.000,52281.000
HvvG43BEgtvO5Az8qBX5,9,helmet_on_head,POLYGON,KEEP,CANONICAL_PROVIDER_SEGMENTATION,PHASE_5B_CANONICALIZATION,PROVIDER_SEGMENTATION,,424.000;178.000;183.000;179.000,26319.000
HvvG43BEgtvO5Az8qBX5,F,vest_on_body,RLE,KEEP,CANONICAL_PROVIDER_SEGMENTATION,PHASE_5B_CANONICALIZATION,PROVIDER_SEGMENTATION,,543.000;460.000;727.000;446.000,116693.000
HvvG43BEgtvO5Az8qBX5,E,vest_on_body,RLE,KEEP,CANONICAL_PROVIDER_SEGMENTATION,PHASE_5B_CANONICALIZATION,PROVIDER_SEGMENTATION,,182.000;382.000;549.000;685.000,161024.000
HvvG43BEgtvO5Az8qBX5,D,vest_on_body,RLE,KEEP,CANONICAL_PROVIDER_SEGMENTATION,PHASE_5B_CANONICALIZATION,PROVIDER_SEGMENTATION,,0.000;214.000;237.000;850.000,146792.000
HvvG43BEgtvO5Az8qBX5,C,vest_on_body,RLE,KEEP,CANONICAL_PROVIDER_SEGMENTATION,PHASE_5B_CANONICALIZATION,PROVIDER_SEGMENTATION,,1150.000;133.000;426.000;934.000,198720.000
HwlufkrcXA9g8e3aNCm5,B,helmet_loose,RLE,KEEP,CANONICAL_PROVIDER_SEGMENTATION,PHASE_5B_CANONICALIZATION,PROVIDER_SEGMENTATION,,620.000;158.000;493.000;737.000,194500.000
HwlufkrcXA9g8e3aNCm5,A,helmet_loose,RLE,KEEP,CANONICAL_PROVIDER_SEGMENTATION,PHASE_5B_CANONICALIZATION,PROVIDER_SEGMENTATION,,202.000;197.000;609.000;769.000,307736.000
HwlufkrcXA9g8e3aNCm5,9,helmet_loose,RLE,KEEP,CANONICAL_PROVIDER_SEGMENTATION,PHASE_5B_CANONICALIZATION,PROVIDER_SEGMENTATION,,940.000;268.000;426.000;620.000,143891.000
HwlufkrcXA9g8e3aNCm5,8,helmet_loose,RLE,KEEP,CANONICAL_PROVIDER_SEGMENTATION,PHASE_5B_CANONICALIZATION,PROVIDER_SEGMENTATION,,1212.000;231.000;359.000;579.000,105748.000
HwlufkrcXA9g8e3aNCm5,V,vest_loose,POLYGON,KEEP,CANONICAL_PROVIDER_SEGMENTATION,PHASE_5B_CANONICALIZATION,PROVIDER_SEGMENTATION,,30.000;484.000;683.000;1898.000,849981.000
HwlufkrcXA9g8e3aNCm5,X,vest_loose,POLYGON,KEEP,CANONICAL_PROVIDER_SEGMENTATION,PHASE_5B_CANONICALIZATION,PROVIDER_SEGMENTATION,,1163.000;819.000;216.000;960.000,78679.000
HwlufkrcXA9g8e3aNCm5,Z,vest_loose,POLYGON,KEEP,CANONICAL_PROVIDER_SEGMENTATION,PHASE_5B_CANONICALIZATION,PROVIDER_SEGMENTATION,,928.000;874.000;435.000;1324.000,365560.000
HwlufkrcXA9g8e3aNCm5,b,vest_loose,POLYGON,KEEP,CANONICAL_PROVIDER_SEGMENTATION,PHASE_5B_CANONICALIZATION,PROVIDER_SEGMENTATION,,614.000;811.000;366.000;1479.000,285786.000
IGdAVWEbTKrgM8llrZbm,1,person,POLYGON,KEEP,CANONICAL_PROVIDER_SEGMENTATION,PHASE_5B_CANONICALIZATION,PROVIDER_SEGMENTATION,,0.000;0.000;1387.000;1298.000,1059016.000
IGdAVWEbTKrgM8llrZbm,2,vest_on_body,POLYGON,KEEP,CANONICAL_PROVIDER_SEGMENTATION,PHASE_5B_CANONICALIZATION,PROVIDER_SEGMENTATION,,338.000;747.000;1009.000;551.000,409392.000
IGdAVWEbTKrgM8llrZbm,3,helmet_on_head,POLYGON,KEEP,CANONICAL_PROVIDER_SEGMENTATION,PHASE_5B_CANONICALIZATION,PROVIDER_SEGMENTATION,,553.000;0.000;550.000;394.000,159584.000
IUKDvF2wZjRXWHNvujtd,1,person,POLYGON,KEEP,CANONICAL_PROVIDER_SEGMENTATION,PHASE_5B_CANONICALIZATION,PROVIDER_SEGMENTATION,,796.000;453.000;243.000;746.000,122238.000
IUKDvF2wZjRXWHNvujtd,2,person,POLYGON,KEEP,CANONICAL_PROVIDER_SEGMENTATION,PHASE_5B_CANONICALIZATION,PROVIDER_SEGMENTATION,,562.000;446.000;253.000;742.000,119526.000
IUKDvF2wZjRXWHNvujtd,7,vest_on_body,RLE,KEEP,CANONICAL_PROVIDER_SEGMENTATION,PHASE_5B_CANONICALIZATION,PROVIDER_SEGMENTATION,,795.000;530.000;214.000;286.000,19256.000
IUKDvF2wZjRXWHNvujtd,6,vest_on_body,RLE,KEEP,CANONICAL_PROVIDER_SEGMENTATION,PHASE_5B_CANONICALIZATION,PROVIDER_SEGMENTATION,,575.000;510.000;245.000;268.000,11115.000
IdQmnhilWUB8CW2LFhdD,2,helmet_loose,RLE,KEEP,CANONICAL_PROVIDER_SEGMENTATION,PHASE_5B_CANONICALIZATION,PROVIDER_SEGMENTATION,,795.000;344.000;575.000;437.000,171126.000
IdlpHmd45MACc3eXTRqN,1,person,POLYGON,KEEP,CANONICAL_PROVIDER_SEGMENTATION,PHASE_5B_CANONICALIZATION,PROVIDER_SEGMENTATION,,505.000;140.000;780.000;1043.000,478381.000
IxZ3C1K7vs4I43UcFG63,2,helmet_on_head,POLYGON,KEEP,CANONICAL_PROVIDER_SEGMENTATION,PHASE_5B_CANONICALIZATION,PROVIDER_SEGMENTATION,,291.000;114.000;120.000;86.000,5491.000
IxZ3C1K7vs4I43UcFG63,5,helmet_on_head,POLYGON,KEEP,CANONICAL_PROVIDER_SEGMENTATION,PHASE_5B_CANONICALIZATION,PROVIDER_SEGMENTATION,,671.000;170.000;94.000;83.000,5925.000
IxZ3C1K7vs4I43UcFG63,6,helmet_on_head,POLYGON,KEEP,CANONICAL_PROVIDER_SEGMENTATION,PHASE_5B_CANONICALIZATION,PROVIDER_SEGMENTATION,,417.000;214.000;81.000;63.000,3672.000
IxZ3C1K7vs4I43UcFG63,7,helmet_on_head,POLYGON,KEEP,CANONICAL_PROVIDER_SEGMENTATION,PHASE_5B_CANONICALIZATION,PROVIDER_SEGMENTATION,,935.000;323.000;57.000;51.000,2137.000
IxZ3C1K7vs4I43UcFG63,F,person,RLE,KEEP,CANONICAL_PROVIDER_SEGMENTATION,PHASE_5B_CANONICALIZATION,PROVIDER_SEGMENTATION,,929.000;320.000;99.000;115.000,6724.000
IxZ3C1K7vs4I43UcFG63,E,person,RLE,KEEP,CANONICAL_PROVIDER_SEGMENTATION,PHASE_5B_CANONICALIZATION,PROVIDER_SEGMENTATION,,608.000;170.000;274.000;797.000,115263.000
IxZ3C1K7vs4I43UcFG63,D,person,RLE,KEEP,CANONICAL_PROVIDER_SEGMENTATION,PHASE_5B_CANONICALIZATION,PROVIDER_SEGMENTATION,,363.000;212.000;184.000;648.000,56852.000
IxZ3C1K7vs4I43UcFG63,C,person,RLE,KEEP,CANONICAL_PROVIDER_SEGMENTATION,PHASE_5B_CANONICALIZATION,PROVIDER_SEGMENTATION,,1382.000;531.000;91.000;165.000,6290.000
IxZ3C1K7vs4I43UcFG63,B,person,RLE,KEEP,CANONICAL_PROVIDER_SEGMENTATION,PHASE_5B_CANONICALIZATION,PROVIDER_SEGMENTATION,,186.000;112.000;316.000;771.000,88600.000
IxZ3C1K7vs4I43UcFG63,A,person,RLE,KEEP,CANONICAL_PROVIDER_SEGMENTATION,PHASE_5B_CANONICALIZATION,PROVIDER_SEGMENTATION,,1501.000;685.000;63.000;84.000,3494.000
IxZ3C1K7vs4I43UcFG63,9,person,RLE,KEEP,CANONICAL_PROVIDER_SEGMENTATION,PHASE_5B_CANONICALIZATION,PROVIDER_SEGMENTATION,,1499.000;818.000;101.000;242.000,20010.000
IyVJr4DcosMWf0wZS1uN,1,helmet_loose,POLYGON,KEEP,CANONICAL_PROVIDER_SEGMENTATION,PHASE_5B_CANONICALIZATION,PROVIDER_SEGMENTATION,,278.000;85.000;496.000;403.000,149670.000
J1TlMOzR3PfvLVrD3kL2,1,person,POLYGON,KEEP,CANONICAL_PROVIDER_SEGMENTATION,PHASE_5B_CANONICALIZATION,PROVIDER_SEGMENTATION,,836.000;262.000;469.000;681.000,191549.000
J3hznbBPysK0tWYT9WUi,1,vest_on_body,POLYGON,KEEP,CANONICAL_PROVIDER_SEGMENTATION,PHASE_5B_CANONICALIZATION,PROVIDER_SEGMENTATION,,840.000;322.000;367.000;419.000,112217.000
J3hznbBPysK0tWYT9WUi,2,person,POLYGON,KEEP,CANONICAL_PROVIDER_SEGMENTATION,PHASE_5B_CANONICALIZATION,PROVIDER_SEGMENTATION,,614.000;203.000;595.000;1045.000,297698.000
J43xY0jaSQexxzdN3Uoe,1,person,POLYGON,KEEP,CANONICAL_PROVIDER_SEGMENTATION,PHASE_5B_CANONICALIZATION,PROVIDER_SEGMENTATION,,0.000;175.000;973.000;1123.000,828347.000
J43xY0jaSQexxzdN3Uoe,5,vest_on_body,RLE,KEEP,CANONICAL_PROVIDER_SEGMENTATION,PHASE_5B_CANONICALIZATION,PROVIDER_SEGMENTATION,,24.000;741.000;832.000;559.000,306057.000
J8VVYL7NFqag8Q2h1LdU,1,helmet_on_head,RLE,KEEP,CANONICAL_PROVIDER_SEGMENTATION,PHASE_5B_CANONICALIZATION,PROVIDER_SEGMENTATION,,612.000;322.000;88.000;62.000,2839.000
J8VVYL7NFqag8Q2h1LdU,2,person,RLE,KEEP,CANONICAL_PROVIDER_SEGMENTATION,PHASE_5B_CANONICALIZATION,PROVIDER_SEGMENTATION,,715.000;364.000;39.000;62.000,1661.000
J8VVYL7NFqag8Q2h1LdU,3,person,RLE,KEEP,CANONICAL_PROVIDER_SEGMENTATION,PHASE_5B_CANONICALIZATION,PROVIDER_SEGMENTATION,,545.000;323.000;226.000;518.000,47966.000
J8VVYL7NFqag8Q2h1LdU,4,person,RLE,KEEP,CANONICAL_PROVIDER_SEGMENTATION,PHASE_5B_CANONICALIZATION,PROVIDER_SEGMENTATION,,1542.000;330.000;58.000;204.000,3962.000
J8VVYL7NFqag8Q2h1LdU,5,person,RLE,KEEP,CANONICAL_PROVIDER_SEGMENTATION,PHASE_5B_CANONICALIZATION,PROVIDER_SEGMENTATION,,45.000;403.000;39.000;78.000,1803.000
J8VVYL7NFqag8Q2h1LdU,6,person,RLE,KEEP,CANONICAL_PROVIDER_SEGMENTATION,PHASE_5B_CANONICALIZATION,PROVIDER_SEGMENTATION,,749.000;367.000;33.000;81.000,2054.000
J8VVYL7NFqag8Q2h1LdU,7,person,RLE,KEEP,CANONICAL_PROVIDER_SEGMENTATION,PHASE_5B_CANONICALIZATION,PROVIDER_SEGMENTATION,,243.000;366.000;61.000;131.000,3571.000
JFPLvXzjr38rcbgvCedz,2,helmet_on_head,RLE,KEEP,CANONICAL_PROVIDER_SEGMENTATION,PHASE_5B_CANONICALIZATION,PROVIDER_SEGMENTATION,,736.000;1414.000;119.000;83.000,6503.000
JFPLvXzjr38rcbgvCedz,3,person,RLE,KEEP,CANONICAL_PROVIDER_SEGMENTATION,PHASE_5B_CANONICALIZATION,PROVIDER_SEGMENTATION,,557.000;1415.000;456.000;775.000,127620.000
JQnSkF4L5Wmw2aJj0nae,1,person,POLYGON,KEEP,CANONICAL_PROVIDER_SEGMENTATION,PHASE_5B_CANONICALIZATION,PROVIDER_SEGMENTATION,,305.000;268.000;1063.000;2130.000,1611161.000
JQnSkF4L5Wmw2aJj0nae,5,helmet_on_head,POLYGON,KEEP,CANONICAL_PROVIDER_SEGMENTATION,PHASE_5B_CANONICALIZATION,PROVIDER_SEGMENTATION,,553.000;260.000;502.000;344.000,107606.000
JSKtWAeEIHCqkNcipvGH,1,person,POLYGON,KEEP,CANONICAL_PROVIDER_SEGMENTATION,PHASE_5B_CANONICALIZATION,PROVIDER_SEGMENTATION,,969.000;302.000;128.000;355.000,25826.000
JSKtWAeEIHCqkNcipvGH,2,person,POLYGON,KEEP,CANONICAL_PROVIDER_SEGMENTATION,PHASE_5B_CANONICALIZATION,PROVIDER_SEGMENTATION,,553.000;298.000;108.000;363.000,19633.000
JSKtWAeEIHCqkNcipvGH,3,vest_on_body,POLYGON,KEEP,CANONICAL_PROVIDER_SEGMENTATION,PHASE_5B_CANONICALIZATION,PROVIDER_SEGMENTATION,,1023.000;374.000;71.000;97.000,5177.000
JSKtWAeEIHCqkNcipvGH,4,helmet_on_head,POLYGON,KEEP,CANONICAL_PROVIDER_SEGMENTATION,PHASE_5B_CANONICALIZATION,PROVIDER_SEGMENTATION,,576.000;298.000;48.000;32.000,1117.000
JSKtWAeEIHCqkNcipvGH,5,vest_on_body,POLYGON,KEEP,CANONICAL_PROVIDER_SEGMENTATION,PHASE_5B_CANONICALIZATION,PROVIDER_SEGMENTATION,,553.000;349.000;45.000;124.000,3565.000
JSKtWAeEIHCqkNcipvGH,6,helmet_on_head,POLYGON,KEEP,CANONICAL_PROVIDER_SEGMENTATION,PHASE_5B_CANONICALIZATION,PROVIDER_SEGMENTATION,,1023.000;302.000;41.000;36.000,1026.000
Jn53NESS4TbEWJbuvG70,1,person,POLYGON,KEEP,CANONICAL_PROVIDER_SEGMENTATION,PHASE_5B_CANONICALIZATION,PROVIDER_SEGMENTATION,,907.000;288.000;214.000;411.000,34167.000
Jn53NESS4TbEWJbuvG70,2,helmet_on_head,POLYGON,KEEP,CANONICAL_PROVIDER_SEGMENTATION,PHASE_5B_CANONICALIZATION,PROVIDER_SEGMENTATION,,969.000;288.000;72.000;57.000,3025.000
Jn53NESS4TbEWJbuvG70,5,vest_on_body,RLE,KEEP,CANONICAL_PROVIDER_SEGMENTATION,PHASE_5B_CANONICALIZATION,PROVIDER_SEGMENTATION,,985.000;345.000;138.000;135.000,7534.000
JtlLc8vU4kkL2Jz7ctjA,1,person,POLYGON,KEEP,CANONICAL_PROVIDER_SEGMENTATION,PHASE_5B_CANONICALIZATION,PROVIDER_SEGMENTATION,,621.000;882.000;542.000;1368.000,340346.000
JtlLc8vU4kkL2Jz7ctjA,2,helmet_on_head,POLYGON,KEEP,CANONICAL_PROVIDER_SEGMENTATION,PHASE_5B_CANONICALIZATION,PROVIDER_SEGMENTATION,,746.000;883.000;212.000;137.000,17355.000
K0CnIma3AqzHtRo2VNdu,1,vest_on_body,RLE,KEEP,CANONICAL_PROVIDER_SEGMENTATION,PHASE_5B_CANONICALIZATION,PROVIDER_SEGMENTATION,,818.000;563.000;301.000;380.000,28815.000
K0CnIma3AqzHtRo2VNdu,2,vest_on_body,RLE,KEEP,CANONICAL_PROVIDER_SEGMENTATION,PHASE_5B_CANONICALIZATION,PROVIDER_SEGMENTATION,,344.000;486.000;293.000;459.000,63418.000
K0CnIma3AqzHtRo2VNdu,3,helmet_on_head,RLE,KEEP,CANONICAL_PROVIDER_SEGMENTATION,PHASE_5B_CANONICALIZATION,PROVIDER_SEGMENTATION,,905.000;338.000;219.000;166.000,20411.000
K0CnIma3AqzHtRo2VNdu,4,helmet_on_head,RLE,KEEP,CANONICAL_PROVIDER_SEGMENTATION,PHASE_5B_CANONICALIZATION,PROVIDER_SEGMENTATION,,409.000;252.000;221.000;157.000,18580.000
K0CnIma3AqzHtRo2VNdu,5,person,RLE,KEEP,CANONICAL_PROVIDER_SEGMENTATION,PHASE_5B_CANONICALIZATION,PROVIDER_SEGMENTATION,,687.000;338.000;523.000;726.000,139224.000
K0CnIma3AqzHtRo2VNdu,6,person,RLE,KEEP,CANONICAL_PROVIDER_SEGMENTATION,PHASE_5B_CANONICALIZATION,PROVIDER_SEGMENTATION,,301.000;253.000;415.000;814.000,224713.000
KMRRC0uoR29Yq6wEaJrP,6,helmet_loose,RLE,KEEP,CANONICAL_PROVIDER_SEGMENTATION,PHASE_5B_CANONICALIZATION,PROVIDER_SEGMENTATION,,656.000;703.000;445.000;328.000,105393.000
KMRRC0uoR29Yq6wEaJrP,5,helmet_loose,RLE,KEEP,CANONICAL_PROVIDER_SEGMENTATION,PHASE_5B_CANONICALIZATION,PROVIDER_SEGMENTATION,,510.000;385.000;360.000;236.000,52511.000
KMRRC0uoR29Yq6wEaJrP,4,helmet_loose,RLE,KEEP,CANONICAL_PROVIDER_SEGMENTATION,PHASE_5B_CANONICALIZATION,PROVIDER_SEGMENTATION,,947.000;551.000;203.000;236.000,29289.000
KMRRC0uoR29Yq6wEaJrP,3,helmet_loose,RLE,KEEP,CANONICAL_PROVIDER_SEGMENTATION,PHASE_5B_CANONICALIZATION,PROVIDER_SEGMENTATION,,616.000;543.000;390.000;242.000,55929.000
KMRRC0uoR29Yq6wEaJrP,2,helmet_loose,RLE,KEEP,CANONICAL_PROVIDER_SEGMENTATION,PHASE_5B_CANONICALIZATION,PROVIDER_SEGMENTATION,,821.000;1362.000;669.000;519.000,271336.000
KN9YcUjf4MbiILNfF6d1,1,person,POLYGON,KEEP,CANONICAL_PROVIDER_SEGMENTATION,PHASE_5B_CANONICALIZATION,PROVIDER_SEGMENTATION,,943.000;435.000;314.000;630.000,125917.000
KN9YcUjf4MbiILNfF6d1,2,person,POLYGON,KEEP,CANONICAL_PROVIDER_SEGMENTATION,PHASE_5B_CANONICALIZATION,PROVIDER_SEGMENTATION,,303.000;370.000;312.000;695.000,145309.000
KN9YcUjf4MbiILNfF6d1,3,person,POLYGON,KEEP,CANONICAL_PROVIDER_SEGMENTATION,PHASE_5B_CANONICALIZATION,PROVIDER_SEGMENTATION,,612.000;359.000;337.000;706.000,158131.000
KN9YcUjf4MbiILNfF6d1,4,helmet_on_head,POLYGON,KEEP,CANONICAL_PROVIDER_SEGMENTATION,PHASE_5B_CANONICALIZATION,PROVIDER_SEGMENTATION,,1042.000;435.000;121.000;117.000,11056.000
KN9YcUjf4MbiILNfF6d1,5,helmet_on_head,POLYGON,KEEP,CANONICAL_PROVIDER_SEGMENTATION,PHASE_5B_CANONICALIZATION,PROVIDER_SEGMENTATION,,730.000;357.000;130.000;88.000,7775.000
KN9YcUjf4MbiILNfF6d1,6,helmet_on_head,POLYGON,KEEP,CANONICAL_PROVIDER_SEGMENTATION,PHASE_5B_CANONICALIZATION,PROVIDER_SEGMENTATION,,423.000;370.000;128.000;97.000,9448.000
KyqVojaz6oaARWVjEAyG,1,vest_on_body,RLE,KEEP,CANONICAL_PROVIDER_SEGMENTATION,PHASE_5B_CANONICALIZATION,PROVIDER_SEGMENTATION,,1013.000;600.000;110.000;135.000,9573.000
KyqVojaz6oaARWVjEAyG,2,vest_on_body,RLE,KEEP,CANONICAL_PROVIDER_SEGMENTATION,PHASE_5B_CANONICALIZATION,PROVIDER_SEGMENTATION,,465.000;35.000;183.000;255.000,29215.000
KyqVojaz6oaARWVjEAyG,3,vest_on_body,RLE,KEEP,CANONICAL_PROVIDER_SEGMENTATION,PHASE_5B_CANONICALIZATION,PROVIDER_SEGMENTATION,,784.000;445.000;176.000;145.000,14153.000
KyqVojaz6oaARWVjEAyG,4,helmet_on_head,RLE,KEEP,CANONICAL_PROVIDER_SEGMENTATION,PHASE_5B_CANONICALIZATION,PROVIDER_SEGMENTATION,,1003.000;541.000;80.000;59.000,2280.000
KyqVojaz6oaARWVjEAyG,5,helmet_on_head,RLE,KEEP,CANONICAL_PROVIDER_SEGMENTATION,PHASE_5B_CANONICALIZATION,PROVIDER_SEGMENTATION,,857.000;391.000;91.000;73.000,3775.000
KyqVojaz6oaARWVjEAyG,6,helmet_on_head,RLE,KEEP,CANONICAL_PROVIDER_SEGMENTATION,PHASE_5B_CANONICALIZATION,PROVIDER_SEGMENTATION,,530.000;0.000;122.000;52.000,3184.000
KyqVojaz6oaARWVjEAyG,7,person,RLE,KEEP,CANONICAL_PROVIDER_SEGMENTATION,PHASE_5B_CANONICALIZATION,PROVIDER_SEGMENTATION,,787.000;541.000;336.000;526.000,43463.000
KyqVojaz6oaARWVjEAyG,8,person,RLE,KEEP,CANONICAL_PROVIDER_SEGMENTATION,PHASE_5B_CANONICALIZATION,PROVIDER_SEGMENTATION,,642.000;392.000;328.000;540.000,62715.000
KyqVojaz6oaARWVjEAyG,9,person,RLE,KEEP,CANONICAL_PROVIDER_SEGMENTATION,PHASE_5B_CANONICALIZATION,PROVIDER_SEGMENTATION,,234.000;0.000;417.000;707.000,91995.000
L51HLb9pTcXWg0hlY2eI,1,helmet_loose,POLYGON,KEEP,CANONICAL_PROVIDER_SEGMENTATION,PHASE_5B_CANONICALIZATION,PROVIDER_SEGMENTATION,,784.000;149.000;512.000;790.000,304354.000
L51HLb9pTcXWg0hlY2eI,2,helmet_loose,POLYGON,KEEP,CANONICAL_PROVIDER_SEGMENTATION,PHASE_5B_CANONICALIZATION,PROVIDER_SEGMENTATION,,613.000;349.000;276.000;448.000,67249.000
LECJ0QrWJeyWICbOqamy,5,helmet_on_head,RLE,KEEP,CANONICAL_PROVIDER_SEGMENTATION,PHASE_5B_CANONICALIZATION,PROVIDER_SEGMENTATION,,682.000;458.000;132.000;112.000,9629.000
LECJ0QrWJeyWICbOqamy,6,helmet_on_head,RLE,KEEP,CANONICAL_PROVIDER_SEGMENTATION,PHASE_5B_CANONICALIZATION,PROVIDER_SEGMENTATION,,816.000;407.000;113.000;98.000,6217.000
LECJ0QrWJeyWICbOqamy,7,helmet_on_head,RLE,KEEP,CANONICAL_PROVIDER_SEGMENTATION,PHASE_5B_CANONICALIZATION,PROVIDER_SEGMENTATION,,703.000;419.000;110.000;84.000,3934.000
LECJ0QrWJeyWICbOqamy,8,helmet_on_head,RLE,KEEP,CANONICAL_PROVIDER_SEGMENTATION,PHASE_5B_CANONICALIZATION,PROVIDER_SEGMENTATION,,795.000;587.000;172.000;155.000,18973.000
LECJ0QrWJeyWICbOqamy,I,person,RLE,KEEP,CANONICAL_PROVIDER_SEGMENTATION,PHASE_5B_CANONICALIZATION,PROVIDER_SEGMENTATION,,311.000;589.000;1020.000;480.000,201019.000
LECJ0QrWJeyWICbOqamy,H,person,RLE,KEEP,CANONICAL_PROVIDER_SEGMENTATION,PHASE_5B_CANONICALIZATION,PROVIDER_SEGMENTATION,,475.000;459.000;685.000;324.000,62875.000
LECJ0QrWJeyWICbOqamy,G,person,RLE,KEEP,CANONICAL_PROVIDER_SEGMENTATION,PHASE_5B_CANONICALIZATION,PROVIDER_SEGMENTATION,,527.000;419.000;285.000;194.000,15556.000
LECJ0QrWJeyWICbOqamy,F,person,RLE,KEEP,CANONICAL_PROVIDER_SEGMENTATION,PHASE_5B_CANONICALIZATION,PROVIDER_SEGMENTATION,,803.000;407.000;267.000;252.000,26902.000
LSzsvsjaUz4782epO92M,1,vest_on_body,RLE,KEEP,CANONICAL_PROVIDER_SEGMENTATION,PHASE_5B_CANONICALIZATION,PROVIDER_SEGMENTATION,,1420.000;490.000;49.000;58.000,1489.000
LSzsvsjaUz4782epO92M,2,vest_on_body,RLE,KEEP,CANONICAL_PROVIDER_SEGMENTATION,PHASE_5B_CANONICALIZATION,PROVIDER_SEGMENTATION,,145.000;494.000;56.000;67.000,2603.000
LSzsvsjaUz4782epO92M,3,vest_on_body,RLE,KEEP,CANONICAL_PROVIDER_SEGMENTATION,PHASE_5B_CANONICALIZATION,PROVIDER_SEGMENTATION,,679.000;494.000;45.000;62.000,2350.000
LSzsvsjaUz4782epO92M,4,person,RLE,KEEP,CANONICAL_PROVIDER_SEGMENTATION,PHASE_5B_CANONICALIZATION,PROVIDER_SEGMENTATION,,187.000;487.000;73.000;127.000,5009.000
LSzsvsjaUz4782epO92M,5,person,RLE,KEEP,CANONICAL_PROVIDER_SEGMENTATION,PHASE_5B_CANONICALIZATION,PROVIDER_SEGMENTATION,,1395.000;467.000;73.000;155.000,5864.000
LSzsvsjaUz4782epO92M,6,person,RLE,KEEP,CANONICAL_PROVIDER_SEGMENTATION,PHASE_5B_CANONICALIZATION,PROVIDER_SEGMENTATION,,144.000;466.000;62.000;172.000,6859.000
LSzsvsjaUz4782epO92M,7,person,RLE,KEEP,CANONICAL_PROVIDER_SEGMENTATION,PHASE_5B_CANONICALIZATION,PROVIDER_SEGMENTATION,,651.000;467.000;92.000;174.000,6614.000
LSzsvsjaUz4782epO92M,C,helmet_on_head,RLE,KEEP,CANONICAL_PROVIDER_SEGMENTATION,PHASE_5B_CANONICALIZATION,PROVIDER_SEGMENTATION,,686.000;467.000;26.000;18.000,339.000
LSzsvsjaUz4782epO92M,B,helmet_on_head,RLE,KEEP,CANONICAL_PROVIDER_SEGMENTATION,PHASE_5B_CANONICALIZATION,PROVIDER_SEGMENTATION,,165.000;466.000;32.000;18.000,402.000
LSzsvsjaUz4782epO92M,A,helmet_on_head,RLE,KEEP,CANONICAL_PROVIDER_SEGMENTATION,PHASE_5B_CANONICALIZATION,PROVIDER_SEGMENTATION,,188.000;487.000;54.000;20.000,911.000
LSzsvsjaUz4782epO92M,9,helmet_on_head,RLE,KEEP,CANONICAL_PROVIDER_SEGMENTATION,PHASE_5B_CANONICALIZATION,PROVIDER_SEGMENTATION,,1425.000;466.000;32.000;18.000,425.000
LUvZ2w5JsB8sHFevCPRy,1,person,POLYGON,KEEP,CANONICAL_PROVIDER_SEGMENTATION,PHASE_5B_CANONICALIZATION,PROVIDER_SEGMENTATION,,969.000;657.000;23.000;116.000,2013.000
LVQG21gdyYgR1aZBE6h9,1,person,POLYGON,KEEP,CANONICAL_PROVIDER_SEGMENTATION,PHASE_5B_CANONICALIZATION,PROVIDER_SEGMENTATION,,34.000;102.000;307.000;963.000,168124.000
LgO9XnFYKArvgSB2viem,1,helmet_on_head,POLYGON,KEEP,CANONICAL_PROVIDER_SEGMENTATION,PHASE_5B_CANONICALIZATION,PROVIDER_SEGMENTATION,,512.000;116.000;168.000;146.000,18674.000
LgO9XnFYKArvgSB2viem,2,person,POLYGON,KEEP,CANONICAL_PROVIDER_SEGMENTATION,PHASE_5B_CANONICALIZATION,PROVIDER_SEGMENTATION,,369.000;120.000;704.000;642.000,187137.000
LgO9XnFYKArvgSB2viem,3,vest_on_body,POLYGON,KEEP,CANONICAL_PROVIDER_SEGMENTATION,PHASE_5B_CANONICALIZATION,PROVIDER_SEGMENTATION,,375.000;347.000;380.000;350.000,81609.000
LkPWuopeX4IeCkstwBpU,1,vest_on_body,RLE,KEEP,CANONICAL_PROVIDER_SEGMENTATION,PHASE_5B_CANONICALIZATION,PROVIDER_SEGMENTATION,,1000.000;729.000;262.000;266.000,21452.000
LkPWuopeX4IeCkstwBpU,2,vest_on_body,RLE,KEEP,CANONICAL_PROVIDER_SEGMENTATION,PHASE_5B_CANONICALIZATION,PROVIDER_SEGMENTATION,,605.000;676.000;280.000;375.000,49628.000
LkPWuopeX4IeCkstwBpU,3,helmet_on_head,RLE,KEEP,CANONICAL_PROVIDER_SEGMENTATION,PHASE_5B_CANONICALIZATION,PROVIDER_SEGMENTATION,,978.000;519.000;182.000;142.000,17190.000
LkPWuopeX4IeCkstwBpU,4,helmet_on_head,RLE,KEEP,CANONICAL_PROVIDER_SEGMENTATION,PHASE_5B_CANONICALIZATION,PROVIDER_SEGMENTATION,,715.000;513.000;157.000;135.000,15413.000
LkPWuopeX4IeCkstwBpU,5,person,RLE,KEEP,CANONICAL_PROVIDER_SEGMENTATION,PHASE_5B_CANONICALIZATION,PROVIDER_SEGMENTATION,,978.000;519.000;305.000;475.000,95055.000
LkPWuopeX4IeCkstwBpU,6,person,RLE,KEEP,CANONICAL_PROVIDER_SEGMENTATION,PHASE_5B_CANONICALIZATION,PROVIDER_SEGMENTATION,,477.000;513.000;522.000;554.000,140162.000
MBuNKaZBdNlilQvSv3zC,D,person,RLE,KEEP,CANONICAL_PROVIDER_SEGMENTATION,PHASE_5B_CANONICALIZATION,PROVIDER_SEGMENTATION,,403.000;448.000;68.000;75.000,3109.000
MBuNKaZBdNlilQvSv3zC,C,person,RLE,KEEP,CANONICAL_PROVIDER_SEGMENTATION,PHASE_5B_CANONICALIZATION,PROVIDER_SEGMENTATION,,1126.000;527.000;94.000;117.000,6219.000
MBuNKaZBdNlilQvSv3zC,B,person,RLE,KEEP,CANONICAL_PROVIDER_SEGMENTATION,PHASE_5B_CANONICALIZATION,PROVIDER_SEGMENTATION,,1147.000;457.000;66.000;58.000,2145.000
MBuNKaZBdNlilQvSv3zC,A,person,RLE,KEEP,CANONICAL_PROVIDER_SEGMENTATION,PHASE_5B_CANONICALIZATION,PROVIDER_SEGMENTATION,,84.000;510.000;26.000;36.000,548.000
MBuNKaZBdNlilQvSv3zC,9,person,RLE,KEEP,CANONICAL_PROVIDER_SEGMENTATION,PHASE_5B_CANONICALIZATION,PROVIDER_SEGMENTATION,,0.000;467.000;91.000;316.000,13986.000
MBuNKaZBdNlilQvSv3zC,8,person,RLE,KEEP,CANONICAL_PROVIDER_SEGMENTATION,PHASE_5B_CANONICALIZATION,PROVIDER_SEGMENTATION,,807.000;440.000;152.000;271.000,15042.000
MBuNKaZBdNlilQvSv3zC,7,person,RLE,KEEP,CANONICAL_PROVIDER_SEGMENTATION,PHASE_5B_CANONICALIZATION,PROVIDER_SEGMENTATION,,663.000;449.000;165.000;383.000,24361.000
MBuNKaZBdNlilQvSv3zC,6,person,RLE,KEEP,CANONICAL_PROVIDER_SEGMENTATION,PHASE_5B_CANONICALIZATION,PROVIDER_SEGMENTATION,,1029.000;437.000;109.000;492.000,35274.000
MUAB7pAwP5R5mAfVEWsH,1,person,POLYGON,KEEP,CANONICAL_PROVIDER_SEGMENTATION,PHASE_5B_CANONICALIZATION,PROVIDER_SEGMENTATION,,350.000;213.000;315.000;804.000,130024.000
MUAB7pAwP5R5mAfVEWsH,2,vest_on_body,POLYGON,KEEP,CANONICAL_PROVIDER_SEGMENTATION,PHASE_5B_CANONICALIZATION,PROVIDER_SEGMENTATION,,415.000;334.000;200.000;302.000,46521.000
MUAB7pAwP5R5mAfVEWsH,3,helmet_on_head,POLYGON,KEEP,CANONICAL_PROVIDER_SEGMENTATION,PHASE_5B_CANONICALIZATION,PROVIDER_SEGMENTATION,,459.000;210.000;116.000;85.000,4539.000
Mbgd4Kw22vX5vdWxqfRn,H,vest_loose,POLYGON,KEEP,CANONICAL_PROVIDER_SEGMENTATION,PHASE_5B_CANONICALIZATION,PROVIDER_SEGMENTATION,,763.000;0.000;337.000;1028.000,203478.000
Mbgd4Kw22vX5vdWxqfRn,J,vest_loose,POLYGON,KEEP,CANONICAL_PROVIDER_SEGMENTATION,PHASE_5B_CANONICALIZATION,PROVIDER_SEGMENTATION,,1019.000;17.000;211.000;896.000,135104.000
Mbgd4Kw22vX5vdWxqfRn,L,vest_loose,POLYGON,KEEP,CANONICAL_PROVIDER_SEGMENTATION,PHASE_5B_CANONICALIZATION,PROVIDER_SEGMENTATION,,1180.000;0.000;208.000;1012.000,152916.000
Mbgd4Kw22vX5vdWxqfRn,N,vest_loose,POLYGON,KEEP,CANONICAL_PROVIDER_SEGMENTATION,PHASE_5B_CANONICALIZATION,PROVIDER_SEGMENTATION,,586.000;0.000;313.000;1016.000,151294.000
Mbgd4Kw22vX5vdWxqfRn,P,vest_loose,POLYGON,KEEP,CANONICAL_PROVIDER_SEGMENTATION,PHASE_5B_CANONICALIZATION,PROVIDER_SEGMENTATION,,258.000;0.000;558.000;1161.000,281922.000
Mbgd4Kw22vX5vdWxqfRn,R,vest_loose,POLYGON,KEEP,CANONICAL_PROVIDER_SEGMENTATION,PHASE_5B_CANONICALIZATION,PROVIDER_SEGMENTATION,,0.000;0.000;559.000;1186.000,327765.000
Mbgd4Kw22vX5vdWxqfRn,T,vest_loose,POLYGON,KEEP,CANONICAL_PROVIDER_SEGMENTATION,PHASE_5B_CANONICALIZATION,PROVIDER_SEGMENTATION,,0.000;539.000;358.000;647.000,97394.000
Mbgd4Kw22vX5vdWxqfRn,V,vest_loose,POLYGON,KEEP,CANONICAL_PROVIDER_SEGMENTATION,PHASE_5B_CANONICALIZATION,PROVIDER_SEGMENTATION,,1373.000;0.000;153.000;832.000,101459.000
MkxXQ8wmfbTbRbgDBAK1,1,helmet_on_head,POLYGON,KEEP,CANONICAL_PROVIDER_SEGMENTATION,PHASE_5B_CANONICALIZATION,PROVIDER_SEGMENTATION,,800.000;132.000;570.000;340.000,119049.000
MkxXQ8wmfbTbRbgDBAK1,2,vest_on_body,POLYGON,KEEP,CANONICAL_PROVIDER_SEGMENTATION,PHASE_5B_CANONICALIZATION,PROVIDER_SEGMENTATION,,615.000;815.000;887.000;483.000,225578.000
MkxXQ8wmfbTbRbgDBAK1,5,person,POLYGON,KEEP,CANONICAL_PROVIDER_SEGMENTATION,PHASE_5B_CANONICALIZATION,PROVIDER_SEGMENTATION,,613.000;130.000;1065.000;1169.000,732394.000
MkxXQ8wmfbTbRbgDBAK1,6,person,POLYGON,KEEP,CANONICAL_PROVIDER_SEGMENTATION,PHASE_5B_CANONICALIZATION,PROVIDER_SEGMENTATION,,405.000;721.000;35.000;41.000,818.000
MkxXQ8wmfbTbRbgDBAK1,7,person,POLYGON,KEEP,CANONICAL_PROVIDER_SEGMENTATION,PHASE_5B_CANONICALIZATION,PROVIDER_SEGMENTATION,,397.000;726.000;6.000;7.000,21.000
MkxXQ8wmfbTbRbgDBAK1,8,person,POLYGON,KEEP,CANONICAL_PROVIDER_SEGMENTATION,PHASE_5B_CANONICALIZATION,PROVIDER_SEGMENTATION,,298.000;778.000;289.000;518.000,65610.000
MqWRDetc1VZN6mHw7iwA,5,helmet_on_head,POLYGON,KEEP,CANONICAL_PROVIDER_SEGMENTATION,PHASE_5B_CANONICALIZATION,PROVIDER_SEGMENTATION,,257.000;282.000;328.000;332.000,79579.000
MqWRDetc1VZN6mHw7iwA,6,vest_on_body,POLYGON,KEEP,CANONICAL_PROVIDER_SEGMENTATION,PHASE_5B_CANONICALIZATION,PROVIDER_SEGMENTATION,,78.000;741.000;572.000;538.000,239951.000
MqWRDetc1VZN6mHw7iwA,9,person,POLYGON,KEEP,CANONICAL_PROVIDER_SEGMENTATION,PHASE_5B_CANONICALIZATION,PROVIDER_SEGMENTATION,,75.000;282.000;748.000;997.000,447120.000
MvvtCo7VlWi4U7eiAk9x,1,helmet_on_head,RLE,KEEP,CANONICAL_PROVIDER_SEGMENTATION,PHASE_5B_CANONICALIZATION,PROVIDER_SEGMENTATION,,575.000;199.000;67.000;65.000,3132.000
MvvtCo7VlWi4U7eiAk9x,2,helmet_on_head,RLE,KEEP,CANONICAL_PROVIDER_SEGMENTATION,PHASE_5B_CANONICALIZATION,PROVIDER_SEGMENTATION,,1012.000;180.000;156.000;98.000,10054.000
MvvtCo7VlWi4U7eiAk9x,3,helmet_on_head,RLE,KEEP,CANONICAL_PROVIDER_SEGMENTATION,PHASE_5B_CANONICALIZATION,PROVIDER_SEGMENTATION,,763.000;267.000;112.000;72.000,5472.000
MvvtCo7VlWi4U7eiAk9x,4,person,RLE,KEEP,CANONICAL_PROVIDER_SEGMENTATION,PHASE_5B_CANONICALIZATION,PROVIDER_SEGMENTATION,,998.000;180.000;264.000;843.000,132695.000
MvvtCo7VlWi4U7eiAk9x,5,person,RLE,KEEP,CANONICAL_PROVIDER_SEGMENTATION,PHASE_5B_CANONICALIZATION,PROVIDER_SEGMENTATION,,529.000;199.000;195.000;527.000,62226.000
MvvtCo7VlWi4U7eiAk9x,6,person,RLE,KEEP,CANONICAL_PROVIDER_SEGMENTATION,PHASE_5B_CANONICALIZATION,PROVIDER_SEGMENTATION,,755.000;267.000;176.000;547.000,56980.000
NCdN7Jz3Eoh0ICakh5Cx,1,person,POLYGON,KEEP,CANONICAL_PROVIDER_SEGMENTATION,PHASE_5B_CANONICALIZATION,PROVIDER_SEGMENTATION,,192.000;68.000;397.000;1230.000,352998.000
NCdN7Jz3Eoh0ICakh5Cx,2,vest_on_body,POLYGON,KEEP,CANONICAL_PROVIDER_SEGMENTATION,PHASE_5B_CANONICALIZATION,PROVIDER_SEGMENTATION,,275.000;344.000;299.000;713.000,164604.000
NL3zUnIqUyNKhcch1hNK,1,person,POLYGON,KEEP,CANONICAL_PROVIDER_SEGMENTATION,PHASE_5B_CANONICALIZATION,PROVIDER_SEGMENTATION,,741.000;249.000;433.000;1002.000,308134.000
NL3zUnIqUyNKhcch1hNK,2,helmet_on_head,POLYGON,KEEP,CANONICAL_PROVIDER_SEGMENTATION,PHASE_5B_CANONICALIZATION,PROVIDER_SEGMENTATION,,809.000;249.000;242.000;188.000,26718.000
NL3zUnIqUyNKhcch1hNK,4,vest_on_body,POLYGON,KEEP,CANONICAL_PROVIDER_SEGMENTATION,PHASE_5B_CANONICALIZATION,PROVIDER_SEGMENTATION,,784.000;439.000;387.000;639.000,194041.000
NSxOF60pUyiloAjZa1zY,1,person,RLE,KEEP,CANONICAL_PROVIDER_SEGMENTATION,PHASE_5B_CANONICALIZATION,PROVIDER_SEGMENTATION,,1167.000;487.000;56.000;111.000,3938.000
NSxOF60pUyiloAjZa1zY,2,person,RLE,KEEP,CANONICAL_PROVIDER_SEGMENTATION,PHASE_5B_CANONICALIZATION,PROVIDER_SEGMENTATION,,678.000;431.000;86.000;175.000,9503.000
NSxOF60pUyiloAjZa1zY,3,person,RLE,KEEP,CANONICAL_PROVIDER_SEGMENTATION,PHASE_5B_CANONICALIZATION,PROVIDER_SEGMENTATION,,241.000;182.000;966.000;909.000,336313.000
NSxOF60pUyiloAjZa1zY,4,person,RLE,KEEP,CANONICAL_PROVIDER_SEGMENTATION,PHASE_5B_CANONICALIZATION,PROVIDER_SEGMENTATION,,704.000;409.000;487.000;533.000,82781.000
Npv1zPbAHshMBBa1mbY4,3,helmet_loose,POLYGON,KEEP,CANONICAL_PROVIDER_SEGMENTATION,PHASE_5B_CANONICALIZATION,PROVIDER_SEGMENTATION,,443.000;163.000;803.000;570.000,340699.000
OQJwjQoYsf1KUgr9G0V8,1,person,POLYGON,KEEP,CANONICAL_PROVIDER_SEGMENTATION,PHASE_5B_CANONICALIZATION,PROVIDER_SEGMENTATION,,906.000;822.000;101.000;198.000,10218.000
OQJwjQoYsf1KUgr9G0V8,2,person,POLYGON,KEEP,CANONICAL_PROVIDER_SEGMENTATION,PHASE_5B_CANONICALIZATION,PROVIDER_SEGMENTATION,,557.000;530.000;129.000;265.000,14908.000
OQJwjQoYsf1KUgr9G0V8,3,helmet_on_head,POLYGON,KEEP,CANONICAL_PROVIDER_SEGMENTATION,PHASE_5B_CANONICALIZATION,PROVIDER_SEGMENTATION,,567.000;530.000;50.000;33.000,1119.000
OQJwjQoYsf1KUgr9G0V8,5,person,POLYGON,KEEP,CANONICAL_PROVIDER_SEGMENTATION,PHASE_5B_CANONICALIZATION,PROVIDER_SEGMENTATION,,802.000;648.000;108.000;132.000,10197.000
OQJwjQoYsf1KUgr9G0V8,7,helmet_on_head,POLYGON,KEEP,CANONICAL_PROVIDER_SEGMENTATION,PHASE_5B_CANONICALIZATION,PROVIDER_SEGMENTATION,,931.000;824.000;33.000;27.000,695.000
OQJwjQoYsf1KUgr9G0V8,8,helmet_on_head,POLYGON,KEEP,CANONICAL_PROVIDER_SEGMENTATION,PHASE_5B_CANONICALIZATION,PROVIDER_SEGMENTATION,,65.000;267.000;12.000;17.000,175.000
OQJwjQoYsf1KUgr9G0V8,C,vest_on_body,RLE,KEEP,CANONICAL_PROVIDER_SEGMENTATION,PHASE_5B_CANONICALIZATION,PROVIDER_SEGMENTATION,,858.000;48.000;19.000;34.000,565.000
OQJwjQoYsf1KUgr9G0V8,B,vest_on_body,RLE,KEEP,CANONICAL_PROVIDER_SEGMENTATION,PHASE_5B_CANONICALIZATION,PROVIDER_SEGMENTATION,,804.000;647.000;97.000;60.000,3523.000
OQJwjQoYsf1KUgr9G0V8,A,vest_on_body,RLE,KEEP,CANONICAL_PROVIDER_SEGMENTATION,PHASE_5B_CANONICALIZATION,PROVIDER_SEGMENTATION,,563.000;572.000;63.000;115.000,3989.000
OQJwjQoYsf1KUgr9G0V8,G,helmet_on_head,POLYGON,KEEP,CANONICAL_PROVIDER_SEGMENTATION,PHASE_5B_CANONICALIZATION,PROVIDER_SEGMENTATION,,862.000;36.000;8.000;8.000,44.000
OQJwjQoYsf1KUgr9G0V8,I,helmet_on_head,UNSUPPORTED,MATERIALIZE_RECTANGLE_FROM_BBOX,SOURCE_GEOMETRY_UNAVAILABLE,PHASE_5B_CANONICALIZATION,SYNTHETIC_FROM_PROVIDER_BBOX,,921.300;0.300;7.900;6.000,47.400
OQJwjQoYsf1KUgr9G0V8,J,vest_on_body,UNSUPPORTED,MATERIALIZE_RECTANGLE_FROM_BBOX,SOURCE_GEOMETRY_UNAVAILABLE,PHASE_5B_CANONICALIZATION,SYNTHETIC_FROM_PROVIDER_BBOX,,909.290;6.010;13.300;15.420,205.086
OQJwjQoYsf1KUgr9G0V8,M,person,POLYGON,KEEP,CANONICAL_PROVIDER_SEGMENTATION,PHASE_5B_CANONICALIZATION,PROVIDER_SEGMENTATION,,47.000;264.000;57.000;67.000,2174.000
OgbeepjjlVIRghzAMurI,1,person,POLYGON,KEEP,CANONICAL_PROVIDER_SEGMENTATION,PHASE_5B_CANONICALIZATION,PROVIDER_SEGMENTATION,,302.000;238.000;163.000;188.000,17011.000
OgbeepjjlVIRghzAMurI,2,helmet_on_head,POLYGON,KEEP,CANONICAL_PROVIDER_SEGMENTATION,PHASE_5B_CANONICALIZATION,PROVIDER_SEGMENTATION,,435.000;253.000;30.000;43.000,1079.000
OgbeepjjlVIRghzAMurI,3,vest_on_body,POLYGON,KEEP,CANONICAL_PROVIDER_SEGMENTATION,PHASE_5B_CANONICALIZATION,PROVIDER_SEGMENTATION,,332.000;237.000;79.000;58.000,1608.000
Onxr5fVm9Rf4SRgJSUwU,1,person,POLYGON,KEEP,CANONICAL_PROVIDER_SEGMENTATION,PHASE_5B_CANONICALIZATION,PROVIDER_SEGMENTATION,,204.000;0.000;635.000;898.000,308962.000
OugGxvkSv1brFNywY26P,1,helmet_loose,POLYGON,KEEP,CANONICAL_PROVIDER_SEGMENTATION,PHASE_5B_CANONICALIZATION,PROVIDER_SEGMENTATION,,533.000;788.000;343.000;241.000,60984.000
P2bOf45tvhUMqEYK8wqW,1,vest_on_body,POLYGON,KEEP,CANONICAL_PROVIDER_SEGMENTATION,PHASE_5B_CANONICALIZATION,PROVIDER_SEGMENTATION,,1009.000;565.000;162.000;262.000,32805.000
P2bOf45tvhUMqEYK8wqW,2,person,POLYGON,KEEP,CANONICAL_PROVIDER_SEGMENTATION,PHASE_5B_CANONICALIZATION,PROVIDER_SEGMENTATION,,935.000;460.000;246.000;633.000,85607.000
P2bOf45tvhUMqEYK8wqW,3,helmet_on_head,POLYGON,KEEP,CANONICAL_PROVIDER_SEGMENTATION,PHASE_5B_CANONICALIZATION,PROVIDER_SEGMENTATION,,1052.000;459.000;79.000;66.000,3020.000
P4kyoAALuWE7lYtori2d,3,person,RLE,KEEP,CANONICAL_PROVIDER_SEGMENTATION,PHASE_5B_CANONICALIZATION,PROVIDER_SEGMENTATION,,722.000;472.000;114.000;225.000,9738.000
P7zAHwjb68yXM9zLAlb1,1,person,POLYGON,KEEP,CANONICAL_PROVIDER_SEGMENTATION,PHASE_5B_CANONICALIZATION,PROVIDER_SEGMENTATION,,497.000;240.000;152.000;446.000,40373.000
P9Jz8sNsaNTHaD6dqhKc,1,vest_on_body,RLE,KEEP,CANONICAL_PROVIDER_SEGMENTATION,PHASE_5B_CANONICALIZATION,PROVIDER_SEGMENTATION,,960.000;535.000;95.000;191.000,9051.000
P9Jz8sNsaNTHaD6dqhKc,2,vest_on_body,RLE,KEEP,CANONICAL_PROVIDER_SEGMENTATION,PHASE_5B_CANONICALIZATION,PROVIDER_SEGMENTATION,,580.000;502.000;186.000;266.000,29192.000
P9Jz8sNsaNTHaD6dqhKc,3,vest_on_body,RLE,KEEP,CANONICAL_PROVIDER_SEGMENTATION,PHASE_5B_CANONICALIZATION,PROVIDER_SEGMENTATION,,445.000;556.000;112.000;224.000,19157.000
P9Jz8sNsaNTHaD6dqhKc,4,vest_on_body,RLE,KEEP,CANONICAL_PROVIDER_SEGMENTATION,PHASE_5B_CANONICALIZATION,PROVIDER_SEGMENTATION,,859.000;563.000;108.000;186.000,11380.000
P9Jz8sNsaNTHaD6dqhKc,5,person,RLE,KEEP,CANONICAL_PROVIDER_SEGMENTATION,PHASE_5B_CANONICALIZATION,PROVIDER_SEGMENTATION,,581.000;448.000;199.000;558.000,53222.000
P9Jz8sNsaNTHaD6dqhKc,6,person,RLE,KEEP,CANONICAL_PROVIDER_SEGMENTATION,PHASE_5B_CANONICALIZATION,PROVIDER_SEGMENTATION,,962.000;475.000;107.000;475.000,28479.000
P9Jz8sNsaNTHaD6dqhKc,7,person,RLE,KEEP,CANONICAL_PROVIDER_SEGMENTATION,PHASE_5B_CANONICALIZATION,PROVIDER_SEGMENTATION,,445.000;498.000;112.000;464.000,33542.000
P9Jz8sNsaNTHaD6dqhKc,8,person,RLE,KEEP,CANONICAL_PROVIDER_SEGMENTATION,PHASE_5B_CANONICALIZATION,PROVIDER_SEGMENTATION,,779.000;484.000;188.000;519.000,41298.000
P9Jz8sNsaNTHaD6dqhKc,B,helmet_on_head,RLE,KEEP,CANONICAL_PROVIDER_SEGMENTATION,PHASE_5B_CANONICALIZATION,PROVIDER_SEGMENTATION,,858.000;483.000;73.000;62.000,2415.000
P9Jz8sNsaNTHaD6dqhKc,A,helmet_on_head,RLE,KEEP,CANONICAL_PROVIDER_SEGMENTATION,PHASE_5B_CANONICALIZATION,PROVIDER_SEGMENTATION,,660.000;447.000;72.000;46.000,2434.000
P9Jz8sNsaNTHaD6dqhKc,D,helmet_on_head,POLYGON,KEEP,CANONICAL_PROVIDER_SEGMENTATION,PHASE_5B_CANONICALIZATION,PROVIDER_SEGMENTATION,,479.000;498.000;58.000;36.000,1249.000
P9Jz8sNsaNTHaD6dqhKc,E,helmet_on_head,POLYGON,KEEP,CANONICAL_PROVIDER_SEGMENTATION,PHASE_5B_CANONICALIZATION,PROVIDER_SEGMENTATION,,977.000;475.000;51.000;41.000,1283.000
PIo6f9EGJ9nINHXHAGy7,1,person,POLYGON,KEEP,CANONICAL_PROVIDER_SEGMENTATION,PHASE_5B_CANONICALIZATION,PROVIDER_SEGMENTATION,,332.000;125.000;1014.000;1173.000,621597.000
PIo6f9EGJ9nINHXHAGy7,2,vest_on_body,POLYGON,KEEP,CANONICAL_PROVIDER_SEGMENTATION,PHASE_5B_CANONICALIZATION,PROVIDER_SEGMENTATION,,615.000;446.000;533.000;734.000,296002.000
PIo6f9EGJ9nINHXHAGy7,3,helmet_loose,POLYGON,KEEP,CANONICAL_PROVIDER_SEGMENTATION,PHASE_5B_CANONICALIZATION,PROVIDER_SEGMENTATION,,409.000;763.000;242.000;163.000,26394.000
PTpMxjS814v4U28HlRcf,1,person,POLYGON,KEEP,CANONICAL_PROVIDER_SEGMENTATION,PHASE_5B_CANONICALIZATION,PROVIDER_SEGMENTATION,,217.000;124.000;395.000;472.000,122070.000
PqhswFNoQbq1qKOEBp5u,1,helmet_loose,POLYGON,KEEP,CANONICAL_PROVIDER_SEGMENTATION,PHASE_5B_CANONICALIZATION,PROVIDER_SEGMENTATION,,266.000;290.000;228.000;294.000,54226.000
PqhswFNoQbq1qKOEBp5u,2,helmet_loose,POLYGON,KEEP,CANONICAL_PROVIDER_SEGMENTATION,PHASE_5B_CANONICALIZATION,PROVIDER_SEGMENTATION,,499.000;303.000;233.000;283.000,53057.000
PqhswFNoQbq1qKOEBp5u,3,helmet_loose,POLYGON,KEEP,CANONICAL_PROVIDER_SEGMENTATION,PHASE_5B_CANONICALIZATION,PROVIDER_SEGMENTATION,,99.000;129.000;213.000;219.000,34582.000
PqhswFNoQbq1qKOEBp5u,4,helmet_loose,POLYGON,KEEP,CANONICAL_PROVIDER_SEGMENTATION,PHASE_5B_CANONICALIZATION,PROVIDER_SEGMENTATION,,33.000;320.000;233.000;294.000,51849.000
PqhswFNoQbq1qKOEBp5u,5,helmet_loose,POLYGON,KEEP,CANONICAL_PROVIDER_SEGMENTATION,PHASE_5B_CANONICALIZATION,PROVIDER_SEGMENTATION,,811.000;97.000;226.000;253.000,35858.000
PqhswFNoQbq1qKOEBp5u,6,helmet_loose,POLYGON,KEEP,CANONICAL_PROVIDER_SEGMENTATION,PHASE_5B_CANONICALIZATION,PROVIDER_SEGMENTATION,,607.000;88.000;201.000;266.000,39825.000
PqhswFNoQbq1qKOEBp5u,7,helmet_loose,POLYGON,KEEP,CANONICAL_PROVIDER_SEGMENTATION,PHASE_5B_CANONICALIZATION,PROVIDER_SEGMENTATION,,740.000;260.000;257.000;315.000,66110.000
PqhswFNoQbq1qKOEBp5u,8,helmet_loose,POLYGON,KEEP,CANONICAL_PROVIDER_SEGMENTATION,PHASE_5B_CANONICALIZATION,PROVIDER_SEGMENTATION,,386.000;101.000;216.000;262.000,40945.000
PqhswFNoQbq1qKOEBp5u,9,helmet_loose,POLYGON,KEEP,CANONICAL_PROVIDER_SEGMENTATION,PHASE_5B_CANONICALIZATION,PROVIDER_SEGMENTATION,,799.000;545.000;210.000;215.000,22009.000
PqhswFNoQbq1qKOEBp5u,A,helmet_loose,POLYGON,KEEP,CANONICAL_PROVIDER_SEGMENTATION,PHASE_5B_CANONICALIZATION,PROVIDER_SEGMENTATION,,509.000;550.000;208.000;137.000,18567.000
PqhswFNoQbq1qKOEBp5u,B,helmet_loose,POLYGON,KEEP,CANONICAL_PROVIDER_SEGMENTATION,PHASE_5B_CANONICALIZATION,PROVIDER_SEGMENTATION,,320.000;532.000;184.000;116.000,11654.000
PqhswFNoQbq1qKOEBp5u,C,helmet_loose,POLYGON,KEEP,CANONICAL_PROVIDER_SEGMENTATION,PHASE_5B_CANONICALIZATION,PROVIDER_SEGMENTATION,,121.000;528.000;191.000;150.000,13305.000
PqhswFNoQbq1qKOEBp5u,D,helmet_loose,POLYGON,KEEP,CANONICAL_PROVIDER_SEGMENTATION,PHASE_5B_CANONICALIZATION,PROVIDER_SEGMENTATION,,136.000;627.000;208.000;143.000,17361.000
PqhswFNoQbq1qKOEBp5u,F,helmet_loose,POLYGON,KEEP,CANONICAL_PROVIDER_SEGMENTATION,PHASE_5B_CANONICALIZATION,PROVIDER_SEGMENTATION,,333.000;595.000;193.000;150.000,16596.000
PqhswFNoQbq1qKOEBp5u,H,helmet_loose,POLYGON,KEEP,CANONICAL_PROVIDER_SEGMENTATION,PHASE_5B_CANONICALIZATION,PROVIDER_SEGMENTATION,,527.000;605.000;210.000;166.000,17970.000
PqhswFNoQbq1qKOEBp5u,J,helmet_loose,POLYGON,KEEP,CANONICAL_PROVIDER_SEGMENTATION,PHASE_5B_CANONICALIZATION,PROVIDER_SEGMENTATION,,729.000;477.000;229.000;200.000,20173.000
Pto3IbY2BV6RjJJsxw4T,3,helmet_loose,RLE,KEEP,CANONICAL_PROVIDER_SEGMENTATION,PHASE_5B_CANONICALIZATION,PROVIDER_SEGMENTATION,,669.000;253.000;799.000;496.000,236121.000
QUQENHzkWEHi5igbSpA1,1,person,POLYGON,KEEP,CANONICAL_PROVIDER_SEGMENTATION,PHASE_5B_CANONICALIZATION,PROVIDER_SEGMENTATION,,144.000;22.000;1298.000;1100.000,777662.000
QUQENHzkWEHi5igbSpA1,2,helmet_on_head,POLYGON,KEEP,CANONICAL_PROVIDER_SEGMENTATION,PHASE_5B_CANONICALIZATION,PROVIDER_SEGMENTATION,,546.000;22.000;480.000;355.000,98696.000
QVvTSJRWlcfwVnFYCOJ9,1,person,POLYGON,KEEP,CANONICAL_PROVIDER_SEGMENTATION,PHASE_5B_CANONICALIZATION,PROVIDER_SEGMENTATION,,628.000;123.000;490.000;942.000,251456.000
QVvTSJRWlcfwVnFYCOJ9,5,vest_on_body,RLE,KEEP,CANONICAL_PROVIDER_SEGMENTATION,PHASE_5B_CANONICALIZATION,PROVIDER_SEGMENTATION,,641.000;320.000;433.000;541.000,85511.000
QYjn7wMnjUSLcCSRwwn1,1,person,POLYGON,KEEP,CANONICAL_PROVIDER_SEGMENTATION,PHASE_5B_CANONICALIZATION,PROVIDER_SEGMENTATION,,428.000;491.000;940.000;1745.000,632684.000
QYjn7wMnjUSLcCSRwwn1,2,person,POLYGON,KEEP,CANONICAL_PROVIDER_SEGMENTATION,PHASE_5B_CANONICALIZATION,PROVIDER_SEGMENTATION,,270.000;825.000;115.000;277.000,18131.000
QiKJqc8mjFL8EnIf105y,1,person,POLYGON,KEEP,CANONICAL_PROVIDER_SEGMENTATION,PHASE_5B_CANONICALIZATION,PROVIDER_SEGMENTATION,,938.000;476.000;523.000;621.000,201062.000
QmjHa7u0ZQG0cE5HadWX,1,person,POLYGON,KEEP,CANONICAL_PROVIDER_SEGMENTATION,PHASE_5B_CANONICALIZATION,PROVIDER_SEGMENTATION,,473.000;335.000;745.000;974.000,494458.000
R32m4IeILycIsDayiufx,1,person,POLYGON,KEEP,CANONICAL_PROVIDER_SEGMENTATION,PHASE_5B_CANONICALIZATION,PROVIDER_SEGMENTATION,,411.000;459.000;229.000;597.000,77916.000
R32m4IeILycIsDayiufx,6,vest_on_body,RLE,KEEP,CANONICAL_PROVIDER_SEGMENTATION,PHASE_5B_CANONICALIZATION,PROVIDER_SEGMENTATION,,410.000;511.000;230.000;320.000,53624.000
RGHYIrvH4ypjKeh0X9jI,1,vest_on_body,RLE,KEEP,CANONICAL_PROVIDER_SEGMENTATION,PHASE_5B_CANONICALIZATION,PROVIDER_SEGMENTATION,,241.000;161.000;130.000;154.000,14764.000
RGHYIrvH4ypjKeh0X9jI,2,person,RLE,KEEP,CANONICAL_PROVIDER_SEGMENTATION,PHASE_5B_CANONICALIZATION,PROVIDER_SEGMENTATION,,348.000;108.000;216.000;594.000,83165.000
RGHYIrvH4ypjKeh0X9jI,3,person,RLE,KEEP,CANONICAL_PROVIDER_SEGMENTATION,PHASE_5B_CANONICALIZATION,PROVIDER_SEGMENTATION,,1209.000;0.000;347.000;879.000,135829.000
RGHYIrvH4ypjKeh0X9jI,4,person,RLE,KEEP,CANONICAL_PROVIDER_SEGMENTATION,PHASE_5B_CANONICALIZATION,PROVIDER_SEGMENTATION,,186.000;196.000;56.000;147.000,3932.000
RGHYIrvH4ypjKeh0X9jI,5,person,RLE,KEEP,CANONICAL_PROVIDER_SEGMENTATION,PHASE_5B_CANONICALIZATION,PROVIDER_SEGMENTATION,,315.000;336.000;44.000;158.000,4765.000
RGHYIrvH4ypjKeh0X9jI,6,person,RLE,KEEP,CANONICAL_PROVIDER_SEGMENTATION,PHASE_5B_CANONICALIZATION,PROVIDER_SEGMENTATION,,14.000;118.000;183.000;372.000,44182.000
RGHYIrvH4ypjKeh0X9jI,7,person,RLE,KEEP,CANONICAL_PROVIDER_SEGMENTATION,PHASE_5B_CANONICALIZATION,PROVIDER_SEGMENTATION,,808.000;178.000;119.000;308.000,19680.000
RGHYIrvH4ypjKeh0X9jI,8,person,RLE,KEEP,CANONICAL_PROVIDER_SEGMENTATION,PHASE_5B_CANONICALIZATION,PROVIDER_SEGMENTATION,,205.000;96.000;166.000;490.000,39380.000
RKuAbxAitj0j4NzRD0Px,1,person,POLYGON,KEEP,CANONICAL_PROVIDER_SEGMENTATION,PHASE_5B_CANONICALIZATION,PROVIDER_SEGMENTATION,,479.000;526.000;183.000;359.000,27945.000
RKuAbxAitj0j4NzRD0Px,2,vest_on_body,POLYGON,KEEP,CANONICAL_PROVIDER_SEGMENTATION,PHASE_5B_CANONICALIZATION,PROVIDER_SEGMENTATION,,534.000;581.000;92.000;134.000,9201.000
RKuAbxAitj0j4NzRD0Px,3,vest_on_body,POLYGON,KEEP,CANONICAL_PROVIDER_SEGMENTATION,PHASE_5B_CANONICALIZATION,PROVIDER_SEGMENTATION,,1073.000;595.000;66.000;108.000,5894.000
RKuAbxAitj0j4NzRD0Px,4,person,POLYGON,KEEP,CANONICAL_PROVIDER_SEGMENTATION,PHASE_5B_CANONICALIZATION,PROVIDER_SEGMENTATION,,1073.000;540.000;77.000;288.000,14555.000
RKuAbxAitj0j4NzRD0Px,5,helmet_on_head,POLYGON,KEEP,CANONICAL_PROVIDER_SEGMENTATION,PHASE_5B_CANONICALIZATION,PROVIDER_SEGMENTATION,,567.000;526.000;48.000;31.000,1062.000
RL2s7RdAmeNec6fLrJez,1,helmet_loose,POLYGON,KEEP,CANONICAL_PROVIDER_SEGMENTATION,PHASE_5B_CANONICALIZATION,PROVIDER_SEGMENTATION,,400.000;862.000;197.000;275.000,44273.000
RL2s7RdAmeNec6fLrJez,2,helmet_loose,POLYGON,KEEP,CANONICAL_PROVIDER_SEGMENTATION,PHASE_5B_CANONICALIZATION,PROVIDER_SEGMENTATION,,81.000;88.000;189.000;256.000,39533.000
RL2s7RdAmeNec6fLrJez,3,helmet_loose,POLYGON,KEEP,CANONICAL_PROVIDER_SEGMENTATION,PHASE_5B_CANONICALIZATION,PROVIDER_SEGMENTATION,,51.000;871.000;205.000;260.000,42887.000
RL2s7RdAmeNec6fLrJez,4,helmet_loose,POLYGON,KEEP,CANONICAL_PROVIDER_SEGMENTATION,PHASE_5B_CANONICALIZATION,PROVIDER_SEGMENTATION,,403.000;99.000;182.000;246.000,36770.000
RL2s7RdAmeNec6fLrJez,5,helmet_loose,POLYGON,KEEP,CANONICAL_PROVIDER_SEGMENTATION,PHASE_5B_CANONICALIZATION,PROVIDER_SEGMENTATION,,398.000;474.000;195.000;258.000,39839.000
RL2s7RdAmeNec6fLrJez,6,helmet_loose,POLYGON,KEEP,CANONICAL_PROVIDER_SEGMENTATION,PHASE_5B_CANONICALIZATION,PROVIDER_SEGMENTATION,,726.000;855.000;195.000;271.000,43021.000
RL2s7RdAmeNec6fLrJez,7,helmet_loose,POLYGON,KEEP,CANONICAL_PROVIDER_SEGMENTATION,PHASE_5B_CANONICALIZATION,PROVIDER_SEGMENTATION,,714.000;479.000;187.000;264.000,40323.000
RL2s7RdAmeNec6fLrJez,8,helmet_loose,POLYGON,KEEP,CANONICAL_PROVIDER_SEGMENTATION,PHASE_5B_CANONICALIZATION,PROVIDER_SEGMENTATION,,720.000;95.000;187.000;238.000,34937.000
RL2s7RdAmeNec6fLrJez,9,helmet_loose,POLYGON,KEEP,CANONICAL_PROVIDER_SEGMENTATION,PHASE_5B_CANONICALIZATION,PROVIDER_SEGMENTATION,,69.000;466.000;187.000;257.000,38755.000
RRlPrUJXfRWGGJ6CeKIL,2,person,POLYGON,KEEP,CANONICAL_PROVIDER_SEGMENTATION,PHASE_5B_CANONICALIZATION,PROVIDER_SEGMENTATION,,197.000;86.000;825.000;1212.000,633152.000
RRlPrUJXfRWGGJ6CeKIL,3,helmet_on_head,POLYGON,KEEP,CANONICAL_PROVIDER_SEGMENTATION,PHASE_5B_CANONICALIZATION,PROVIDER_SEGMENTATION,,321.000;86.000;432.000;456.000,104057.000
RRlPrUJXfRWGGJ6CeKIL,5,vest_on_body,POLYGON,KEEP,CANONICAL_PROVIDER_SEGMENTATION,PHASE_5B_CANONICALIZATION,PROVIDER_SEGMENTATION,,609.000;586.000;320.000;336.000,64310.000
RRlPrUJXfRWGGJ6CeKIL,6,vest_on_body,POLYGON,KEEP,CANONICAL_PROVIDER_SEGMENTATION,PHASE_5B_CANONICALIZATION,PROVIDER_SEGMENTATION,,236.000;649.000;337.000;480.000,91799.000
RRlPrUJXfRWGGJ6CeKIL,7,vest_on_body,POLYGON,KEEP,CANONICAL_PROVIDER_SEGMENTATION,PHASE_5B_CANONICALIZATION,PROVIDER_SEGMENTATION,,373.000;873.000;649.000;426.000,146444.000
RdJdZdkvlh1EvYQcyy98,1,vest_on_body,POLYGON,KEEP,CANONICAL_PROVIDER_SEGMENTATION,PHASE_5B_CANONICALIZATION,PROVIDER_SEGMENTATION,,112.000;745.000;667.000;825.000,284662.000
RdJdZdkvlh1EvYQcyy98,2,person,POLYGON,KEEP,CANONICAL_PROVIDER_SEGMENTATION,PHASE_5B_CANONICALIZATION,PROVIDER_SEGMENTATION,,84.000;556.000;954.000;1842.000,658777.000
RpNbe3NA9Ewqpz10Tid7,1,person,POLYGON,KEEP,CANONICAL_PROVIDER_SEGMENTATION,PHASE_5B_CANONICALIZATION,PROVIDER_SEGMENTATION,,291.000;227.000;293.000;601.000,81268.000
RpNbe3NA9Ewqpz10Tid7,2,person,POLYGON,KEEP,CANONICAL_PROVIDER_SEGMENTATION,PHASE_5B_CANONICALIZATION,PROVIDER_SEGMENTATION,,492.000;108.000;250.000;523.000,78644.000
RpNbe3NA9Ewqpz10Tid7,3,vest_on_body,POLYGON,KEEP,CANONICAL_PROVIDER_SEGMENTATION,PHASE_5B_CANONICALIZATION,PROVIDER_SEGMENTATION,,495.000;166.000;239.000;215.000,28015.000
RpNbe3NA9Ewqpz10Tid7,4,vest_on_body,POLYGON,KEEP,CANONICAL_PROVIDER_SEGMENTATION,PHASE_5B_CANONICALIZATION,PROVIDER_SEGMENTATION,,291.000;288.000;170.000;304.000,34682.000
RpNbe3NA9Ewqpz10Tid7,5,helmet_on_head,POLYGON,KEEP,CANONICAL_PROVIDER_SEGMENTATION,PHASE_5B_CANONICALIZATION,PROVIDER_SEGMENTATION,,344.000;226.000;131.000;112.000,10486.000
SA6z7RB5PM7Ij8AwZgp1,1,vest_on_body,RLE,KEEP,CANONICAL_PROVIDER_SEGMENTATION,PHASE_5B_CANONICALIZATION,PROVIDER_SEGMENTATION,,801.000;326.000;563.000;554.000,150433.000
SA6z7RB5PM7Ij8AwZgp1,2,person,RLE,KEEP,CANONICAL_PROVIDER_SEGMENTATION,PHASE_5B_CANONICALIZATION,PROVIDER_SEGMENTATION,,737.000;167.000;627.000;900.000,320803.000
SA6z7RB5PM7Ij8AwZgp1,4,helmet_on_head,RLE,KEEP,CANONICAL_PROVIDER_SEGMENTATION,PHASE_5B_CANONICALIZATION,PROVIDER_SEGMENTATION,,850.000;166.000;242.000;181.000,20625.000
SAxTZz7s67P7PHgPiVQD,O,person,RLE,KEEP,CANONICAL_PROVIDER_SEGMENTATION,PHASE_5B_CANONICALIZATION,PROVIDER_SEGMENTATION,,507.000;328.000;121.000;168.000,13649.000
SAxTZz7s67P7PHgPiVQD,N,person,RLE,KEEP,CANONICAL_PROVIDER_SEGMENTATION,PHASE_5B_CANONICALIZATION,PROVIDER_SEGMENTATION,,211.000;312.000;651.000;755.000,178912.000
SAxTZz7s67P7PHgPiVQD,M,person,RLE,KEEP,CANONICAL_PROVIDER_SEGMENTATION,PHASE_5B_CANONICALIZATION,PROVIDER_SEGMENTATION,,503.000;328.000;124.000;739.000,32413.000
SAxTZz7s67P7PHgPiVQD,L,person,RLE,KEEP,CANONICAL_PROVIDER_SEGMENTATION,PHASE_5B_CANONICALIZATION,PROVIDER_SEGMENTATION,,853.000;336.000;202.000;731.000,60138.000
SAxTZz7s67P7PHgPiVQD,K,person,RLE,KEEP,CANONICAL_PROVIDER_SEGMENTATION,PHASE_5B_CANONICALIZATION,PROVIDER_SEGMENTATION,,1217.000;315.000;199.000;752.000,49944.000
SAxTZz7s67P7PHgPiVQD,J,person,RLE,KEEP,CANONICAL_PROVIDER_SEGMENTATION,PHASE_5B_CANONICALIZATION,PROVIDER_SEGMENTATION,,479.000;384.000;45.000;101.000,3389.000
SAxTZz7s67P7PHgPiVQD,I,person,RLE,KEEP,CANONICAL_PROVIDER_SEGMENTATION,PHASE_5B_CANONICALIZATION,PROVIDER_SEGMENTATION,,834.000;456.000;121.000;163.000,7788.000
SAxTZz7s67P7PHgPiVQD,H,person,RLE,KEEP,CANONICAL_PROVIDER_SEGMENTATION,PHASE_5B_CANONICALIZATION,PROVIDER_SEGMENTATION,,263.000;279.000;658.000;788.000,193027.000
SAxTZz7s67P7PHgPiVQD,G,person,RLE,KEEP,CANONICAL_PROVIDER_SEGMENTATION,PHASE_5B_CANONICALIZATION,PROVIDER_SEGMENTATION,,940.000;263.000;439.000;804.000,226884.000
SAxTZz7s67P7PHgPiVQD,F,person,RLE,KEEP,CANONICAL_PROVIDER_SEGMENTATION,PHASE_5B_CANONICALIZATION,PROVIDER_SEGMENTATION,,208.000;358.000;76.000;200.000,9658.000
SAxTZz7s67P7PHgPiVQD,V,helmet_on_head,RLE,KEEP,CANONICAL_PROVIDER_SEGMENTATION,PHASE_5B_CANONICALIZATION,PROVIDER_SEGMENTATION,,934.000;335.000;122.000;88.000,5537.000
SAxTZz7s67P7PHgPiVQD,T,helmet_on_head,RLE,KEEP,CANONICAL_PROVIDER_SEGMENTATION,PHASE_5B_CANONICALIZATION,PROVIDER_SEGMENTATION,,679.000;279.000;152.000;117.000,11996.000
SAxTZz7s67P7PHgPiVQD,S,helmet_on_head,RLE,KEEP,CANONICAL_PROVIDER_SEGMENTATION,PHASE_5B_CANONICALIZATION,PROVIDER_SEGMENTATION,,1038.000;263.000;169.000;141.000,15777.000
SAxTZz7s67P7PHgPiVQD,R,helmet_on_head,RLE,KEEP,CANONICAL_PROVIDER_SEGMENTATION,PHASE_5B_CANONICALIZATION,PROVIDER_SEGMENTATION,,497.000;328.000;131.000;90.000,7420.000
SAxTZz7s67P7PHgPiVQD,c,vest_on_body,RLE,KEEP,CANONICAL_PROVIDER_SEGMENTATION,PHASE_5B_CANONICALIZATION,PROVIDER_SEGMENTATION,,876.000;484.000;78.000;105.000,4131.000
SAxTZz7s67P7PHgPiVQD,b,vest_on_body,RLE,KEEP,CANONICAL_PROVIDER_SEGMENTATION,PHASE_5B_CANONICALIZATION,PROVIDER_SEGMENTATION,,907.000;477.000;134.000;292.000,6951.000
SAxTZz7s67P7PHgPiVQD,a,vest_on_body,RLE,KEEP,CANONICAL_PROVIDER_SEGMENTATION,PHASE_5B_CANONICALIZATION,PROVIDER_SEGMENTATION,,529.000;463.000;61.000;321.000,2509.000
SAxTZz7s67P7PHgPiVQD,Z,vest_on_body,RLE,KEEP,CANONICAL_PROVIDER_SEGMENTATION,PHASE_5B_CANONICALIZATION,PROVIDER_SEGMENTATION,,555.000;430.000;315.000;444.000,76590.000
SAxTZz7s67P7PHgPiVQD,Y,vest_on_body,RLE,KEEP,CANONICAL_PROVIDER_SEGMENTATION,PHASE_5B_CANONICALIZATION,PROVIDER_SEGMENTATION,,1020.000;470.000;310.000;470.000,111964.000
SAxTZz7s67P7PHgPiVQD,X,vest_on_body,RLE,KEEP,CANONICAL_PROVIDER_SEGMENTATION,PHASE_5B_CANONICALIZATION,PROVIDER_SEGMENTATION,,208.000;375.000;67.000;72.000,3184.000
SAxTZz7s67P7PHgPiVQD,e,helmet_loose,POLYGON,KEEP,CANONICAL_PROVIDER_SEGMENTATION,PHASE_5B_CANONICALIZATION,PROVIDER_SEGMENTATION,,859.000;386.000;46.000;37.000,1248.000
SJJJI5U15RfnloEUpsCl,1,person,POLYGON,KEEP,CANONICAL_PROVIDER_SEGMENTATION,PHASE_5B_CANONICALIZATION,PROVIDER_SEGMENTATION,,250.000;178.000;892.000;1968.000,729504.000
SOVx70YdnCwZQTD0yb1N,1,person,POLYGON,KEEP,CANONICAL_PROVIDER_SEGMENTATION,PHASE_5B_CANONICALIZATION,PROVIDER_SEGMENTATION,,69.000;422.000;490.000;848.000,183563.000
SOVx70YdnCwZQTD0yb1N,2,vest_on_body,POLYGON,KEEP,CANONICAL_PROVIDER_SEGMENTATION,PHASE_5B_CANONICALIZATION,PROVIDER_SEGMENTATION,,139.000;526.000;296.000;389.000,63777.000
SOVx70YdnCwZQTD0yb1N,3,helmet_on_head,POLYGON,KEEP,CANONICAL_PROVIDER_SEGMENTATION,PHASE_5B_CANONICALIZATION,PROVIDER_SEGMENTATION,,337.000;422.000;177.000;119.000,15989.000
SPkjTewbo5B0mADZT61m,1,person,POLYGON,KEEP,CANONICAL_PROVIDER_SEGMENTATION,PHASE_5B_CANONICALIZATION,PROVIDER_SEGMENTATION,,12.000;76.000;902.000;1222.000,742953.000
SPkjTewbo5B0mADZT61m,2,vest_on_body,POLYGON,KEEP,CANONICAL_PROVIDER_SEGMENTATION,PHASE_5B_CANONICALIZATION,PROVIDER_SEGMENTATION,,301.000;375.000;486.000;650.000,196851.000
SPkjTewbo5B0mADZT61m,4,helmet_on_head,POLYGON,KEEP,CANONICAL_PROVIDER_SEGMENTATION,PHASE_5B_CANONICALIZATION,PROVIDER_SEGMENTATION,,574.000;70.000;342.000;333.000,81459.000
STq4QNtivjTEw93pnzUf,1,person,POLYGON,KEEP,CANONICAL_PROVIDER_SEGMENTATION,PHASE_5B_CANONICALIZATION,PROVIDER_SEGMENTATION,,158.000;141.000;576.000;1157.000,451296.000
STq4QNtivjTEw93pnzUf,2,helmet_on_head,POLYGON,KEEP,CANONICAL_PROVIDER_SEGMENTATION,PHASE_5B_CANONICALIZATION,PROVIDER_SEGMENTATION,,314.000;141.000;333.000;253.000,62026.000
SkRWCmGhaCswgUNKIAos,1,person,POLYGON,KEEP,CANONICAL_PROVIDER_SEGMENTATION,PHASE_5B_CANONICALIZATION,PROVIDER_SEGMENTATION,,557.000;1359.000;727.000;1018.000,349614.000
SkRWCmGhaCswgUNKIAos,2,helmet_on_head,POLYGON,KEEP,CANONICAL_PROVIDER_SEGMENTATION,PHASE_5B_CANONICALIZATION,PROVIDER_SEGMENTATION,,907.000;1359.000;224.000;256.000,26335.000
SoyYOpTgmlQWlluJOZEE,1,person,POLYGON,KEEP,CANONICAL_PROVIDER_SEGMENTATION,PHASE_5B_CANONICALIZATION,PROVIDER_SEGMENTATION,,470.000;69.000;1133.000;1229.000,855104.000
SoyYOpTgmlQWlluJOZEE,2,vest_on_body,POLYGON,KEEP,CANONICAL_PROVIDER_SEGMENTATION,PHASE_5B_CANONICALIZATION,PROVIDER_SEGMENTATION,,500.000;677.000;870.000;621.000,357059.000
SpqTKP1HgPTfRMf3kjMw,F,helmet_loose,RLE,KEEP,CANONICAL_PROVIDER_SEGMENTATION,PHASE_5B_CANONICALIZATION,PROVIDER_SEGMENTATION,,257.000;13.000;302.000;216.000,37675.000
SpqTKP1HgPTfRMf3kjMw,D,helmet_loose,RLE,KEEP,CANONICAL_PROVIDER_SEGMENTATION,PHASE_5B_CANONICALIZATION,PROVIDER_SEGMENTATION,,280.000;159.000;320.000;246.000,41493.000
SpqTKP1HgPTfRMf3kjMw,H,vest_on_body,RLE,KEEP,CANONICAL_PROVIDER_SEGMENTATION,PHASE_5B_CANONICALIZATION,PROVIDER_SEGMENTATION,,149.000;835.000;610.000;465.000,201033.000
SpqTKP1HgPTfRMf3kjMw,J,helmet_on_head,RLE,KEEP,CANONICAL_PROVIDER_SEGMENTATION,PHASE_5B_CANONICALIZATION,PROVIDER_SEGMENTATION,,297.000;320.000;324.000;276.000,70442.000
SpqTKP1HgPTfRMf3kjMw,L,helmet_on_head,POLYGON,KEEP,CANONICAL_PROVIDER_SEGMENTATION,PHASE_5B_CANONICALIZATION,PROVIDER_SEGMENTATION,,320.000;531.000;317.000;135.000,23890.000
SpqTKP1HgPTfRMf3kjMw,N,person,RLE,KEEP,CANONICAL_PROVIDER_SEGMENTATION,PHASE_5B_CANONICALIZATION,PROVIDER_SEGMENTATION,,0.000;124.000;975.000;1176.000,449784.000
SurmZufksfn5NllTtjD8,4,person,RLE,KEEP,CANONICAL_PROVIDER_SEGMENTATION,PHASE_5B_CANONICALIZATION,PROVIDER_SEGMENTATION,,719.000;358.000;350.000;620.000,43724.000
SurmZufksfn5NllTtjD8,3,person,RLE,KEEP,CANONICAL_PROVIDER_SEGMENTATION,PHASE_5B_CANONICALIZATION,PROVIDER_SEGMENTATION,,0.000;193.000;971.000;1017.000,337267.000
Sx8zzDNF7sd2E0aaDtN8,3,vest_on_body,POLYGON,KEEP,CANONICAL_PROVIDER_SEGMENTATION,PHASE_5B_CANONICALIZATION,PROVIDER_SEGMENTATION,,1460.000;445.000;139.000;251.000,24954.000
Sx8zzDNF7sd2E0aaDtN8,4,helmet_on_head,POLYGON,KEEP,CANONICAL_PROVIDER_SEGMENTATION,PHASE_5B_CANONICALIZATION,PROVIDER_SEGMENTATION,,372.000;98.000;627.000;415.000,139495.000
Sx8zzDNF7sd2E0aaDtN8,A,person,RLE,KEEP,CANONICAL_PROVIDER_SEGMENTATION,PHASE_5B_CANONICALIZATION,PROVIDER_SEGMENTATION,,328.000;98.000;773.000;969.000,476901.000
Sx8zzDNF7sd2E0aaDtN8,9,person,RLE,KEEP,CANONICAL_PROVIDER_SEGMENTATION,PHASE_5B_CANONICALIZATION,PROVIDER_SEGMENTATION,,753.000;20.000;569.000;906.000,169079.000
Sx8zzDNF7sd2E0aaDtN8,8,person,RLE,KEEP,CANONICAL_PROVIDER_SEGMENTATION,PHASE_5B_CANONICALIZATION,PROVIDER_SEGMENTATION,,0.000;71.000;421.000;996.000,137003.000
Sx8zzDNF7sd2E0aaDtN8,7,person,RLE,KEEP,CANONICAL_PROVIDER_SEGMENTATION,PHASE_5B_CANONICALIZATION,PROVIDER_SEGMENTATION,,1446.000;143.000;154.000;924.000,87298.000
Sxg7i96XAHXonWrVAV8Q,1,person,POLYGON,KEEP,CANONICAL_PROVIDER_SEGMENTATION,PHASE_5B_CANONICALIZATION,PROVIDER_SEGMENTATION,,707.000;409.000;274.000;375.000,62475.000
T6C7HiZwQDa07dlanhBF,1,person,POLYGON,KEEP,CANONICAL_PROVIDER_SEGMENTATION,PHASE_5B_CANONICALIZATION,PROVIDER_SEGMENTATION,,762.000;123.000;198.000;330.000,37119.000
T6C7HiZwQDa07dlanhBF,2,person,POLYGON,KEEP,CANONICAL_PROVIDER_SEGMENTATION,PHASE_5B_CANONICALIZATION,PROVIDER_SEGMENTATION,,763.000;409.000;122.000;506.000,40212.000
T6C7HiZwQDa07dlanhBF,3,helmet_on_head,POLYGON,KEEP,CANONICAL_PROVIDER_SEGMENTATION,PHASE_5B_CANONICALIZATION,PROVIDER_SEGMENTATION,,865.000;123.000;65.000;68.000,3501.000
T6C7HiZwQDa07dlanhBF,4,vest_on_body,POLYGON,KEEP,CANONICAL_PROVIDER_SEGMENTATION,PHASE_5B_CANONICALIZATION,PROVIDER_SEGMENTATION,,776.000;191.000;155.000;156.000,14152.000
T6C7HiZwQDa07dlanhBF,5,vest_on_body,POLYGON,KEEP,CANONICAL_PROVIDER_SEGMENTATION,PHASE_5B_CANONICALIZATION,PROVIDER_SEGMENTATION,,769.000;532.000;112.000;168.000,14679.000
THaelQmgDKdUwfSFIAx5,1,person,POLYGON,KEEP,CANONICAL_PROVIDER_SEGMENTATION,PHASE_5B_CANONICALIZATION,PROVIDER_SEGMENTATION,,713.000;0.000;886.000;1130.000,726281.000
THaelQmgDKdUwfSFIAx5,2,helmet_loose,POLYGON,KEEP,CANONICAL_PROVIDER_SEGMENTATION,PHASE_5B_CANONICALIZATION,PROVIDER_SEGMENTATION,,802.000;345.000;395.000;423.000,126360.000
TRn9Bx3c2kyqm0x9Suct,1,vest_on_body,RLE,KEEP,CANONICAL_PROVIDER_SEGMENTATION,PHASE_5B_CANONICALIZATION,PROVIDER_SEGMENTATION,,500.000;537.000;927.000;1677.000,799141.000
TRn9Bx3c2kyqm0x9Suct,2,person,RLE,KEEP,CANONICAL_PROVIDER_SEGMENTATION,PHASE_5B_CANONICALIZATION,PROVIDER_SEGMENTATION,,501.000;14.000;1002.000;2200.000,1577105.000
TfT34mr30shVLpJdQuu4,1,vest_on_body,RLE,KEEP,CANONICAL_PROVIDER_SEGMENTATION,PHASE_5B_CANONICALIZATION,PROVIDER_SEGMENTATION,,645.000;382.000;359.000;592.000,177726.000
TfT34mr30shVLpJdQuu4,2,person,RLE,KEEP,CANONICAL_PROVIDER_SEGMENTATION,PHASE_5B_CANONICALIZATION,PROVIDER_SEGMENTATION,,540.000;179.000;612.000;865.000,267334.000
TqbtZYtTWiEhg5zB0duU,1,person,POLYGON,KEEP,CANONICAL_PROVIDER_SEGMENTATION,PHASE_5B_CANONICALIZATION,PROVIDER_SEGMENTATION,,680.000;216.000;484.000;842.000,280236.000
Tw3kcCGIMX2DmGQevfCR,2,person,RLE,KEEP,CANONICAL_PROVIDER_SEGMENTATION,PHASE_5B_CANONICALIZATION,PROVIDER_SEGMENTATION,,687.000;298.000;440.000;957.000,221391.000
Tw3kcCGIMX2DmGQevfCR,4,vest_on_body,RLE,KEEP,CANONICAL_PROVIDER_SEGMENTATION,PHASE_5B_CANONICALIZATION,PROVIDER_SEGMENTATION,,687.000;472.000;332.000;511.000,114411.000
TwF1Rahc7CIP2gpmlbLS,1,helmet_loose,POLYGON,KEEP,CANONICAL_PROVIDER_SEGMENTATION,PHASE_5B_CANONICALIZATION,PROVIDER_SEGMENTATION,,173.000;265.000;149.000;160.000,18111.000
TwF1Rahc7CIP2gpmlbLS,2,helmet_loose,POLYGON,KEEP,CANONICAL_PROVIDER_SEGMENTATION,PHASE_5B_CANONICALIZATION,PROVIDER_SEGMENTATION,,55.000;282.000;130.000;153.000,13873.000
TwF1Rahc7CIP2gpmlbLS,3,helmet_loose,POLYGON,KEEP,CANONICAL_PROVIDER_SEGMENTATION,PHASE_5B_CANONICALIZATION,PROVIDER_SEGMENTATION,,318.000;231.000;159.000;176.000,21726.000
TwF1Rahc7CIP2gpmlbLS,4,helmet_loose,POLYGON,KEEP,CANONICAL_PROVIDER_SEGMENTATION,PHASE_5B_CANONICALIZATION,PROVIDER_SEGMENTATION,,708.000;106.000;208.000;231.000,36377.000
TwF1Rahc7CIP2gpmlbLS,5,helmet_loose,POLYGON,KEEP,CANONICAL_PROVIDER_SEGMENTATION,PHASE_5B_CANONICALIZATION,PROVIDER_SEGMENTATION,,492.000;162.000;174.000;186.000,24602.000
TwF1Rahc7CIP2gpmlbLS,A,vest_loose,POLYGON,KEEP,CANONICAL_PROVIDER_SEGMENTATION,PHASE_5B_CANONICALIZATION,PROVIDER_SEGMENTATION,,26.000;496.000;130.000;222.000,10712.000
TwF1Rahc7CIP2gpmlbLS,C,vest_loose,POLYGON,KEEP,CANONICAL_PROVIDER_SEGMENTATION,PHASE_5B_CANONICALIZATION,PROVIDER_SEGMENTATION,,77.000;470.000;146.000;248.000,21841.000
TwF1Rahc7CIP2gpmlbLS,E,vest_loose,POLYGON,KEEP,CANONICAL_PROVIDER_SEGMENTATION,PHASE_5B_CANONICALIZATION,PROVIDER_SEGMENTATION,,189.000;488.000;155.000;230.000,21737.000
TwF1Rahc7CIP2gpmlbLS,G,vest_loose,POLYGON,KEEP,CANONICAL_PROVIDER_SEGMENTATION,PHASE_5B_CANONICALIZATION,PROVIDER_SEGMENTATION,,307.000;464.000;189.000;254.000,30951.000
TwF1Rahc7CIP2gpmlbLS,I,vest_loose,POLYGON,KEEP,CANONICAL_PROVIDER_SEGMENTATION,PHASE_5B_CANONICALIZATION,PROVIDER_SEGMENTATION,,493.000;443.000;235.000;275.000,41612.000
TwF1Rahc7CIP2gpmlbLS,K,vest_loose,POLYGON,KEEP,CANONICAL_PROVIDER_SEGMENTATION,PHASE_5B_CANONICALIZATION,PROVIDER_SEGMENTATION,,745.000;431.000;239.000;287.000,52077.000
TypXpPM2GOKRXVcgFCjR,1,vest_on_body,POLYGON,KEEP,CANONICAL_PROVIDER_SEGMENTATION,PHASE_5B_CANONICALIZATION,PROVIDER_SEGMENTATION,,747.000;497.000;247.000;329.000,55579.000
TypXpPM2GOKRXVcgFCjR,2,person,POLYGON,KEEP,CANONICAL_PROVIDER_SEGMENTATION,PHASE_5B_CANONICALIZATION,PROVIDER_SEGMENTATION,,547.000;228.000;613.000;624.000,123249.000
TypXpPM2GOKRXVcgFCjR,3,helmet_on_head,POLYGON,KEEP,CANONICAL_PROVIDER_SEGMENTATION,PHASE_5B_CANONICALIZATION,PROVIDER_SEGMENTATION,,760.000;368.000;106.000;61.000,2002.000
U0AseIcul3Oj2l27WnM8,1,person,POLYGON,KEEP,CANONICAL_PROVIDER_SEGMENTATION,PHASE_5B_CANONICALIZATION,PROVIDER_SEGMENTATION,,0.000;538.000;1599.000;1860.000,2049254.000
U0AseIcul3Oj2l27WnM8,2,helmet_on_head,POLYGON,KEEP,CANONICAL_PROVIDER_SEGMENTATION,PHASE_5B_CANONICALIZATION,PROVIDER_SEGMENTATION,,516.000;535.000;660.000;489.000,180568.000
U1qd4okczSBsE3VT6pzg,1,person,POLYGON,KEEP,CANONICAL_PROVIDER_SEGMENTATION,PHASE_5B_CANONICALIZATION,PROVIDER_SEGMENTATION,,941.000;270.000;439.000;795.000,143694.000
U8OKPL7BU1Y2lII5M7Ui,1,person,POLYGON,KEEP,CANONICAL_PROVIDER_SEGMENTATION,PHASE_5B_CANONICALIZATION,PROVIDER_SEGMENTATION,,335.000;139.000;423.000;1159.000,288549.000
UCdf01APuQuNPLZxO7Vb,H,helmet_loose,RLE,KEEP,CANONICAL_PROVIDER_SEGMENTATION,PHASE_5B_CANONICALIZATION,PROVIDER_SEGMENTATION,,1145.000;715.000;380.000;279.000,76386.000
UCdf01APuQuNPLZxO7Vb,G,helmet_loose,RLE,KEEP,CANONICAL_PROVIDER_SEGMENTATION,PHASE_5B_CANONICALIZATION,PROVIDER_SEGMENTATION,,890.000;1235.000;408.000;309.000,91119.000
UCdf01APuQuNPLZxO7Vb,F,helmet_loose,RLE,KEEP,CANONICAL_PROVIDER_SEGMENTATION,PHASE_5B_CANONICALIZATION,PROVIDER_SEGMENTATION,,351.000;0.000;342.000;199.000,52758.000
UCdf01APuQuNPLZxO7Vb,E,helmet_loose,RLE,KEEP,CANONICAL_PROVIDER_SEGMENTATION,PHASE_5B_CANONICALIZATION,PROVIDER_SEGMENTATION,,0.000;838.000;232.000;287.000,50841.000
UCdf01APuQuNPLZxO7Vb,D,helmet_loose,RLE,KEEP,CANONICAL_PROVIDER_SEGMENTATION,PHASE_5B_CANONICALIZATION,PROVIDER_SEGMENTATION,,150.000;368.000;365.000;261.000,67575.000
UCdf01APuQuNPLZxO7Vb,C,helmet_loose,RLE,KEEP,CANONICAL_PROVIDER_SEGMENTATION,PHASE_5B_CANONICALIZATION,PROVIDER_SEGMENTATION,,811.000;109.000;349.000;247.000,61461.000
UCdf01APuQuNPLZxO7Vb,B,helmet_loose,RLE,KEEP,CANONICAL_PROVIDER_SEGMENTATION,PHASE_5B_CANONICALIZATION,PROVIDER_SEGMENTATION,,104.000;1594.000;431.000;331.000,102590.000
UCdf01APuQuNPLZxO7Vb,A,helmet_loose,RLE,KEEP,CANONICAL_PROVIDER_SEGMENTATION,PHASE_5B_CANONICALIZATION,PROVIDER_SEGMENTATION,,0.000;2233.000;369.000;157.000,43086.000
UCdf01APuQuNPLZxO7Vb,9,helmet_loose,RLE,KEEP,CANONICAL_PROVIDER_SEGMENTATION,PHASE_5B_CANONICALIZATION,PROVIDER_SEGMENTATION,,677.000;1829.000;443.000;345.000,110055.000
UCdf01APuQuNPLZxO7Vb,8,helmet_loose,RLE,KEEP,CANONICAL_PROVIDER_SEGMENTATION,PHASE_5B_CANONICALIZATION,PROVIDER_SEGMENTATION,,1458.000;1478.000;142.000;287.000,26919.000
UCdf01APuQuNPLZxO7Vb,7,helmet_loose,RLE,KEEP,CANONICAL_PROVIDER_SEGMENTATION,PHASE_5B_CANONICALIZATION,PROVIDER_SEGMENTATION,,0.000;265.000;47.000;139.000,4082.000
UCdf01APuQuNPLZxO7Vb,6,helmet_loose,RLE,KEEP,CANONICAL_PROVIDER_SEGMENTATION,PHASE_5B_CANONICALIZATION,PROVIDER_SEGMENTATION,,635.000;537.000;372.000;270.000,71807.000
UCdf01APuQuNPLZxO7Vb,5,helmet_loose,RLE,KEEP,CANONICAL_PROVIDER_SEGMENTATION,PHASE_5B_CANONICALIZATION,PROVIDER_SEGMENTATION,,351.000;1032.000;400.000;297.000,85201.000
UCdf01APuQuNPLZxO7Vb,4,helmet_loose,RLE,KEEP,CANONICAL_PROVIDER_SEGMENTATION,PHASE_5B_CANONICALIZATION,PROVIDER_SEGMENTATION,,1285.000;2078.000;315.000;312.000,78477.000
UCdf01APuQuNPLZxO7Vb,3,helmet_loose,RLE,KEEP,CANONICAL_PROVIDER_SEGMENTATION,PHASE_5B_CANONICALIZATION,PROVIDER_SEGMENTATION,,1388.000;0.000;212.000;107.000,19651.000
UCdf01APuQuNPLZxO7Vb,2,helmet_loose,RLE,KEEP,CANONICAL_PROVIDER_SEGMENTATION,PHASE_5B_CANONICALIZATION,PROVIDER_SEGMENTATION,,1293.000;265.000;307.000;255.000,60756.000
UUktj1unQEF7oxAAKuge,1,person,POLYGON,KEEP,CANONICAL_PROVIDER_SEGMENTATION,PHASE_5B_CANONICALIZATION,PROVIDER_SEGMENTATION,,1065.000;364.000;532.000;887.000,295945.000
Ud5BlYIB2FSpmLDEEq9z,1,vest_on_body,RLE,KEEP,CANONICAL_PROVIDER_SEGMENTATION,PHASE_5B_CANONICALIZATION,PROVIDER_SEGMENTATION,,492.000;350.000;147.000;87.000,3336.000
Ud5BlYIB2FSpmLDEEq9z,2,helmet_on_head,RLE,KEEP,CANONICAL_PROVIDER_SEGMENTATION,PHASE_5B_CANONICALIZATION,PROVIDER_SEGMENTATION,,639.000;369.000;53.000;73.000,2929.000
Ud5BlYIB2FSpmLDEEq9z,3,person,RLE,KEEP,CANONICAL_PROVIDER_SEGMENTATION,PHASE_5B_CANONICALIZATION,PROVIDER_SEGMENTATION,,446.000;350.000;246.000;282.000,34723.000
Um5Oft7wh92nWZzcd33C,1,person,POLYGON,KEEP,CANONICAL_PROVIDER_SEGMENTATION,PHASE_5B_CANONICALIZATION,PROVIDER_SEGMENTATION,,235.000;223.000;303.000;688.000,96896.000
Um5Oft7wh92nWZzcd33C,2,person,POLYGON,KEEP,CANONICAL_PROVIDER_SEGMENTATION,PHASE_5B_CANONICALIZATION,PROVIDER_SEGMENTATION,,868.000;314.000;213.000;743.000,101636.000
Um5Oft7wh92nWZzcd33C,3,person,POLYGON,KEEP,CANONICAL_PROVIDER_SEGMENTATION,PHASE_5B_CANONICALIZATION,PROVIDER_SEGMENTATION,,612.000;295.000;257.000;692.000,97146.000
Um5Oft7wh92nWZzcd33C,4,helmet_on_head,POLYGON,KEEP,CANONICAL_PROVIDER_SEGMENTATION,PHASE_5B_CANONICALIZATION,PROVIDER_SEGMENTATION,,333.000;220.000;79.000;46.000,2609.000
UzXLvGMEvzoOvv29dkyY,4,helmet_loose,POLYGON,KEEP,CANONICAL_PROVIDER_SEGMENTATION,PHASE_5B_CANONICALIZATION,PROVIDER_SEGMENTATION,,975.000;307.000;222.000;161.000,23657.000
UzXLvGMEvzoOvv29dkyY,5,helmet_loose,POLYGON,KEEP,CANONICAL_PROVIDER_SEGMENTATION,PHASE_5B_CANONICALIZATION,PROVIDER_SEGMENTATION,,410.000;307.000;198.000;192.000,27147.000
UzXLvGMEvzoOvv29dkyY,6,helmet_loose,POLYGON,KEEP,CANONICAL_PROVIDER_SEGMENTATION,PHASE_5B_CANONICALIZATION,PROVIDER_SEGMENTATION,,698.000;299.000;219.000;194.000,30999.000
V2ZGAcXVfLD8h3Nv7zCq,2,person,POLYGON,KEEP,CANONICAL_PROVIDER_SEGMENTATION,PHASE_5B_CANONICALIZATION,PROVIDER_SEGMENTATION,,17.000;754.000;453.000;1377.000,450142.000
V2ZGAcXVfLD8h3Nv7zCq,3,person,POLYGON,KEEP,CANONICAL_PROVIDER_SEGMENTATION,PHASE_5B_CANONICALIZATION,PROVIDER_SEGMENTATION,,385.000;789.000;406.000;1342.000,330529.000
V2ZGAcXVfLD8h3Nv7zCq,5,helmet_on_head,POLYGON,KEEP,CANONICAL_PROVIDER_SEGMENTATION,PHASE_5B_CANONICALIZATION,PROVIDER_SEGMENTATION,,89.000;757.000;298.000;174.000,33425.000
V2ZGAcXVfLD8h3Nv7zCq,7,helmet_on_head,POLYGON,KEEP,CANONICAL_PROVIDER_SEGMENTATION,PHASE_5B_CANONICALIZATION,PROVIDER_SEGMENTATION,,457.000;788.000;184.000;131.000,13765.000
V2ZGAcXVfLD8h3Nv7zCq,8,helmet_on_head,POLYGON,KEEP,CANONICAL_PROVIDER_SEGMENTATION,PHASE_5B_CANONICALIZATION,PROVIDER_SEGMENTATION,,1116.000;726.000;302.000;282.000,54623.000
V2ZGAcXVfLD8h3Nv7zCq,9,person,POLYGON,KEEP,CANONICAL_PROVIDER_SEGMENTATION,PHASE_5B_CANONICALIZATION,PROVIDER_SEGMENTATION,,1060.000;725.000;539.000;1406.000,584738.000
V2ZGAcXVfLD8h3Nv7zCq,A,person,POLYGON,KEEP,CANONICAL_PROVIDER_SEGMENTATION,PHASE_5B_CANONICALIZATION,PROVIDER_SEGMENTATION,,655.000;964.000;95.000;270.000,12145.000
V2ZGAcXVfLD8h3Nv7zCq,E,vest_on_body,RLE,KEEP,CANONICAL_PROVIDER_SEGMENTATION,PHASE_5B_CANONICALIZATION,PROVIDER_SEGMENTATION,,19.000;1044.000;425.000;662.000,161761.000
V2ZGAcXVfLD8h3Nv7zCq,D,vest_on_body,RLE,KEEP,CANONICAL_PROVIDER_SEGMENTATION,PHASE_5B_CANONICALIZATION,PROVIDER_SEGMENTATION,,419.000;1046.000;300.000;555.000,94817.000
V2ZGAcXVfLD8h3Nv7zCq,C,vest_on_body,RLE,KEEP,CANONICAL_PROVIDER_SEGMENTATION,PHASE_5B_CANONICALIZATION,PROVIDER_SEGMENTATION,,1064.000;1119.000;505.000;825.000,253360.000
VBtNhSPdKWG9aB5UwSAp,1,person,POLYGON,KEEP,CANONICAL_PROVIDER_SEGMENTATION,PHASE_5B_CANONICALIZATION,PROVIDER_SEGMENTATION,,68.000;243.000;634.000;1055.000,432203.000
VBtNhSPdKWG9aB5UwSAp,3,helmet_loose,POLYGON,KEEP,CANONICAL_PROVIDER_SEGMENTATION,PHASE_5B_CANONICALIZATION,PROVIDER_SEGMENTATION,,452.000;718.000;173.000;184.000,24760.000
VBtNhSPdKWG9aB5UwSAp,5,vest_on_body,RLE,KEEP,CANONICAL_PROVIDER_SEGMENTATION,PHASE_5B_CANONICALIZATION,PROVIDER_SEGMENTATION,,131.000;461.000;424.000;624.000,98469.000
VKyk8uoMs024kVF0SQRN,1,person,POLYGON,KEEP,CANONICAL_PROVIDER_SEGMENTATION,PHASE_5B_CANONICALIZATION,PROVIDER_SEGMENTATION,,699.000;138.000;719.000;1113.000,448794.000
Vtt35PA66TdcCFU5LqWG,1,helmet_loose,POLYGON,KEEP,CANONICAL_PROVIDER_SEGMENTATION,PHASE_5B_CANONICALIZATION,PROVIDER_SEGMENTATION,,114.000;260.000;137.000;170.000,17725.000
Vtt35PA66TdcCFU5LqWG,2,helmet_loose,POLYGON,KEEP,CANONICAL_PROVIDER_SEGMENTATION,PHASE_5B_CANONICALIZATION,PROVIDER_SEGMENTATION,,1312.000;100.000;155.000;205.000,25594.000
Vtt35PA66TdcCFU5LqWG,3,helmet_loose,POLYGON,KEEP,CANONICAL_PROVIDER_SEGMENTATION,PHASE_5B_CANONICALIZATION,PROVIDER_SEGMENTATION,,454.000;171.000;141.000;192.000,20905.000
Vtt35PA66TdcCFU5LqWG,4,helmet_loose,POLYGON,KEEP,CANONICAL_PROVIDER_SEGMENTATION,PHASE_5B_CANONICALIZATION,PROVIDER_SEGMENTATION,,653.000;127.000;146.000;194.000,22818.000
Vtt35PA66TdcCFU5LqWG,5,helmet_loose,POLYGON,KEEP,CANONICAL_PROVIDER_SEGMENTATION,PHASE_5B_CANONICALIZATION,PROVIDER_SEGMENTATION,,1076.000;65.000;154.000;207.000,25880.000
Vtt35PA66TdcCFU5LqWG,6,helmet_loose,POLYGON,KEEP,CANONICAL_PROVIDER_SEGMENTATION,PHASE_5B_CANONICALIZATION,PROVIDER_SEGMENTATION,,272.000;216.000;140.000;172.000,19212.000
Vtt35PA66TdcCFU5LqWG,7,helmet_loose,POLYGON,KEEP,CANONICAL_PROVIDER_SEGMENTATION,PHASE_5B_CANONICALIZATION,PROVIDER_SEGMENTATION,,1535.000;127.000;163.000;206.000,23621.000
Vtt35PA66TdcCFU5LqWG,8,helmet_loose,POLYGON,KEEP,CANONICAL_PROVIDER_SEGMENTATION,PHASE_5B_CANONICALIZATION,PROVIDER_SEGMENTATION,,1735.000;149.000;144.000;191.000,22683.000
Vtt35PA66TdcCFU5LqWG,9,helmet_loose,POLYGON,KEEP,CANONICAL_PROVIDER_SEGMENTATION,PHASE_5B_CANONICALIZATION,PROVIDER_SEGMENTATION,,0.000;291.000;95.000;149.000,12560.000
Vtt35PA66TdcCFU5LqWG,F,helmet_loose,POLYGON,KEEP,CANONICAL_PROVIDER_SEGMENTATION,PHASE_5B_CANONICALIZATION,PROVIDER_SEGMENTATION,,674.000;785.000;109.000;185.000,17518.000
Vtt35PA66TdcCFU5LqWG,I,helmet_loose,POLYGON,KEEP,CANONICAL_PROVIDER_SEGMENTATION,PHASE_5B_CANONICALIZATION,PROVIDER_SEGMENTATION,,712.000;783.000;58.000;54.000,2705.000
Vtt35PA66TdcCFU5LqWG,K,helmet_loose,POLYGON,KEEP,CANONICAL_PROVIDER_SEGMENTATION,PHASE_5B_CANONICALIZATION,PROVIDER_SEGMENTATION,,827.000;802.000;41.000;66.000,2179.000
Vtt35PA66TdcCFU5LqWG,M,helmet_loose,POLYGON,KEEP,CANONICAL_PROVIDER_SEGMENTATION,PHASE_5B_CANONICALIZATION,PROVIDER_SEGMENTATION,,859.000;813.000;33.000;72.000,1589.000
Vtt35PA66TdcCFU5LqWG,O,helmet_loose,POLYGON,KEEP,CANONICAL_PROVIDER_SEGMENTATION,PHASE_5B_CANONICALIZATION,PROVIDER_SEGMENTATION,,678.000;789.000;36.000;38.000,1017.000
Vtt35PA66TdcCFU5LqWG,e,vest_loose,RLE,KEEP,CANONICAL_PROVIDER_SEGMENTATION,PHASE_5B_CANONICALIZATION,PROVIDER_SEGMENTATION,,1243.000;207.000;241.000;455.000,69468.000
Vtt35PA66TdcCFU5LqWG,d,vest_loose,RLE,KEEP,CANONICAL_PROVIDER_SEGMENTATION,PHASE_5B_CANONICALIZATION,PROVIDER_SEGMENTATION,,675.000;818.000;217.000;169.000,19278.000
Vtt35PA66TdcCFU5LqWG,c,vest_loose,RLE,KEEP,CANONICAL_PROVIDER_SEGMENTATION,PHASE_5B_CANONICALIZATION,PROVIDER_SEGMENTATION,,124.000;322.000;161.000;431.000,42668.000
Vtt35PA66TdcCFU5LqWG,b,vest_loose,RLE,KEEP,CANONICAL_PROVIDER_SEGMENTATION,PHASE_5B_CANONICALIZATION,PROVIDER_SEGMENTATION,,266.000;327.000;188.000;421.000,54207.000
Vtt35PA66TdcCFU5LqWG,a,vest_loose,RLE,KEEP,CANONICAL_PROVIDER_SEGMENTATION,PHASE_5B_CANONICALIZATION,PROVIDER_SEGMENTATION,,1722.000;289.000;158.000;425.000,48452.000
Vtt35PA66TdcCFU5LqWG,Z,vest_loose,RLE,KEEP,CANONICAL_PROVIDER_SEGMENTATION,PHASE_5B_CANONICALIZATION,PROVIDER_SEGMENTATION,,0.000;379.000;157.000;400.000,44061.000
Vtt35PA66TdcCFU5LqWG,Y,vest_loose,RLE,KEEP,CANONICAL_PROVIDER_SEGMENTATION,PHASE_5B_CANONICALIZATION,PROVIDER_SEGMENTATION,,0.000;240.000;842.000;538.000,254401.000
Vtt35PA66TdcCFU5LqWG,X,vest_loose,RLE,KEEP,CANONICAL_PROVIDER_SEGMENTATION,PHASE_5B_CANONICALIZATION,PROVIDER_SEGMENTATION,,1003.000;182.000;252.000;475.000,72186.000
Vtt35PA66TdcCFU5LqWG,W,vest_loose,RLE,KEEP,CANONICAL_PROVIDER_SEGMENTATION,PHASE_5B_CANONICALIZATION,PROVIDER_SEGMENTATION,,459.000;279.000;217.000;450.000,57584.000
Vtt35PA66TdcCFU5LqWG,V,vest_loose,RLE,KEEP,CANONICAL_PROVIDER_SEGMENTATION,PHASE_5B_CANONICALIZATION,PROVIDER_SEGMENTATION,,1464.000;237.000;284.000;442.000,87595.000
Vtt35PA66TdcCFU5LqWG,U,vest_loose,RLE,KEEP,CANONICAL_PROVIDER_SEGMENTATION,PHASE_5B_CANONICALIZATION,PROVIDER_SEGMENTATION,,1004.000;189.000;876.000;520.000,241004.000
Vtt35PA66TdcCFU5LqWG,T,vest_loose,RLE,KEEP,CANONICAL_PROVIDER_SEGMENTATION,PHASE_5B_CANONICALIZATION,PROVIDER_SEGMENTATION,,643.000;233.000;201.000;461.000,57368.000
Vtt35PA66TdcCFU5LqWG,S,vest_loose,RLE,KEEP,CANONICAL_PROVIDER_SEGMENTATION,PHASE_5B_CANONICALIZATION,PROVIDER_SEGMENTATION,,0.000;323.000;452.000;454.000,138915.000
VzapfWdPlwdZ5ZjvR9Lz,1,vest_on_body,RLE,KEEP,CANONICAL_PROVIDER_SEGMENTATION,PHASE_5B_CANONICALIZATION,PROVIDER_SEGMENTATION,,267.000;0.000;1076.000;457.000,308642.000
VzapfWdPlwdZ5ZjvR9Lz,2,helmet_loose,RLE,KEEP,CANONICAL_PROVIDER_SEGMENTATION,PHASE_5B_CANONICALIZATION,PROVIDER_SEGMENTATION,,295.000;772.000;665.000;737.000,377557.000
VzapfWdPlwdZ5ZjvR9Lz,3,person,RLE,KEEP,CANONICAL_PROVIDER_SEGMENTATION,PHASE_5B_CANONICALIZATION,PROVIDER_SEGMENTATION,,0.000;0.000;926.000;2400.000,739025.000
VzapfWdPlwdZ5ZjvR9Lz,4,person,RLE,KEEP,CANONICAL_PROVIDER_SEGMENTATION,PHASE_5B_CANONICALIZATION,PROVIDER_SEGMENTATION,,268.000;0.000;1070.000;1955.000,663451.000
WDUbla9aKXNSFb1VPo3Y,1,person,POLYGON,KEEP,CANONICAL_PROVIDER_SEGMENTATION,PHASE_5B_CANONICALIZATION,PROVIDER_SEGMENTATION,,76.000;186.000;897.000;1112.000,555751.000
WDUbla9aKXNSFb1VPo3Y,2,vest_on_body,POLYGON,KEEP,CANONICAL_PROVIDER_SEGMENTATION,PHASE_5B_CANONICALIZATION,PROVIDER_SEGMENTATION,,186.000;887.000;787.000;411.000,271106.000
WDUbla9aKXNSFb1VPo3Y,3,helmet_on_head,POLYGON,KEEP,CANONICAL_PROVIDER_SEGMENTATION,PHASE_5B_CANONICALIZATION,PROVIDER_SEGMENTATION,,361.000;185.000;493.000;422.000,158638.000
WK7rSXorlMi85h9asAR3,1,helmet_on_head,POLYGON,KEEP,CANONICAL_PROVIDER_SEGMENTATION,PHASE_5B_CANONICALIZATION,PROVIDER_SEGMENTATION,,204.000;51.000;570.000;462.000,148622.000
WK7rSXorlMi85h9asAR3,2,vest_on_body,POLYGON,KEEP,CANONICAL_PROVIDER_SEGMENTATION,PHASE_5B_CANONICALIZATION,PROVIDER_SEGMENTATION,,0.000;786.000;735.000;512.000,172507.000
WK7rSXorlMi85h9asAR3,5,person,POLYGON,KEEP,CANONICAL_PROVIDER_SEGMENTATION,PHASE_5B_CANONICALIZATION,PROVIDER_SEGMENTATION,,0.000;50.000;773.000;1249.000,677436.000
WRFgtFooB6kjdViPXWHk,1,helmet_loose,POLYGON,KEEP,CANONICAL_PROVIDER_SEGMENTATION,PHASE_5B_CANONICALIZATION,PROVIDER_SEGMENTATION,,784.000;141.000;516.000;798.000,308846.000
WRFgtFooB6kjdViPXWHk,2,helmet_loose,POLYGON,KEEP,CANONICAL_PROVIDER_SEGMENTATION,PHASE_5B_CANONICALIZATION,PROVIDER_SEGMENTATION,,612.000;349.000;285.000;450.000,69192.000
WeIamb2srt7SBgcfAFq1,1,person,POLYGON,KEEP,CANONICAL_PROVIDER_SEGMENTATION,PHASE_5B_CANONICALIZATION,PROVIDER_SEGMENTATION,,0.000;370.000;258.000;348.000,58351.000
WeIamb2srt7SBgcfAFq1,2,person,POLYGON,KEEP,CANONICAL_PROVIDER_SEGMENTATION,PHASE_5B_CANONICALIZATION,PROVIDER_SEGMENTATION,,222.000;391.000;329.000;327.000,77099.000
WeIamb2srt7SBgcfAFq1,3,person,POLYGON,KEEP,CANONICAL_PROVIDER_SEGMENTATION,PHASE_5B_CANONICALIZATION,PROVIDER_SEGMENTATION,,619.000;526.000;312.000;192.000,34948.000
WfgDXbNWgS61DtELPPR9,1,person,POLYGON,KEEP,CANONICAL_PROVIDER_SEGMENTATION,PHASE_5B_CANONICALIZATION,PROVIDER_SEGMENTATION,,757.000;1050.000;426.000;1081.000,315590.000
WiRPJkDVQdPSvkqMW8Rh,1,helmet_loose,POLYGON,KEEP,CANONICAL_PROVIDER_SEGMENTATION,PHASE_5B_CANONICALIZATION,PROVIDER_SEGMENTATION,,367.000;579.000;156.000;133.000,15438.000
WizgfRCkmeL3P8qusBOI,1,vest_on_body,RLE,KEEP,CANONICAL_PROVIDER_SEGMENTATION,PHASE_5B_CANONICALIZATION,PROVIDER_SEGMENTATION,,453.000;379.000;170.000;324.000,40204.000
WizgfRCkmeL3P8qusBOI,2,vest_on_body,RLE,KEEP,CANONICAL_PROVIDER_SEGMENTATION,PHASE_5B_CANONICALIZATION,PROVIDER_SEGMENTATION,,266.000;374.000;174.000;225.000,27651.000
WizgfRCkmeL3P8qusBOI,3,vest_on_body,RLE,KEEP,CANONICAL_PROVIDER_SEGMENTATION,PHASE_5B_CANONICALIZATION,PROVIDER_SEGMENTATION,,8.000;305.000;248.000;280.000,47976.000
WizgfRCkmeL3P8qusBOI,4,vest_on_body,RLE,KEEP,CANONICAL_PROVIDER_SEGMENTATION,PHASE_5B_CANONICALIZATION,PROVIDER_SEGMENTATION,,454.000;377.000;245.000;326.000,53420.000
WizgfRCkmeL3P8qusBOI,5,helmet_on_head,RLE,KEEP,CANONICAL_PROVIDER_SEGMENTATION,PHASE_5B_CANONICALIZATION,PROVIDER_SEGMENTATION,,38.000;188.000;163.000;114.000,13596.000
WizgfRCkmeL3P8qusBOI,6,helmet_on_head,RLE,KEEP,CANONICAL_PROVIDER_SEGMENTATION,PHASE_5B_CANONICALIZATION,PROVIDER_SEGMENTATION,,531.000;233.000;153.000;127.000,14274.000
WizgfRCkmeL3P8qusBOI,7,helmet_on_head,RLE,KEEP,CANONICAL_PROVIDER_SEGMENTATION,PHASE_5B_CANONICALIZATION,PROVIDER_SEGMENTATION,,285.000;264.000;140.000;97.000,9560.000
WizgfRCkmeL3P8qusBOI,8,person,RLE,KEEP,CANONICAL_PROVIDER_SEGMENTATION,PHASE_5B_CANONICALIZATION,PROVIDER_SEGMENTATION,,936.000;451.000;19.000;38.000,539.000
WizgfRCkmeL3P8qusBOI,9,person,RLE,KEEP,CANONICAL_PROVIDER_SEGMENTATION,PHASE_5B_CANONICALIZATION,PROVIDER_SEGMENTATION,,1002.000;445.000;36.000;76.000,1614.000
WizgfRCkmeL3P8qusBOI,A,person,RLE,KEEP,CANONICAL_PROVIDER_SEGMENTATION,PHASE_5B_CANONICALIZATION,PROVIDER_SEGMENTATION,,415.000;234.000;303.000;803.000,157226.000
WizgfRCkmeL3P8qusBOI,B,person,RLE,KEEP,CANONICAL_PROVIDER_SEGMENTATION,PHASE_5B_CANONICALIZATION,PROVIDER_SEGMENTATION,,891.000;437.000;36.000;85.000,1827.000
WizgfRCkmeL3P8qusBOI,C,person,RLE,KEEP,CANONICAL_PROVIDER_SEGMENTATION,PHASE_5B_CANONICALIZATION,PROVIDER_SEGMENTATION,,616.000;358.000;140.000;679.000,28060.000
WizgfRCkmeL3P8qusBOI,D,person,RLE,KEEP,CANONICAL_PROVIDER_SEGMENTATION,PHASE_5B_CANONICALIZATION,PROVIDER_SEGMENTATION,,7.000;188.000;274.000;849.000,161234.000
WizgfRCkmeL3P8qusBOI,E,person,RLE,KEEP,CANONICAL_PROVIDER_SEGMENTATION,PHASE_5B_CANONICALIZATION,PROVIDER_SEGMENTATION,,254.000;264.000;189.000;756.000,89415.000
WmrVhZUFxNgrZvYUWnIJ,1,person,POLYGON,KEEP,CANONICAL_PROVIDER_SEGMENTATION,PHASE_5B_CANONICALIZATION,PROVIDER_SEGMENTATION,,38.000;98.000;906.000;1200.000,665069.000
WmrVhZUFxNgrZvYUWnIJ,2,helmet_on_head,POLYGON,KEEP,CANONICAL_PROVIDER_SEGMENTATION,PHASE_5B_CANONICALIZATION,PROVIDER_SEGMENTATION,,326.000;95.000;283.000;246.000,38483.000
WmrVhZUFxNgrZvYUWnIJ,4,vest_on_body,POLYGON,KEEP,CANONICAL_PROVIDER_SEGMENTATION,PHASE_5B_CANONICALIZATION,PROVIDER_SEGMENTATION,,193.000;515.000;593.000;784.000,196489.000
WmrVhZUFxNgrZvYUWnIJ,5,vest_on_body,POLYGON,KEEP,CANONICAL_PROVIDER_SEGMENTATION,PHASE_5B_CANONICALIZATION,PROVIDER_SEGMENTATION,,102.000;544.000;382.000;570.000,126011.000
WrxzGNad1ocUQmr32npK,1,person,POLYGON,KEEP,CANONICAL_PROVIDER_SEGMENTATION,PHASE_5B_CANONICALIZATION,PROVIDER_SEGMENTATION,,47.000;235.000;1467.000;2163.000,2089701.000
WrxzGNad1ocUQmr32npK,2,vest_on_body,POLYGON,KEEP,CANONICAL_PROVIDER_SEGMENTATION,PHASE_5B_CANONICALIZATION,PROVIDER_SEGMENTATION,,140.000;1038.000;1286.000;690.000,542325.000
WrxzGNad1ocUQmr32npK,3,helmet_on_head,POLYGON,KEEP,CANONICAL_PROVIDER_SEGMENTATION,PHASE_5B_CANONICALIZATION,PROVIDER_SEGMENTATION,,507.000;235.000;585.000;426.000,142999.000
Wv9gMcKNBNTvFlSRuZe3,1,person,POLYGON,KEEP,CANONICAL_PROVIDER_SEGMENTATION,PHASE_5B_CANONICALIZATION,PROVIDER_SEGMENTATION,,726.000;315.000;228.000;467.000,55471.000
Wv9gMcKNBNTvFlSRuZe3,2,helmet_loose,POLYGON,KEEP,CANONICAL_PROVIDER_SEGMENTATION,PHASE_5B_CANONICALIZATION,PROVIDER_SEGMENTATION,,830.000;503.000;778.000;684.000,395124.000
Wv9gMcKNBNTvFlSRuZe3,4,vest_on_body,RLE,KEEP,CANONICAL_PROVIDER_SEGMENTATION,PHASE_5B_CANONICALIZATION,PROVIDER_SEGMENTATION,,751.000;345.000;171.000;213.000,29942.000
WvGmeXrUqULTXbaSGJgZ,1,helmet_on_head,POLYGON,KEEP,CANONICAL_PROVIDER_SEGMENTATION,PHASE_5B_CANONICALIZATION,PROVIDER_SEGMENTATION,,794.000;357.000;391.000;229.000,51799.000
WvGmeXrUqULTXbaSGJgZ,2,person,POLYGON,KEEP,CANONICAL_PROVIDER_SEGMENTATION,PHASE_5B_CANONICALIZATION,PROVIDER_SEGMENTATION,,802.000;357.000;440.000;894.000,294497.000
WvGmeXrUqULTXbaSGJgZ,5,vest_on_body,POLYGON,KEEP,CANONICAL_PROVIDER_SEGMENTATION,PHASE_5B_CANONICALIZATION,PROVIDER_SEGMENTATION,,1122.000;815.000;126.000;437.000,16190.000
WvGmeXrUqULTXbaSGJgZ,6,vest_on_body,POLYGON,KEEP,CANONICAL_PROVIDER_SEGMENTATION,PHASE_5B_CANONICALIZATION,PROVIDER_SEGMENTATION,,962.000;818.000;168.000;248.000,10384.000
WvGmeXrUqULTXbaSGJgZ,7,vest_on_body,POLYGON,KEEP,CANONICAL_PROVIDER_SEGMENTATION,PHASE_5B_CANONICALIZATION,PROVIDER_SEGMENTATION,,799.000;885.000;65.000;310.000,5465.000
Wxlj5YOPuTXsUopMH7bg,1,person,POLYGON,KEEP,CANONICAL_PROVIDER_SEGMENTATION,PHASE_5B_CANONICALIZATION,PROVIDER_SEGMENTATION,,428.000;104.000;392.000;497.000,55932.000
WzTgGIeyuH1B3BYfY7tf,1,person,POLYGON,KEEP,CANONICAL_PROVIDER_SEGMENTATION,PHASE_5B_CANONICALIZATION,PROVIDER_SEGMENTATION,,819.000;71.000;328.000;614.000,84427.000
X5ZA7xQ8Kzl1xm0xBcdd,1,vest_on_body,RLE,KEEP,CANONICAL_PROVIDER_SEGMENTATION,PHASE_5B_CANONICALIZATION,PROVIDER_SEGMENTATION,,513.000;0.000;1079.000;1067.000,864552.000
X5ZA7xQ8Kzl1xm0xBcdd,2,person,RLE,KEEP,CANONICAL_PROVIDER_SEGMENTATION,PHASE_5B_CANONICALIZATION,PROVIDER_SEGMENTATION,,255.000;0.000;189.000;446.000,48785.000
X8B97hWGbmozigS9fEf4,1,person,POLYGON,KEEP,CANONICAL_PROVIDER_SEGMENTATION,PHASE_5B_CANONICALIZATION,PROVIDER_SEGMENTATION,,649.000;228.000;1090.000;1023.000,481528.000
X8B97hWGbmozigS9fEf4,2,vest_on_body,POLYGON,KEEP,CANONICAL_PROVIDER_SEGMENTATION,PHASE_5B_CANONICALIZATION,PROVIDER_SEGMENTATION,,1134.000;510.000;610.000;730.000,286228.000
XJ12x7QMBoWQ5JDrvK1E,1,person,POLYGON,KEEP,CANONICAL_PROVIDER_SEGMENTATION,PHASE_5B_CANONICALIZATION,PROVIDER_SEGMENTATION,,847.000;372.000;87.000;78.000,4073.000
XJ12x7QMBoWQ5JDrvK1E,2,helmet_on_head,POLYGON,KEEP,CANONICAL_PROVIDER_SEGMENTATION,PHASE_5B_CANONICALIZATION,PROVIDER_SEGMENTATION,,881.000;317.000;46.000;34.000,1299.000
XJ12x7QMBoWQ5JDrvK1E,4,vest_on_body,RLE,KEEP,CANONICAL_PROVIDER_SEGMENTATION,PHASE_5B_CANONICALIZATION,PROVIDER_SEGMENTATION,,849.000;367.000;92.000;90.000,4306.000
XQUau6Bs9iWpTYrXHtq0,1,person,POLYGON,KEEP,CANONICAL_PROVIDER_SEGMENTATION,PHASE_5B_CANONICALIZATION,PROVIDER_SEGMENTATION,,247.000;696.000;287.000;501.000,64879.000
XR2eyVIj5HC0jcNt3TaF,1,person,POLYGON,KEEP,CANONICAL_PROVIDER_SEGMENTATION,PHASE_5B_CANONICALIZATION,PROVIDER_SEGMENTATION,,403.000;195.000;744.000;870.000,378460.000
XR2eyVIj5HC0jcNt3TaF,3,helmet_on_head,POLYGON,KEEP,CANONICAL_PROVIDER_SEGMENTATION,PHASE_5B_CANONICALIZATION,PROVIDER_SEGMENTATION,,542.000;195.000;331.000;204.000,42612.000
XR2eyVIj5HC0jcNt3TaF,5,vest_on_body,RLE,KEEP,CANONICAL_PROVIDER_SEGMENTATION,PHASE_5B_CANONICALIZATION,PROVIDER_SEGMENTATION,,405.000;623.000;501.000;444.000,34817.000
XakHn7NQJzcdCBMuA4V1,2,person,POLYGON,KEEP,CANONICAL_PROVIDER_SEGMENTATION,PHASE_5B_CANONICALIZATION,PROVIDER_SEGMENTATION,,818.000;283.000;308.000;534.000,127474.000
XakHn7NQJzcdCBMuA4V1,3,person,POLYGON,KEEP,CANONICAL_PROVIDER_SEGMENTATION,PHASE_5B_CANONICALIZATION,PROVIDER_SEGMENTATION,,565.000;274.000;268.000;339.000,66895.000
XakHn7NQJzcdCBMuA4V1,6,person,RLE,KEEP,CANONICAL_PROVIDER_SEGMENTATION,PHASE_5B_CANONICALIZATION,PROVIDER_SEGMENTATION,,744.000;143.000;388.000;1187.000,280445.000
XakHn7NQJzcdCBMuA4V1,5,person,RLE,KEEP,CANONICAL_PROVIDER_SEGMENTATION,PHASE_5B_CANONICALIZATION,PROVIDER_SEGMENTATION,,563.000;210.000;382.000;869.000,136641.000
XglPXJS02oKjbtcYMeG1,1,person,POLYGON,KEEP,CANONICAL_PROVIDER_SEGMENTATION,PHASE_5B_CANONICALIZATION,PROVIDER_SEGMENTATION,,220.000;151.000;745.000;778.000,384733.000
XglPXJS02oKjbtcYMeG1,2,helmet_loose,POLYGON,KEEP,CANONICAL_PROVIDER_SEGMENTATION,PHASE_5B_CANONICALIZATION,PROVIDER_SEGMENTATION,,289.000;165.000;245.000;308.000,60277.000
XvqBrAuKPXCrvqEIjBai,1,vest_on_body,RLE,KEEP,CANONICAL_PROVIDER_SEGMENTATION,PHASE_5B_CANONICALIZATION,PROVIDER_SEGMENTATION,,0.000;0.000;509.000;427.000,60919.000
XvqBrAuKPXCrvqEIjBai,2,helmet_on_head,RLE,KEEP,CANONICAL_PROVIDER_SEGMENTATION,PHASE_5B_CANONICALIZATION,PROVIDER_SEGMENTATION,,502.000;0.000;219.000;133.000,19211.000
XvqBrAuKPXCrvqEIjBai,3,person,RLE,KEEP,CANONICAL_PROVIDER_SEGMENTATION,PHASE_5B_CANONICALIZATION,PROVIDER_SEGMENTATION,,0.000;0.000;889.000;1067.000,463157.000
XvqBrAuKPXCrvqEIjBai,4,person,RLE,KEEP,CANONICAL_PROVIDER_SEGMENTATION,PHASE_5B_CANONICALIZATION,PROVIDER_SEGMENTATION,,768.000;0.000;152.000;188.000,19003.000
Y1meTyz9qAlTOKqcMF21,1,person,POLYGON,KEEP,CANONICAL_PROVIDER_SEGMENTATION,PHASE_5B_CANONICALIZATION,PROVIDER_SEGMENTATION,,352.000;695.000;309.000;603.000,126457.000
Y1meTyz9qAlTOKqcMF21,3,helmet_on_head,POLYGON,KEEP,CANONICAL_PROVIDER_SEGMENTATION,PHASE_5B_CANONICALIZATION,PROVIDER_SEGMENTATION,,402.000;695.000;120.000;105.000,5535.000
Y1meTyz9qAlTOKqcMF21,5,vest_on_body,POLYGON,KEEP,CANONICAL_PROVIDER_SEGMENTATION,PHASE_5B_CANONICALIZATION,PROVIDER_SEGMENTATION,,383.000;858.000;119.000;84.000,4488.000
Y1meTyz9qAlTOKqcMF21,6,vest_on_body,POLYGON,KEEP,CANONICAL_PROVIDER_SEGMENTATION,PHASE_5B_CANONICALIZATION,PROVIDER_SEGMENTATION,,522.000;855.000;61.000;79.000,3651.000
Y1meTyz9qAlTOKqcMF21,7,vest_on_body,POLYGON,KEEP,CANONICAL_PROVIDER_SEGMENTATION,PHASE_5B_CANONICALIZATION,PROVIDER_SEGMENTATION,,522.000;999.000;88.000;200.000,11791.000
Y1meTyz9qAlTOKqcMF21,8,vest_on_body,POLYGON,KEEP,CANONICAL_PROVIDER_SEGMENTATION,PHASE_5B_CANONICALIZATION,PROVIDER_SEGMENTATION,,367.000;1017.000;149.000;186.000,23289.000
Y8Qx4RUxXlcq5dm2gx4n,1,person,POLYGON,KEEP,CANONICAL_PROVIDER_SEGMENTATION,PHASE_5B_CANONICALIZATION,PROVIDER_SEGMENTATION,,484.000;112.000;681.000;953.000,415101.000
Y8Qx4RUxXlcq5dm2gx4n,2,person,POLYGON,KEEP,CANONICAL_PROVIDER_SEGMENTATION,PHASE_5B_CANONICALIZATION,PROVIDER_SEGMENTATION,,390.000;356.000;129.000;451.000,32501.000
Y8Qx4RUxXlcq5dm2gx4n,3,person,POLYGON,KEEP,CANONICAL_PROVIDER_SEGMENTATION,PHASE_5B_CANONICALIZATION,PROVIDER_SEGMENTATION,,247.000;330.000;144.000;527.000,45586.000
Y8Qx4RUxXlcq5dm2gx4n,4,helmet_on_head,POLYGON,KEEP,CANONICAL_PROVIDER_SEGMENTATION,PHASE_5B_CANONICALIZATION,PROVIDER_SEGMENTATION,,661.000;112.000;272.000;194.000,32924.000
Y8Qx4RUxXlcq5dm2gx4n,5,helmet_on_head,POLYGON,KEEP,CANONICAL_PROVIDER_SEGMENTATION,PHASE_5B_CANONICALIZATION,PROVIDER_SEGMENTATION,,409.000;359.000;64.000;39.000,1869.000
Y8Qx4RUxXlcq5dm2gx4n,6,helmet_on_head,POLYGON,KEEP,CANONICAL_PROVIDER_SEGMENTATION,PHASE_5B_CANONICALIZATION,PROVIDER_SEGMENTATION,,303.000;331.000;88.000;46.000,2183.000
Y8Qx4RUxXlcq5dm2gx4n,B,vest_on_body,RLE,KEEP,CANONICAL_PROVIDER_SEGMENTATION,PHASE_5B_CANONICALIZATION,PROVIDER_SEGMENTATION,,385.000;426.000;136.000;173.000,14145.000
Y8Qx4RUxXlcq5dm2gx4n,A,vest_on_body,RLE,KEEP,CANONICAL_PROVIDER_SEGMENTATION,PHASE_5B_CANONICALIZATION,PROVIDER_SEGMENTATION,,486.000;470.000;681.000;597.000,279925.000
YEZrZA7GrbvlyKBA7z5q,1,person,POLYGON,KEEP,CANONICAL_PROVIDER_SEGMENTATION,PHASE_5B_CANONICALIZATION,PROVIDER_SEGMENTATION,,0.000;0.000;1212.000;1298.000,1309325.000
YEZrZA7GrbvlyKBA7z5q,4,helmet_loose,POLYGON,KEEP,CANONICAL_PROVIDER_SEGMENTATION,PHASE_5B_CANONICALIZATION,PROVIDER_SEGMENTATION,,474.000;753.000;477.000;299.000,41737.000
YEZrZA7GrbvlyKBA7z5q,5,helmet_loose,POLYGON,KEEP,CANONICAL_PROVIDER_SEGMENTATION,PHASE_5B_CANONICALIZATION,PROVIDER_SEGMENTATION,,399.000;125.000;582.000;455.000,125530.000
YUsaUSUsoTg1Dhf5PVRS,1,person,POLYGON,KEEP,CANONICAL_PROVIDER_SEGMENTATION,PHASE_5B_CANONICALIZATION,PROVIDER_SEGMENTATION,,457.000;251.000;123.000;365.000,22870.000
YUsaUSUsoTg1Dhf5PVRS,2,vest_on_body,POLYGON,KEEP,CANONICAL_PROVIDER_SEGMENTATION,PHASE_5B_CANONICALIZATION,PROVIDER_SEGMENTATION,,484.000;337.000;71.000;93.000,4840.000
YUsaUSUsoTg1Dhf5PVRS,4,helmet_on_head,POLYGON,KEEP,CANONICAL_PROVIDER_SEGMENTATION,PHASE_5B_CANONICALIZATION,PROVIDER_SEGMENTATION,,528.000;296.000;16.000;17.000,174.000
Ye8ccAU3zvBw2RWzUr4w,1,person,POLYGON,KEEP,CANONICAL_PROVIDER_SEGMENTATION,PHASE_5B_CANONICALIZATION,PROVIDER_SEGMENTATION,,292.000;367.000;503.000;591.000,209015.000
Ye8ccAU3zvBw2RWzUr4w,2,person,POLYGON,KEEP,CANONICAL_PROVIDER_SEGMENTATION,PHASE_5B_CANONICALIZATION,PROVIDER_SEGMENTATION,,117.000;500.000;197.000;450.000,62906.000
Ye8ccAU3zvBw2RWzUr4w,7,vest_on_body,RLE,KEEP,CANONICAL_PROVIDER_SEGMENTATION,PHASE_5B_CANONICALIZATION,PROVIDER_SEGMENTATION,,118.000;597.000;174.000;301.000,32619.000
Ye8ccAU3zvBw2RWzUr4w,6,vest_on_body,RLE,KEEP,CANONICAL_PROVIDER_SEGMENTATION,PHASE_5B_CANONICALIZATION,PROVIDER_SEGMENTATION,,306.000;631.000;472.000;327.000,56013.000
Yus4GG8O9bfML35pe2Xg,1,person,POLYGON,KEEP,CANONICAL_PROVIDER_SEGMENTATION,PHASE_5B_CANONICALIZATION,PROVIDER_SEGMENTATION,,0.000;216.000;561.000;849.000,343541.000
Yus4GG8O9bfML35pe2Xg,2,person,POLYGON,KEEP,CANONICAL_PROVIDER_SEGMENTATION,PHASE_5B_CANONICALIZATION,PROVIDER_SEGMENTATION,,661.000;38.000;938.000;1027.000,582776.000
Yus4GG8O9bfML35pe2Xg,3,helmet_on_head,POLYGON,KEEP,CANONICAL_PROVIDER_SEGMENTATION,PHASE_5B_CANONICALIZATION,PROVIDER_SEGMENTATION,,873.000;41.000;603.000;479.000,184997.000
Yus4GG8O9bfML35pe2Xg,5,person,POLYGON,KEEP,CANONICAL_PROVIDER_SEGMENTATION,PHASE_5B_CANONICALIZATION,PROVIDER_SEGMENTATION,,488.000;31.000;577.000;1034.000,161998.000
Yus4GG8O9bfML35pe2Xg,6,helmet_on_head,POLYGON,KEEP,CANONICAL_PROVIDER_SEGMENTATION,PHASE_5B_CANONICALIZATION,PROVIDER_SEGMENTATION,,144.000;216.000;342.000;361.000,95457.000
Yus4GG8O9bfML35pe2Xg,7,helmet_on_head,POLYGON,KEEP,CANONICAL_PROVIDER_SEGMENTATION,PHASE_5B_CANONICALIZATION,PROVIDER_SEGMENTATION,,712.000;33.000;349.000;381.000,63396.000
Yus4GG8O9bfML35pe2Xg,8,person,POLYGON,KEEP,CANONICAL_PROVIDER_SEGMENTATION,PHASE_5B_CANONICALIZATION,PROVIDER_SEGMENTATION,,555.000;460.000;292.000;386.000,40112.000
Yus4GG8O9bfML35pe2Xg,K,vest_on_body,RLE,KEEP,CANONICAL_PROVIDER_SEGMENTATION,PHASE_5B_CANONICALIZATION,PROVIDER_SEGMENTATION,,707.000;705.000;298.000;165.000,20194.000
Yus4GG8O9bfML35pe2Xg,J,vest_on_body,RLE,KEEP,CANONICAL_PROVIDER_SEGMENTATION,PHASE_5B_CANONICALIZATION,PROVIDER_SEGMENTATION,,0.000;605.000;564.000;462.000,177119.000
Yus4GG8O9bfML35pe2Xg,I,vest_on_body,RLE,KEEP,CANONICAL_PROVIDER_SEGMENTATION,PHASE_5B_CANONICALIZATION,PROVIDER_SEGMENTATION,,871.000;723.000;729.000;344.000,166078.000
ZBOFTpRZenVU4pLo2qvs,3,helmet_loose,POLYGON,KEEP,CANONICAL_PROVIDER_SEGMENTATION,PHASE_5B_CANONICALIZATION,PROVIDER_SEGMENTATION,,1039.000;563.000;613.000;306.000,118300.000
ZBOFTpRZenVU4pLo2qvs,5,helmet_loose,POLYGON,KEEP,CANONICAL_PROVIDER_SEGMENTATION,PHASE_5B_CANONICALIZATION,PROVIDER_SEGMENTATION,,1027.000;843.000;601.000;212.000,62943.000
ZBOFTpRZenVU4pLo2qvs,7,helmet_loose,POLYGON,KEEP,CANONICAL_PROVIDER_SEGMENTATION,PHASE_5B_CANONICALIZATION,PROVIDER_SEGMENTATION,,1124.000;959.000;466.000;100.000,19245.000
ZBOFTpRZenVU4pLo2qvs,B,helmet_loose,POLYGON,KEEP,CANONICAL_PROVIDER_SEGMENTATION,PHASE_5B_CANONICALIZATION,PROVIDER_SEGMENTATION,,1073.000;304.000;555.000;336.000,108734.000
ZC5U6cHpgTUpFTtOQWiW,2,vest_on_body,POLYGON,KEEP,CANONICAL_PROVIDER_SEGMENTATION,PHASE_5B_CANONICALIZATION,PROVIDER_SEGMENTATION,,746.000;450.000;227.000;291.000,38127.000
ZC5U6cHpgTUpFTtOQWiW,5,person,RLE,KEEP,CANONICAL_PROVIDER_SEGMENTATION,PHASE_5B_CANONICALIZATION,PROVIDER_SEGMENTATION,,583.000;228.000;494.000;837.000,155352.000
ZC5U6cHpgTUpFTtOQWiW,4,person,RLE,KEEP,CANONICAL_PROVIDER_SEGMENTATION,PHASE_5B_CANONICALIZATION,PROVIDER_SEGMENTATION,,558.000;24.000;1042.000;1041.000,455963.000
ZSEtO1xi7ojj6XTirEb1,1,vest_on_body,RLE,KEEP,CANONICAL_PROVIDER_SEGMENTATION,PHASE_5B_CANONICALIZATION,PROVIDER_SEGMENTATION,,0.000;1384.000;22.000;221.000,2495.000
ZSEtO1xi7ojj6XTirEb1,2,vest_on_body,RLE,KEEP,CANONICAL_PROVIDER_SEGMENTATION,PHASE_5B_CANONICALIZATION,PROVIDER_SEGMENTATION,,527.000;1299.000;85.000;171.000,8040.000
ZSEtO1xi7ojj6XTirEb1,3,vest_on_body,RLE,KEEP,CANONICAL_PROVIDER_SEGMENTATION,PHASE_5B_CANONICALIZATION,PROVIDER_SEGMENTATION,,527.000;1302.000;150.000;249.000,17283.000
ZSEtO1xi7ojj6XTirEb1,4,vest_on_body,RLE,KEEP,CANONICAL_PROVIDER_SEGMENTATION,PHASE_5B_CANONICALIZATION,PROVIDER_SEGMENTATION,,858.000;1087.000;223.000;305.000,14543.000
ZSEtO1xi7ojj6XTirEb1,5,vest_on_body,RLE,KEEP,CANONICAL_PROVIDER_SEGMENTATION,PHASE_5B_CANONICALIZATION,PROVIDER_SEGMENTATION,,630.000;1087.000;569.000;302.000,81619.000
ZSEtO1xi7ojj6XTirEb1,6,vest_on_body,RLE,KEEP,CANONICAL_PROVIDER_SEGMENTATION,PHASE_5B_CANONICALIZATION,PROVIDER_SEGMENTATION,,1153.000;1122.000;95.000;139.000,4712.000
ZSEtO1xi7ojj6XTirEb1,8,person,RLE,KEEP,CANONICAL_PROVIDER_SEGMENTATION,PHASE_5B_CANONICALIZATION,PROVIDER_SEGMENTATION,,1080.000;1012.000;229.000;754.000,70335.000
ZSEtO1xi7ojj6XTirEb1,9,person,RLE,KEEP,CANONICAL_PROVIDER_SEGMENTATION,PHASE_5B_CANONICALIZATION,PROVIDER_SEGMENTATION,,0.000;1268.000;99.000;435.000,16093.000
ZSEtO1xi7ojj6XTirEb1,A,person,RLE,KEEP,CANONICAL_PROVIDER_SEGMENTATION,PHASE_5B_CANONICALIZATION,PROVIDER_SEGMENTATION,,457.000;1172.000;220.000;684.000,70877.000
ZSEtO1xi7ojj6XTirEb1,B,person,RLE,KEEP,CANONICAL_PROVIDER_SEGMENTATION,PHASE_5B_CANONICALIZATION,PROVIDER_SEGMENTATION,,534.000;1011.000;679.000;802.000,214779.000
ZSEtO1xi7ojj6XTirEb1,G,helmet_on_head,RLE,KEEP,CANONICAL_PROVIDER_SEGMENTATION,PHASE_5B_CANONICALIZATION,PROVIDER_SEGMENTATION,,713.000;1009.000;139.000;183.000,13161.000
ZSEtO1xi7ojj6XTirEb1,F,helmet_on_head,RLE,KEEP,CANONICAL_PROVIDER_SEGMENTATION,PHASE_5B_CANONICALIZATION,PROVIDER_SEGMENTATION,,538.000;1171.000;86.000;61.000,4144.000
ZSEtO1xi7ojj6XTirEb1,E,helmet_on_head,RLE,KEEP,CANONICAL_PROVIDER_SEGMENTATION,PHASE_5B_CANONICALIZATION,PROVIDER_SEGMENTATION,,0.000;1267.000;23.000;111.000,1562.000
ZSEtO1xi7ojj6XTirEb1,D,helmet_on_head,RLE,KEEP,CANONICAL_PROVIDER_SEGMENTATION,PHASE_5B_CANONICALIZATION,PROVIDER_SEGMENTATION,,1079.000;1011.000;125.000;117.000,8779.000
ZtkHwixUGYxprWRUjVfK,1,person,POLYGON,KEEP,CANONICAL_PROVIDER_SEGMENTATION,PHASE_5B_CANONICALIZATION,PROVIDER_SEGMENTATION,,0.000;33.000;1599.000;2354.000,2782004.000
ZtkHwixUGYxprWRUjVfK,2,helmet_on_head,POLYGON,KEEP,CANONICAL_PROVIDER_SEGMENTATION,PHASE_5B_CANONICALIZATION,PROVIDER_SEGMENTATION,,177.000;36.000;953.000;763.000,436415.000
ZyE71IGsDLI6OG9aIUwV,1,person,POLYGON,KEEP,CANONICAL_PROVIDER_SEGMENTATION,PHASE_5B_CANONICALIZATION,PROVIDER_SEGMENTATION,,0.000;753.000;861.000;1640.000,689050.000
ZyE71IGsDLI6OG9aIUwV,3,person,POLYGON,KEEP,CANONICAL_PROVIDER_SEGMENTATION,PHASE_5B_CANONICALIZATION,PROVIDER_SEGMENTATION,,600.000;1093.000;999.000;1300.000,814020.000
ZyE71IGsDLI6OG9aIUwV,B,vest_on_body,RLE,KEEP,CANONICAL_PROVIDER_SEGMENTATION,PHASE_5B_CANONICALIZATION,PROVIDER_SEGMENTATION,,0.000;917.000;614.000;643.000,101008.000
aEsSiryCIhDl2uLhyYVc,3,helmet_loose,POLYGON,KEEP,CANONICAL_PROVIDER_SEGMENTATION,PHASE_5B_CANONICALIZATION,PROVIDER_SEGMENTATION,,560.000;797.000;444.000;771.000,208618.000
ahfMFVQYlwiC5qDCiYTe,1,vest_on_body,POLYGON,KEEP,CANONICAL_PROVIDER_SEGMENTATION,PHASE_5B_CANONICALIZATION,PROVIDER_SEGMENTATION,,480.000;301.000;98.000;126.000,8581.000
ahfMFVQYlwiC5qDCiYTe,2,person,POLYGON,KEEP,CANONICAL_PROVIDER_SEGMENTATION,PHASE_5B_CANONICALIZATION,PROVIDER_SEGMENTATION,,447.000;273.000;133.000;302.000,18274.000
ajCO2t9BGFENy5GElzHf,1,vest_on_body,RLE,KEEP,CANONICAL_PROVIDER_SEGMENTATION,PHASE_5B_CANONICALIZATION,PROVIDER_SEGMENTATION,,363.000;927.000;577.000;824.000,231336.000
ajCO2t9BGFENy5GElzHf,2,person,RLE,KEEP,CANONICAL_PROVIDER_SEGMENTATION,PHASE_5B_CANONICALIZATION,PROVIDER_SEGMENTATION,,359.000;558.000;672.000;1842.000,742919.000
ajcbQPBpsaCua5ocPPgp,4,person,RLE,KEEP,CANONICAL_PROVIDER_SEGMENTATION,PHASE_5B_CANONICALIZATION,PROVIDER_SEGMENTATION,,0.000;653.000;587.000;484.000,127538.000
ajcbQPBpsaCua5ocPPgp,3,person,RLE,KEEP,CANONICAL_PROVIDER_SEGMENTATION,PHASE_5B_CANONICALIZATION,PROVIDER_SEGMENTATION,,1064.000;533.000;536.000;743.000,189972.000
bQfpZl7W2IH4XyIddjOY,1,person,RLE,KEEP,CANONICAL_PROVIDER_SEGMENTATION,PHASE_5B_CANONICALIZATION,PROVIDER_SEGMENTATION,,1383.000;34.000;217.000;589.000,72401.000
bQfpZl7W2IH4XyIddjOY,2,person,RLE,KEEP,CANONICAL_PROVIDER_SEGMENTATION,PHASE_5B_CANONICALIZATION,PROVIDER_SEGMENTATION,,749.000;67.000;727.000;998.000,373628.000
bQfpZl7W2IH4XyIddjOY,3,person,RLE,KEEP,CANONICAL_PROVIDER_SEGMENTATION,PHASE_5B_CANONICALIZATION,PROVIDER_SEGMENTATION,,0.000;258.000;327.000;553.000,90148.000
bQfpZl7W2IH4XyIddjOY,4,person,RLE,KEEP,CANONICAL_PROVIDER_SEGMENTATION,PHASE_5B_CANONICALIZATION,PROVIDER_SEGMENTATION,,233.000;279.000;357.000;387.000,69696.000
bQfpZl7W2IH4XyIddjOY,5,person,RLE,KEEP,CANONICAL_PROVIDER_SEGMENTATION,PHASE_5B_CANONICALIZATION,PROVIDER_SEGMENTATION,,951.000;367.000;649.000;423.000,34565.000
bQfpZl7W2IH4XyIddjOY,6,person,RLE,KEEP,CANONICAL_PROVIDER_SEGMENTATION,PHASE_5B_CANONICALIZATION,PROVIDER_SEGMENTATION,,505.000;254.000;301.000;280.000,45473.000
bQfpZl7W2IH4XyIddjOY,7,person,RLE,KEEP,CANONICAL_PROVIDER_SEGMENTATION,PHASE_5B_CANONICALIZATION,PROVIDER_SEGMENTATION,,869.000;0.000;217.000;462.000,66536.000
bQh3X6QEPcT50H0QeLPP,8,person,RLE,KEEP,CANONICAL_PROVIDER_SEGMENTATION,PHASE_5B_CANONICALIZATION,PROVIDER_SEGMENTATION,,690.000;470.000;527.000;1277.000,111707.000
bQh3X6QEPcT50H0QeLPP,7,person,RLE,KEEP,CANONICAL_PROVIDER_SEGMENTATION,PHASE_5B_CANONICALIZATION,PROVIDER_SEGMENTATION,,0.000;307.000;1053.000;1693.000,1009319.000
bQh3X6QEPcT50H0QeLPP,6,person,RLE,KEEP,CANONICAL_PROVIDER_SEGMENTATION,PHASE_5B_CANONICALIZATION,PROVIDER_SEGMENTATION,,765.000;354.000;835.000;1266.000,542401.000
bya4T8yTfPXtyN71EGq6,3,person,RLE,KEEP,CANONICAL_PROVIDER_SEGMENTATION,PHASE_5B_CANONICALIZATION,PROVIDER_SEGMENTATION,,375.000;476.000;973.000;777.000,366673.000
cR6jQqnXlXEih0YeParx,1,helmet_loose,POLYGON,KEEP,CANONICAL_PROVIDER_SEGMENTATION,PHASE_5B_CANONICALIZATION,PROVIDER_SEGMENTATION,,338.000;464.000;102.000;118.000,8325.000
cR6jQqnXlXEih0YeParx,2,helmet_loose,POLYGON,KEEP,CANONICAL_PROVIDER_SEGMENTATION,PHASE_5B_CANONICALIZATION,PROVIDER_SEGMENTATION,,909.000;36.000;247.000;165.000,18371.000
cR6jQqnXlXEih0YeParx,3,helmet_loose,POLYGON,KEEP,CANONICAL_PROVIDER_SEGMENTATION,PHASE_5B_CANONICALIZATION,PROVIDER_SEGMENTATION,,639.000;278.000;180.000;158.000,17468.000
cR6jQqnXlXEih0YeParx,4,helmet_loose,POLYGON,KEEP,CANONICAL_PROVIDER_SEGMENTATION,PHASE_5B_CANONICALIZATION,PROVIDER_SEGMENTATION,,420.000;318.000;215.000;191.000,29774.000
cR6jQqnXlXEih0YeParx,5,helmet_loose,POLYGON,KEEP,CANONICAL_PROVIDER_SEGMENTATION,PHASE_5B_CANONICALIZATION,PROVIDER_SEGMENTATION,,590.000;180.000;243.000;162.000,18637.000
cR6jQqnXlXEih0YeParx,6,helmet_loose,POLYGON,KEEP,CANONICAL_PROVIDER_SEGMENTATION,PHASE_5B_CANONICALIZATION,PROVIDER_SEGMENTATION,,250.000;506.000;89.000;86.000,5832.000
cR6jQqnXlXEih0YeParx,7,helmet_loose,POLYGON,KEEP,CANONICAL_PROVIDER_SEGMENTATION,PHASE_5B_CANONICALIZATION,PROVIDER_SEGMENTATION,,218.000;591.000;77.000;54.000,2329.000
cR6jQqnXlXEih0YeParx,9,helmet_loose,POLYGON,KEEP,CANONICAL_PROVIDER_SEGMENTATION,PHASE_5B_CANONICALIZATION,PROVIDER_SEGMENTATION,,836.000;125.000;271.000;113.000,19692.000
cR6jQqnXlXEih0YeParx,B,helmet_loose,POLYGON,KEEP,CANONICAL_PROVIDER_SEGMENTATION,PHASE_5B_CANONICALIZATION,PROVIDER_SEGMENTATION,,0.000;0.000;162.000;215.000,17399.000
cYheOItaMXJ9X72dU5u4,1,person,POLYGON,KEEP,CANONICAL_PROVIDER_SEGMENTATION,PHASE_5B_CANONICALIZATION,PROVIDER_SEGMENTATION,,788.000;115.000;695.000;950.000,373764.000
cYheOItaMXJ9X72dU5u4,2,person,POLYGON,KEEP,CANONICAL_PROVIDER_SEGMENTATION,PHASE_5B_CANONICALIZATION,PROVIDER_SEGMENTATION,,306.000;97.000;751.000;968.000,434461.000
cYheOItaMXJ9X72dU5u4,3,helmet_on_head,POLYGON,KEEP,CANONICAL_PROVIDER_SEGMENTATION,PHASE_5B_CANONICALIZATION,PROVIDER_SEGMENTATION,,446.000;95.000;359.000;249.000,65430.000
cYheOItaMXJ9X72dU5u4,4,helmet_on_head,POLYGON,KEEP,CANONICAL_PROVIDER_SEGMENTATION,PHASE_5B_CANONICALIZATION,PROVIDER_SEGMENTATION,,850.000;116.000;283.000;212.000,40420.000
d1LRdQbKYoIKVWX76Mj1,1,person,POLYGON,KEEP,CANONICAL_PROVIDER_SEGMENTATION,PHASE_5B_CANONICALIZATION,PROVIDER_SEGMENTATION,,0.000;601.000;1599.000;2022.000,2105860.000
dOdZyD1R1kVyKKu9TD1D,1,vest_loose,POLYGON,KEEP,CANONICAL_PROVIDER_SEGMENTATION,PHASE_5B_CANONICALIZATION,PROVIDER_SEGMENTATION,,0.000;0.000;700.000;1279.000,622481.000
dOdZyD1R1kVyKKu9TD1D,2,vest_loose,POLYGON,KEEP,CANONICAL_PROVIDER_SEGMENTATION,PHASE_5B_CANONICALIZATION,PROVIDER_SEGMENTATION,,140.000;8.000;949.000;1271.000,409770.000
dOdZyD1R1kVyKKu9TD1D,3,vest_loose,POLYGON,KEEP,CANONICAL_PROVIDER_SEGMENTATION,PHASE_5B_CANONICALIZATION,PROVIDER_SEGMENTATION,,533.000;125.000;797.000;1154.000,348977.000
dV0CbyCSJtXWWMuNiUBb,1,person,POLYGON,KEEP,CANONICAL_PROVIDER_SEGMENTATION,PHASE_5B_CANONICALIZATION,PROVIDER_SEGMENTATION,,244.000;90.000;803.000;809.000,322195.000
dV0CbyCSJtXWWMuNiUBb,2,person,POLYGON,KEEP,CANONICAL_PROVIDER_SEGMENTATION,PHASE_5B_CANONICALIZATION,PROVIDER_SEGMENTATION,,994.000;386.000;386.000;513.000,131926.000
dV0CbyCSJtXWWMuNiUBb,3,helmet_on_head,POLYGON,KEEP,CANONICAL_PROVIDER_SEGMENTATION,PHASE_5B_CANONICALIZATION,PROVIDER_SEGMENTATION,,426.000;89.000;327.000;252.000,49796.000
dV0CbyCSJtXWWMuNiUBb,4,vest_on_body,POLYGON,KEEP,CANONICAL_PROVIDER_SEGMENTATION,PHASE_5B_CANONICALIZATION,PROVIDER_SEGMENTATION,,1043.000;556.000;267.000;343.000,50349.000
dV0CbyCSJtXWWMuNiUBb,5,vest_on_body,POLYGON,KEEP,CANONICAL_PROVIDER_SEGMENTATION,PHASE_5B_CANONICALIZATION,PROVIDER_SEGMENTATION,,350.000;603.000;460.000;296.000,44001.000
dVaKcGZ9EJmsN6TEqTdZ,1,person,RLE,KEEP,CANONICAL_PROVIDER_SEGMENTATION,PHASE_5B_CANONICALIZATION,PROVIDER_SEGMENTATION,,27.000;414.000;1138.000;1983.000,1469322.000
dYU1JnyrMTQu4U60pGK9,1,person,POLYGON,KEEP,CANONICAL_PROVIDER_SEGMENTATION,PHASE_5B_CANONICALIZATION,PROVIDER_SEGMENTATION,,542.000;178.000;627.000;890.000,332887.000
dcveFfgBcxZdfrcwfGt2,1,vest_on_body,RLE,KEEP,CANONICAL_PROVIDER_SEGMENTATION,PHASE_5B_CANONICALIZATION,PROVIDER_SEGMENTATION,,964.000;485.000;200.000;263.000,32097.000
dcveFfgBcxZdfrcwfGt2,2,vest_on_body,RLE,KEEP,CANONICAL_PROVIDER_SEGMENTATION,PHASE_5B_CANONICALIZATION,PROVIDER_SEGMENTATION,,482.000;434.000;244.000;340.000,52906.000
dcveFfgBcxZdfrcwfGt2,3,vest_on_body,RLE,KEEP,CANONICAL_PROVIDER_SEGMENTATION,PHASE_5B_CANONICALIZATION,PROVIDER_SEGMENTATION,,722.000;591.000;208.000;280.000,42679.000
dcveFfgBcxZdfrcwfGt2,4,person,RLE,KEEP,CANONICAL_PROVIDER_SEGMENTATION,PHASE_5B_CANONICALIZATION,PROVIDER_SEGMENTATION,,903.000;398.000;261.000;356.000,53343.000
dcveFfgBcxZdfrcwfGt2,5,person,RLE,KEEP,CANONICAL_PROVIDER_SEGMENTATION,PHASE_5B_CANONICALIZATION,PROVIDER_SEGMENTATION,,482.000;349.000;299.000;445.000,74214.000
dcveFfgBcxZdfrcwfGt2,6,person,RLE,KEEP,CANONICAL_PROVIDER_SEGMENTATION,PHASE_5B_CANONICALIZATION,PROVIDER_SEGMENTATION,,722.000;475.000;208.000;396.000,57072.000
dcveFfgBcxZdfrcwfGt2,A,helmet_on_head,RLE,KEEP,CANONICAL_PROVIDER_SEGMENTATION,PHASE_5B_CANONICALIZATION,PROVIDER_SEGMENTATION,,778.000;475.000;116.000;150.000,13966.000
dcveFfgBcxZdfrcwfGt2,9,helmet_on_head,RLE,KEEP,CANONICAL_PROVIDER_SEGMENTATION,PHASE_5B_CANONICALIZATION,PROVIDER_SEGMENTATION,,631.000;348.000;126.000;102.000,9739.000
dcveFfgBcxZdfrcwfGt2,8,helmet_on_head,RLE,KEEP,CANONICAL_PROVIDER_SEGMENTATION,PHASE_5B_CANONICALIZATION,PROVIDER_SEGMENTATION,,966.000;398.000;136.000;117.000,11078.000
dkDUAa5JcRqtBp6op5UD,1,person,POLYGON,KEEP,CANONICAL_PROVIDER_SEGMENTATION,PHASE_5B_CANONICALIZATION,PROVIDER_SEGMENTATION,,611.000;84.000;339.000;981.000,210503.000
dkDUAa5JcRqtBp6op5UD,2,person,POLYGON,KEEP,CANONICAL_PROVIDER_SEGMENTATION,PHASE_5B_CANONICALIZATION,PROVIDER_SEGMENTATION,,905.000;73.000;287.000;992.000,179335.000
dkDUAa5JcRqtBp6op5UD,3,helmet_on_head,POLYGON,KEEP,CANONICAL_PROVIDER_SEGMENTATION,PHASE_5B_CANONICALIZATION,PROVIDER_SEGMENTATION,,931.000;73.000;152.000;112.000,10588.000
dkDUAa5JcRqtBp6op5UD,4,helmet_on_head,POLYGON,KEEP,CANONICAL_PROVIDER_SEGMENTATION,PHASE_5B_CANONICALIZATION,PROVIDER_SEGMENTATION,,750.000;84.000;126.000;121.000,11720.000
dkDUAa5JcRqtBp6op5UD,7,vest_on_body,RLE,KEEP,CANONICAL_PROVIDER_SEGMENTATION,PHASE_5B_CANONICALIZATION,PROVIDER_SEGMENTATION,,609.000;221.000;348.000;439.000,95205.000
dkDUAa5JcRqtBp6op5UD,6,vest_on_body,RLE,KEEP,CANONICAL_PROVIDER_SEGMENTATION,PHASE_5B_CANONICALIZATION,PROVIDER_SEGMENTATION,,951.000;222.000;245.000;455.000,86917.000
dwz8H6tUE91TOzWAqabt,2,helmet_on_head,POLYGON,KEEP,CANONICAL_PROVIDER_SEGMENTATION,PHASE_5B_CANONICALIZATION,PROVIDER_SEGMENTATION,,304.000;0.000;513.000;336.000,118094.000
dwz8H6tUE91TOzWAqabt,5,person,POLYGON,KEEP,CANONICAL_PROVIDER_SEGMENTATION,PHASE_5B_CANONICALIZATION,PROVIDER_SEGMENTATION,,0.000;0.000;974.000;1299.000,977334.000
dwz8H6tUE91TOzWAqabt,7,vest_on_body,POLYGON,KEEP,CANONICAL_PROVIDER_SEGMENTATION,PHASE_5B_CANONICALIZATION,PROVIDER_SEGMENTATION,,102.000;583.000;872.000;716.000,509722.000
dwz8H6tUE91TOzWAqabt,8,vest_on_body,POLYGON,KEEP,CANONICAL_PROVIDER_SEGMENTATION,PHASE_5B_CANONICALIZATION,PROVIDER_SEGMENTATION,NESTED_SAME_CLASS_CANDIDATE,108.000;807.000;3.000;15.000,28.000
dwz8H6tUE91TOzWAqabt,9,vest_on_body,POLYGON,KEEP,CANONICAL_PROVIDER_SEGMENTATION,PHASE_5B_CANONICALIZATION,PROVIDER_SEGMENTATION,NESTED_SAME_CLASS_CANDIDATE,472.000;828.000;3.000;4.000,6.000
dwz8H6tUE91TOzWAqabt,A,person,POLYGON,KEEP,CANONICAL_PROVIDER_SEGMENTATION,PHASE_5B_CANONICALIZATION,PROVIDER_SEGMENTATION,NESTED_SAME_CLASS_CANDIDATE,571.000;67.000;85.000;65.000,2966.000
dwz8H6tUE91TOzWAqabt,B,person,POLYGON,KEEP,CANONICAL_PROVIDER_SEGMENTATION,PHASE_5B_CANONICALIZATION,PROVIDER_SEGMENTATION,NESTED_SAME_CLASS_CANDIDATE,647.000;107.000;3.000;6.000,8.000
dwz8H6tUE91TOzWAqabt,C,person,POLYGON,KEEP,CANONICAL_PROVIDER_SEGMENTATION,PHASE_5B_CANONICALIZATION,PROVIDER_SEGMENTATION,,144.000;290.000;246.000;379.000,41039.000
dwz8H6tUE91TOzWAqabt,D,person,POLYGON,KEEP,CANONICAL_PROVIDER_SEGMENTATION,PHASE_5B_CANONICALIZATION,PROVIDER_SEGMENTATION,NESTED_SAME_CLASS_CANDIDATE,170.000;257.000;26.000;46.000,525.000
dwz8H6tUE91TOzWAqabt,E,person,POLYGON,KEEP,CANONICAL_PROVIDER_SEGMENTATION,PHASE_5B_CANONICALIZATION,PROVIDER_SEGMENTATION,NESTED_SAME_CLASS_CANDIDATE,98.000;881.000;3.000;7.000,10.000
dwz8H6tUE91TOzWAqabt,F,person,POLYGON,KEEP,CANONICAL_PROVIDER_SEGMENTATION,PHASE_5B_CANONICALIZATION,PROVIDER_SEGMENTATION,NESTED_SAME_CLASS_CANDIDATE,94.000;934.000;11.000;43.000,234.000
dwz8H6tUE91TOzWAqabt,G,person,POLYGON,KEEP,CANONICAL_PROVIDER_SEGMENTATION,PHASE_5B_CANONICALIZATION,PROVIDER_SEGMENTATION,NESTED_SAME_CLASS_CANDIDATE,103.000;928.000;8.000;42.000,203.000
dwz8H6tUE91TOzWAqabt,H,person,POLYGON,KEEP,CANONICAL_PROVIDER_SEGMENTATION,PHASE_5B_CANONICALIZATION,PROVIDER_SEGMENTATION,NESTED_SAME_CLASS_CANDIDATE,40.000;1067.000;3.000;3.000,4.000
eAKrlJVl2YEdaogp9yez,1,person,RLE,KEEP,CANONICAL_PROVIDER_SEGMENTATION,PHASE_5B_CANONICALIZATION,PROVIDER_SEGMENTATION,,1311.000;637.000;289.000;716.000,125316.000
eAKrlJVl2YEdaogp9yez,2,person,RLE,KEEP,CANONICAL_PROVIDER_SEGMENTATION,PHASE_5B_CANONICALIZATION,PROVIDER_SEGMENTATION,,0.000;1456.000;364.000;713.000,110887.000
eAKrlJVl2YEdaogp9yez,3,person,RLE,KEEP,CANONICAL_PROVIDER_SEGMENTATION,PHASE_5B_CANONICALIZATION,PROVIDER_SEGMENTATION,,348.000;1153.000;918.000;1246.000,417339.000
eAKrlJVl2YEdaogp9yez,4,person,RLE,KEEP,CANONICAL_PROVIDER_SEGMENTATION,PHASE_5B_CANONICALIZATION,PROVIDER_SEGMENTATION,,422.000;557.000;837.000;692.000,252534.000
eK6ftnVVMa7WC57HMKWj,1,person,RLE,KEEP,CANONICAL_PROVIDER_SEGMENTATION,PHASE_5B_CANONICALIZATION,PROVIDER_SEGMENTATION,,769.000;0.000;831.000;1067.000,531055.000
eK6ftnVVMa7WC57HMKWj,2,person,RLE,KEEP,CANONICAL_PROVIDER_SEGMENTATION,PHASE_5B_CANONICALIZATION,PROVIDER_SEGMENTATION,,967.000;0.000;250.000;255.000,26016.000
eZW0CBCWqoYoxqYPQphx,1,person,POLYGON,KEEP,CANONICAL_PROVIDER_SEGMENTATION,PHASE_5B_CANONICALIZATION,PROVIDER_SEGMENTATION,,802.000;301.000;400.000;764.000,122350.000
eZW0CBCWqoYoxqYPQphx,2,helmet_on_head,POLYGON,KEEP,CANONICAL_PROVIDER_SEGMENTATION,PHASE_5B_CANONICALIZATION,PROVIDER_SEGMENTATION,,923.000;302.000;100.000;72.000,4845.000
euCQjjUlEThJqziS0g9T,1,vest_on_body,RLE,KEEP,CANONICAL_PROVIDER_SEGMENTATION,PHASE_5B_CANONICALIZATION,PROVIDER_SEGMENTATION,,844.000;437.000;502.000;630.000,169591.000
euCQjjUlEThJqziS0g9T,2,person,RLE,KEEP,CANONICAL_PROVIDER_SEGMENTATION,PHASE_5B_CANONICALIZATION,PROVIDER_SEGMENTATION,,646.000;118.000;699.000;949.000,373653.000
euCQjjUlEThJqziS0g9T,4,helmet_on_head,RLE,KEEP,CANONICAL_PROVIDER_SEGMENTATION,PHASE_5B_CANONICALIZATION,PROVIDER_SEGMENTATION,,962.000;117.000;248.000;175.000,28352.000
f0Z2QQcy1PolmwGQXPzx,3,vest_on_body,POLYGON,KEEP,CANONICAL_PROVIDER_SEGMENTATION,PHASE_5B_CANONICALIZATION,PROVIDER_SEGMENTATION,,407.000;454.000;237.000;379.000,67048.000
f0Z2QQcy1PolmwGQXPzx,9,person,RLE,KEEP,CANONICAL_PROVIDER_SEGMENTATION,PHASE_5B_CANONICALIZATION,PROVIDER_SEGMENTATION,,673.000;315.000;58.000;138.000,3467.000
f0Z2QQcy1PolmwGQXPzx,8,person,RLE,KEEP,CANONICAL_PROVIDER_SEGMENTATION,PHASE_5B_CANONICALIZATION,PROVIDER_SEGMENTATION,,609.000;316.000;97.000;230.000,13256.000
f0Z2QQcy1PolmwGQXPzx,7,person,RLE,KEEP,CANONICAL_PROVIDER_SEGMENTATION,PHASE_5B_CANONICALIZATION,PROVIDER_SEGMENTATION,,682.000;317.000;243.000;748.000,121174.000
f0Z2QQcy1PolmwGQXPzx,6,person,RLE,KEEP,CANONICAL_PROVIDER_SEGMENTATION,PHASE_5B_CANONICALIZATION,PROVIDER_SEGMENTATION,,550.000;295.000;80.000;183.000,6279.000
f0Z2QQcy1PolmwGQXPzx,5,person,RLE,KEEP,CANONICAL_PROVIDER_SEGMENTATION,PHASE_5B_CANONICALIZATION,PROVIDER_SEGMENTATION,,372.000;344.000;290.000;721.000,139741.000
f1CUR1R0AXa8BF8OuBa2,M,helmet_loose,RLE,KEEP,CANONICAL_PROVIDER_SEGMENTATION,PHASE_5B_CANONICALIZATION,PROVIDER_SEGMENTATION,,1293.000;383.000;158.000;108.000,13566.000
f1CUR1R0AXa8BF8OuBa2,L,helmet_loose,RLE,KEEP,CANONICAL_PROVIDER_SEGMENTATION,PHASE_5B_CANONICALIZATION,PROVIDER_SEGMENTATION,,1378.000;198.000;116.000;133.000,11028.000
f1CUR1R0AXa8BF8OuBa2,K,helmet_loose,RLE,KEEP,CANONICAL_PROVIDER_SEGMENTATION,PHASE_5B_CANONICALIZATION,PROVIDER_SEGMENTATION,,1209.000;25.000;144.000;90.000,8842.000
f1CUR1R0AXa8BF8OuBa2,J,helmet_loose,RLE,KEEP,CANONICAL_PROVIDER_SEGMENTATION,PHASE_5B_CANONICALIZATION,PROVIDER_SEGMENTATION,,1026.000;914.000;75.000;88.000,4731.000
f1CUR1R0AXa8BF8OuBa2,I,helmet_loose,RLE,KEEP,CANONICAL_PROVIDER_SEGMENTATION,PHASE_5B_CANONICALIZATION,PROVIDER_SEGMENTATION,,1272.000;158.000;147.000;98.000,9441.000
f1CUR1R0AXa8BF8OuBa2,H,helmet_loose,RLE,KEEP,CANONICAL_PROVIDER_SEGMENTATION,PHASE_5B_CANONICALIZATION,PROVIDER_SEGMENTATION,,1012.000;884.000;47.000;59.000,1896.000
f1CUR1R0AXa8BF8OuBa2,G,helmet_loose,RLE,KEEP,CANONICAL_PROVIDER_SEGMENTATION,PHASE_5B_CANONICALIZATION,PROVIDER_SEGMENTATION,,1036.000;550.000;77.000;57.000,2723.000
f1CUR1R0AXa8BF8OuBa2,F,helmet_loose,RLE,KEEP,CANONICAL_PROVIDER_SEGMENTATION,PHASE_5B_CANONICALIZATION,PROVIDER_SEGMENTATION,,1022.000;812.000;82.000;61.000,3912.000
f1CUR1R0AXa8BF8OuBa2,E,helmet_loose,RLE,KEEP,CANONICAL_PROVIDER_SEGMENTATION,PHASE_5B_CANONICALIZATION,PROVIDER_SEGMENTATION,,1668.000;198.000;110.000;107.000,7968.000
f1CUR1R0AXa8BF8OuBa2,D,helmet_loose,RLE,KEEP,CANONICAL_PROVIDER_SEGMENTATION,PHASE_5B_CANONICALIZATION,PROVIDER_SEGMENTATION,,1273.000;241.000;113.000;127.000,11301.000
f1CUR1R0AXa8BF8OuBa2,C,helmet_loose,RLE,KEEP,CANONICAL_PROVIDER_SEGMENTATION,PHASE_5B_CANONICALIZATION,PROVIDER_SEGMENTATION,,873.000;812.000;46.000;69.000,2047.000
f1CUR1R0AXa8BF8OuBa2,B,helmet_loose,RLE,KEEP,CANONICAL_PROVIDER_SEGMENTATION,PHASE_5B_CANONICALIZATION,PROVIDER_SEGMENTATION,,568.000;795.000;73.000;62.000,3395.000
f1CUR1R0AXa8BF8OuBa2,A,helmet_loose,RLE,KEEP,CANONICAL_PROVIDER_SEGMENTATION,PHASE_5B_CANONICALIZATION,PROVIDER_SEGMENTATION,,1398.000;599.000;96.000;62.000,2163.000
f1CUR1R0AXa8BF8OuBa2,9,helmet_loose,RLE,KEEP,CANONICAL_PROVIDER_SEGMENTATION,PHASE_5B_CANONICALIZATION,PROVIDER_SEGMENTATION,,1349.000;54.000;141.000;107.000,10959.000
f1CUR1R0AXa8BF8OuBa2,8,helmet_loose,RLE,KEEP,CANONICAL_PROVIDER_SEGMENTATION,PHASE_5B_CANONICALIZATION,PROVIDER_SEGMENTATION,,750.000;680.000;44.000;36.000,1179.000
f1CUR1R0AXa8BF8OuBa2,7,helmet_loose,RLE,KEEP,CANONICAL_PROVIDER_SEGMENTATION,PHASE_5B_CANONICALIZATION,PROVIDER_SEGMENTATION,,520.000;721.000;55.000;44.000,1552.000
f1CUR1R0AXa8BF8OuBa2,6,helmet_loose,RLE,KEEP,CANONICAL_PROVIDER_SEGMENTATION,PHASE_5B_CANONICALIZATION,PROVIDER_SEGMENTATION,,1340.000;746.000;148.000;102.000,10629.000
f1CUR1R0AXa8BF8OuBa2,5,helmet_loose,RLE,KEEP,CANONICAL_PROVIDER_SEGMENTATION,PHASE_5B_CANONICALIZATION,PROVIDER_SEGMENTATION,,1315.000;522.000;151.000;112.000,13510.000
f1CUR1R0AXa8BF8OuBa2,4,helmet_loose,RLE,KEEP,CANONICAL_PROVIDER_SEGMENTATION,PHASE_5B_CANONICALIZATION,PROVIDER_SEGMENTATION,,1080.000;377.000;78.000;106.000,5483.000
f1CUR1R0AXa8BF8OuBa2,3,helmet_loose,RLE,KEEP,CANONICAL_PROVIDER_SEGMENTATION,PHASE_5B_CANONICALIZATION,PROVIDER_SEGMENTATION,,1150.000;410.000;56.000;43.000,1880.000
f1CUR1R0AXa8BF8OuBa2,2,helmet_loose,RLE,KEEP,CANONICAL_PROVIDER_SEGMENTATION,PHASE_5B_CANONICALIZATION,PROVIDER_SEGMENTATION,,1008.000;683.000;82.000;71.000,4416.000
f1CUR1R0AXa8BF8OuBa2,O,helmet_loose,POLYGON,KEEP,CANONICAL_PROVIDER_SEGMENTATION,PHASE_5B_CANONICALIZATION,PROVIDER_SEGMENTATION,,574.000;717.000;79.000;43.000,1642.000
f1CUR1R0AXa8BF8OuBa2,Q,helmet_loose,POLYGON,KEEP,CANONICAL_PROVIDER_SEGMENTATION,PHASE_5B_CANONICALIZATION,PROVIDER_SEGMENTATION,,605.000;697.000;67.000;42.000,2045.000
f1CUR1R0AXa8BF8OuBa2,S,helmet_loose,POLYGON,KEEP,CANONICAL_PROVIDER_SEGMENTATION,PHASE_5B_CANONICALIZATION,PROVIDER_SEGMENTATION,,1030.000;254.000;41.000;74.000,2262.000
f1CUR1R0AXa8BF8OuBa2,U,helmet_loose,POLYGON,KEEP,CANONICAL_PROVIDER_SEGMENTATION,PHASE_5B_CANONICALIZATION,PROVIDER_SEGMENTATION,,1082.000;210.000;62.000;35.000,1405.000
f1CUR1R0AXa8BF8OuBa2,W,helmet_loose,POLYGON,KEEP,CANONICAL_PROVIDER_SEGMENTATION,PHASE_5B_CANONICALIZATION,PROVIDER_SEGMENTATION,,986.000;646.000;43.000;50.000,1692.000
f1CUR1R0AXa8BF8OuBa2,Y,helmet_loose,POLYGON,KEEP,CANONICAL_PROVIDER_SEGMENTATION,PHASE_5B_CANONICALIZATION,PROVIDER_SEGMENTATION,,1029.000;624.000;49.000;60.000,2277.000
f1CUR1R0AXa8BF8OuBa2,a,helmet_loose,POLYGON,KEEP,CANONICAL_PROVIDER_SEGMENTATION,PHASE_5B_CANONICALIZATION,PROVIDER_SEGMENTATION,,1071.000;651.000;29.000;47.000,877.000
f9lN7loqzgrkrUl5cotk,3,helmet_on_head,RLE,KEEP,CANONICAL_PROVIDER_SEGMENTATION,PHASE_5B_CANONICALIZATION,PROVIDER_SEGMENTATION,,341.000;416.000;87.000;66.000,3831.000
f9lN7loqzgrkrUl5cotk,4,helmet_on_head,RLE,KEEP,CANONICAL_PROVIDER_SEGMENTATION,PHASE_5B_CANONICALIZATION,PROVIDER_SEGMENTATION,,842.000;264.000;103.000;57.000,3815.000
f9lN7loqzgrkrUl5cotk,6,person,RLE,KEEP,CANONICAL_PROVIDER_SEGMENTATION,PHASE_5B_CANONICALIZATION,PROVIDER_SEGMENTATION,,290.000;416.000;180.000;532.000,59707.000
f9lN7loqzgrkrUl5cotk,5,person,RLE,KEEP,CANONICAL_PROVIDER_SEGMENTATION,PHASE_5B_CANONICALIZATION,PROVIDER_SEGMENTATION,,800.000;264.000;271.000;547.000,48665.000
fACVNCxfZ1UpWLOyW5Un,4,person,RLE,KEEP,CANONICAL_PROVIDER_SEGMENTATION,PHASE_5B_CANONICALIZATION,PROVIDER_SEGMENTATION,,274.000;348.000;936.000;1940.000,616676.000
fCguAs4b5u4OAThWLpsh,1,person,POLYGON,KEEP,CANONICAL_PROVIDER_SEGMENTATION,PHASE_5B_CANONICALIZATION,PROVIDER_SEGMENTATION,,582.000;206.000;599.000;859.000,320603.000
fCguAs4b5u4OAThWLpsh,2,person,POLYGON,KEEP,CANONICAL_PROVIDER_SEGMENTATION,PHASE_5B_CANONICALIZATION,PROVIDER_SEGMENTATION,,340.000;162.000;414.000;903.000,229284.000
fCguAs4b5u4OAThWLpsh,3,helmet_on_head,POLYGON,KEEP,CANONICAL_PROVIDER_SEGMENTATION,PHASE_5B_CANONICALIZATION,PROVIDER_SEGMENTATION,,759.000;205.000;274.000;212.000,28227.000
fCguAs4b5u4OAThWLpsh,4,person,POLYGON,KEEP,CANONICAL_PROVIDER_SEGMENTATION,PHASE_5B_CANONICALIZATION,PROVIDER_SEGMENTATION,,1027.000;191.000;337.000;874.000,157174.000
fCguAs4b5u4OAThWLpsh,5,helmet_on_head,POLYGON,KEEP,CANONICAL_PROVIDER_SEGMENTATION,PHASE_5B_CANONICALIZATION,PROVIDER_SEGMENTATION,,496.000;160.000;179.000;125.000,15751.000
fCguAs4b5u4OAThWLpsh,6,helmet_on_head,POLYGON,KEEP,CANONICAL_PROVIDER_SEGMENTATION,PHASE_5B_CANONICALIZATION,PROVIDER_SEGMENTATION,,1069.000;192.000;173.000;124.000,13109.000
fLAAu4V914vaOBpzi2jz,1,person,POLYGON,KEEP,CANONICAL_PROVIDER_SEGMENTATION,PHASE_5B_CANONICALIZATION,PROVIDER_SEGMENTATION,,617.000;209.000;617.000;1042.000,454646.000
fUSboNBF7gsWxFhJcana,2,helmet_on_head,POLYGON,KEEP,CANONICAL_PROVIDER_SEGMENTATION,PHASE_5B_CANONICALIZATION,PROVIDER_SEGMENTATION,,881.000;561.000;126.000;74.000,6811.000
fUSboNBF7gsWxFhJcana,4,vest_on_body,RLE,KEEP,CANONICAL_PROVIDER_SEGMENTATION,PHASE_5B_CANONICALIZATION,PROVIDER_SEGMENTATION,,1001.000;667.000;181.000;258.000,10372.000
fUSboNBF7gsWxFhJcana,6,person,RLE,KEEP,CANONICAL_PROVIDER_SEGMENTATION,PHASE_5B_CANONICALIZATION,PROVIDER_SEGMENTATION,,764.000;556.000;417.000;586.000,117103.000
fVfuf7cWPnRyw4D9x1vo,1,person,POLYGON,KEEP,CANONICAL_PROVIDER_SEGMENTATION,PHASE_5B_CANONICALIZATION,PROVIDER_SEGMENTATION,,480.000;260.000;992.000;805.000,395449.000
fZbJypRfWdeUfPmPJbv2,1,helmet_loose,POLYGON,KEEP,CANONICAL_PROVIDER_SEGMENTATION,PHASE_5B_CANONICALIZATION,PROVIDER_SEGMENTATION,,124.000;1650.000;878.000;481.000,294789.000
fZbJypRfWdeUfPmPJbv2,2,helmet_loose,POLYGON,KEEP,CANONICAL_PROVIDER_SEGMENTATION,PHASE_5B_CANONICALIZATION,PROVIDER_SEGMENTATION,,0.000;942.000;419.000;862.000,215372.000
fZbJypRfWdeUfPmPJbv2,3,helmet_loose,POLYGON,KEEP,CANONICAL_PROVIDER_SEGMENTATION,PHASE_5B_CANONICALIZATION,PROVIDER_SEGMENTATION,,740.000;0.000;694.000;545.000,300252.000
fZbJypRfWdeUfPmPJbv2,4,helmet_loose,POLYGON,KEEP,CANONICAL_PROVIDER_SEGMENTATION,PHASE_5B_CANONICALIZATION,PROVIDER_SEGMENTATION,,1007.000;605.000;592.000;1150.000,460181.000
fZbJypRfWdeUfPmPJbv2,5,helmet_loose,POLYGON,KEEP,CANONICAL_PROVIDER_SEGMENTATION,PHASE_5B_CANONICALIZATION,PROVIDER_SEGMENTATION,,0.000;0.000;734.000;672.000,424929.000
fZbJypRfWdeUfPmPJbv2,6,helmet_loose,POLYGON,KEEP,CANONICAL_PROVIDER_SEGMENTATION,PHASE_5B_CANONICALIZATION,PROVIDER_SEGMENTATION,,642.000;818.000;504.000;576.000,192927.000
fZbJypRfWdeUfPmPJbv2,7,helmet_loose,POLYGON,KEEP,CANONICAL_PROVIDER_SEGMENTATION,PHASE_5B_CANONICALIZATION,PROVIDER_SEGMENTATION,,0.000;625.000;650.000;550.000,225020.000
fZbJypRfWdeUfPmPJbv2,9,helmet_loose,POLYGON,KEEP,CANONICAL_PROVIDER_SEGMENTATION,PHASE_5B_CANONICALIZATION,PROVIDER_SEGMENTATION,,732.000;582.000;553.000;301.000,97512.000
fZbJypRfWdeUfPmPJbv2,B,helmet_loose,POLYGON,KEEP,CANONICAL_PROVIDER_SEGMENTATION,PHASE_5B_CANONICALIZATION,PROVIDER_SEGMENTATION,,709.000;347.000;370.000;319.000,56679.000
fZbJypRfWdeUfPmPJbv2,D,helmet_loose,POLYGON,KEEP,CANONICAL_PROVIDER_SEGMENTATION,PHASE_5B_CANONICALIZATION,PROVIDER_SEGMENTATION,,958.000;1424.000;641.000;580.000,117449.000
fZbJypRfWdeUfPmPJbv2,F,helmet_loose,POLYGON,KEEP,CANONICAL_PROVIDER_SEGMENTATION,PHASE_5B_CANONICALIZATION,PROVIDER_SEGMENTATION,,939.000;1611.000;660.000;521.000,155481.000
fZbJypRfWdeUfPmPJbv2,H,helmet_loose,POLYGON,KEEP,CANONICAL_PROVIDER_SEGMENTATION,PHASE_5B_CANONICALIZATION,PROVIDER_SEGMENTATION,,848.000;1673.000;431.000;459.000,71256.000
fZbJypRfWdeUfPmPJbv2,J,helmet_loose,POLYGON,KEEP,CANONICAL_PROVIDER_SEGMENTATION,PHASE_5B_CANONICALIZATION,PROVIDER_SEGMENTATION,,217.000;1186.000;395.000;415.000,73788.000
fZbJypRfWdeUfPmPJbv2,L,helmet_loose,POLYGON,KEEP,CANONICAL_PROVIDER_SEGMENTATION,PHASE_5B_CANONICALIZATION,PROVIDER_SEGMENTATION,,273.000;1508.000;308.000;243.000,36466.000
feq9UuxoWtVRBPUnMr4G,1,person,RLE,KEEP,CANONICAL_PROVIDER_SEGMENTATION,PHASE_5B_CANONICALIZATION,PROVIDER_SEGMENTATION,,1177.000;87.000;388.000;981.000,221980.000
feq9UuxoWtVRBPUnMr4G,2,person,RLE,KEEP,CANONICAL_PROVIDER_SEGMENTATION,PHASE_5B_CANONICALIZATION,PROVIDER_SEGMENTATION,,157.000;389.000;554.000;679.000,142232.000
feq9UuxoWtVRBPUnMr4G,3,person,RLE,KEEP,CANONICAL_PROVIDER_SEGMENTATION,PHASE_5B_CANONICALIZATION,PROVIDER_SEGMENTATION,,653.000;458.000;442.000;608.000,109643.000
fh9ZLK61WWobTGZsxZtb,1,vest_on_body,RLE,KEEP,CANONICAL_PROVIDER_SEGMENTATION,PHASE_5B_CANONICALIZATION,PROVIDER_SEGMENTATION,,700.000;861.000;146.000;201.000,21895.000
fh9ZLK61WWobTGZsxZtb,2,helmet_on_head,RLE,KEEP,CANONICAL_PROVIDER_SEGMENTATION,PHASE_5B_CANONICALIZATION,PROVIDER_SEGMENTATION,,739.000;799.000;65.000;50.000,2615.000
fh9ZLK61WWobTGZsxZtb,3,person,RLE,KEEP,CANONICAL_PROVIDER_SEGMENTATION,PHASE_5B_CANONICALIZATION,PROVIDER_SEGMENTATION,,662.000;799.000;184.000;464.000,52958.000
fttALlrksUCBwd1P1uxT,1,vest_on_body,RLE,KEEP,CANONICAL_PROVIDER_SEGMENTATION,PHASE_5B_CANONICALIZATION,PROVIDER_SEGMENTATION,,1074.000;223.000;325.000;569.000,47168.000
fttALlrksUCBwd1P1uxT,2,vest_on_body,RLE,KEEP,CANONICAL_PROVIDER_SEGMENTATION,PHASE_5B_CANONICALIZATION,PROVIDER_SEGMENTATION,,831.000;417.000;36.000;41.000,1107.000
fttALlrksUCBwd1P1uxT,3,helmet_on_head,RLE,KEEP,CANONICAL_PROVIDER_SEGMENTATION,PHASE_5B_CANONICALIZATION,PROVIDER_SEGMENTATION,,929.000;75.000;241.000;255.000,35558.000
fttALlrksUCBwd1P1uxT,4,person,RLE,KEEP,CANONICAL_PROVIDER_SEGMENTATION,PHASE_5B_CANONICALIZATION,PROVIDER_SEGMENTATION,,776.000;76.000;712.000;720.000,259833.000
fttALlrksUCBwd1P1uxT,5,person,RLE,KEEP,CANONICAL_PROVIDER_SEGMENTATION,PHASE_5B_CANONICALIZATION,PROVIDER_SEGMENTATION,,827.000;412.000;40.000;110.000,2863.000
fttALlrksUCBwd1P1uxT,6,person,RLE,KEEP,CANONICAL_PROVIDER_SEGMENTATION,PHASE_5B_CANONICALIZATION,PROVIDER_SEGMENTATION,,728.000;420.000;50.000;101.000,3994.000
g1wRtvNq6gOrnSakm4aj,1,person,RLE,KEEP,CANONICAL_PROVIDER_SEGMENTATION,PHASE_5B_CANONICALIZATION,PROVIDER_SEGMENTATION,,840.000;654.000;136.000;260.000,10921.000
g1wRtvNq6gOrnSakm4aj,2,person,RLE,KEEP,CANONICAL_PROVIDER_SEGMENTATION,PHASE_5B_CANONICALIZATION,PROVIDER_SEGMENTATION,,20.000;659.000;63.000;24.000,1236.000
g1wRtvNq6gOrnSakm4aj,3,person,RLE,KEEP,CANONICAL_PROVIDER_SEGMENTATION,PHASE_5B_CANONICALIZATION,PROVIDER_SEGMENTATION,,618.000;648.000;143.000;265.000,14060.000
g1wRtvNq6gOrnSakm4aj,4,person,RLE,KEEP,CANONICAL_PROVIDER_SEGMENTATION,PHASE_5B_CANONICALIZATION,PROVIDER_SEGMENTATION,,887.000;605.000;17.000;55.000,542.000
g1wRtvNq6gOrnSakm4aj,5,person,RLE,KEEP,CANONICAL_PROVIDER_SEGMENTATION,PHASE_5B_CANONICALIZATION,PROVIDER_SEGMENTATION,,21.000;659.000;139.000;288.000,5323.000
g1wRtvNq6gOrnSakm4aj,6,person,RLE,KEEP,CANONICAL_PROVIDER_SEGMENTATION,PHASE_5B_CANONICALIZATION,PROVIDER_SEGMENTATION,,364.000;609.000;19.000;20.000,306.000
g1wRtvNq6gOrnSakm4aj,7,person,RLE,KEEP,CANONICAL_PROVIDER_SEGMENTATION,PHASE_5B_CANONICALIZATION,PROVIDER_SEGMENTATION,,804.000;640.000;106.000;109.000,5080.000
gNPDrOkY5ncvCstpk8Ir,1,helmet_on_head,RLE,KEEP,CANONICAL_PROVIDER_SEGMENTATION,PHASE_5B_CANONICALIZATION,PROVIDER_SEGMENTATION,,404.000;258.000;226.000;141.000,13683.000
gNPDrOkY5ncvCstpk8Ir,2,person,RLE,KEEP,CANONICAL_PROVIDER_SEGMENTATION,PHASE_5B_CANONICALIZATION,PROVIDER_SEGMENTATION,,83.000;259.000;866.000;789.000,273377.000
gPFGULsXJIadGfSxA0ZC,1,vest_on_body,RLE,KEEP,CANONICAL_PROVIDER_SEGMENTATION,PHASE_5B_CANONICALIZATION,PROVIDER_SEGMENTATION,,219.000;416.000;612.000;651.000,146846.000
gPFGULsXJIadGfSxA0ZC,2,person,RLE,KEEP,CANONICAL_PROVIDER_SEGMENTATION,PHASE_5B_CANONICALIZATION,PROVIDER_SEGMENTATION,,173.000;42.000;793.000;1025.000,402657.000
gYn6rlfE3jNZF4ue6QGT,1,helmet_loose,POLYGON,KEEP,CANONICAL_PROVIDER_SEGMENTATION,PHASE_5B_CANONICALIZATION,PROVIDER_SEGMENTATION,,339.000;504.000;401.000;333.000,77118.000
gYn6rlfE3jNZF4ue6QGT,2,person,POLYGON,KEEP,CANONICAL_PROVIDER_SEGMENTATION,PHASE_5B_CANONICALIZATION,PROVIDER_SEGMENTATION,,513.000;14.000;339.000;332.000,55235.000
gYn6rlfE3jNZF4ue6QGT,3,person,POLYGON,KEEP,CANONICAL_PROVIDER_SEGMENTATION,PHASE_5B_CANONICALIZATION,PROVIDER_SEGMENTATION,,0.000;192.000;33.000;119.000,2878.000
ghzZPWPu7P2hqWEVXzdK,3,helmet_loose,RLE,KEEP,CANONICAL_PROVIDER_SEGMENTATION,PHASE_5B_CANONICALIZATION,PROVIDER_SEGMENTATION,,410.000;124.000;737.000;599.000,330628.000
glS8kOIkWw2z5g9Jf0YI,1,person,RLE,KEEP,CANONICAL_PROVIDER_SEGMENTATION,PHASE_5B_CANONICALIZATION,PROVIDER_SEGMENTATION,,629.000;48.000;931.000;1017.000,421934.000
glS8kOIkWw2z5g9Jf0YI,2,person,RLE,KEEP,CANONICAL_PROVIDER_SEGMENTATION,PHASE_5B_CANONICALIZATION,PROVIDER_SEGMENTATION,,563.000;284.000;507.000;557.000,109304.000
gtQyCqdKvXk2yIeURzCw,1,person,POLYGON,KEEP,CANONICAL_PROVIDER_SEGMENTATION,PHASE_5B_CANONICALIZATION,PROVIDER_SEGMENTATION,,121.000;274.000;245.000;380.000,55364.000
gtQyCqdKvXk2yIeURzCw,2,helmet_loose,POLYGON,KEEP,CANONICAL_PROVIDER_SEGMENTATION,PHASE_5B_CANONICALIZATION,PROVIDER_SEGMENTATION,,472.000;310.000;84.000;91.000,5561.000
guTxd6qoSMleRrrzuudX,1,vest_on_body,RLE,KEEP,CANONICAL_PROVIDER_SEGMENTATION,PHASE_5B_CANONICALIZATION,PROVIDER_SEGMENTATION,,214.000;700.000;328.000;324.000,37947.000
guTxd6qoSMleRrrzuudX,2,vest_on_body,RLE,KEEP,CANONICAL_PROVIDER_SEGMENTATION,PHASE_5B_CANONICALIZATION,PROVIDER_SEGMENTATION,,557.000;591.000;336.000;376.000,56440.000
guTxd6qoSMleRrrzuudX,3,person,RLE,KEEP,CANONICAL_PROVIDER_SEGMENTATION,PHASE_5B_CANONICALIZATION,PROVIDER_SEGMENTATION,,215.000;489.000;356.000;535.000,102119.000
guTxd6qoSMleRrrzuudX,4,person,RLE,KEEP,CANONICAL_PROVIDER_SEGMENTATION,PHASE_5B_CANONICALIZATION,PROVIDER_SEGMENTATION,,546.000;357.000;365.000;610.000,135551.000
guTxd6qoSMleRrrzuudX,5,person,RLE,KEEP,CANONICAL_PROVIDER_SEGMENTATION,PHASE_5B_CANONICALIZATION,PROVIDER_SEGMENTATION,,186.000;694.000;1406.000;364.000,184647.000
guTxd6qoSMleRrrzuudX,8,helmet_on_head,RLE,KEEP,CANONICAL_PROVIDER_SEGMENTATION,PHASE_5B_CANONICALIZATION,PROVIDER_SEGMENTATION,,544.000;357.000;198.000;128.000,15127.000
guTxd6qoSMleRrrzuudX,7,helmet_on_head,RLE,KEEP,CANONICAL_PROVIDER_SEGMENTATION,PHASE_5B_CANONICALIZATION,PROVIDER_SEGMENTATION,,297.000;488.000;191.000;162.000,12607.000
gwAoT5NhaRgUOaU5OHpI,1,person,POLYGON,KEEP,CANONICAL_PROVIDER_SEGMENTATION,PHASE_5B_CANONICALIZATION,PROVIDER_SEGMENTATION,,55.000;155.000;1247.000;1143.000,766389.000
gwAoT5NhaRgUOaU5OHpI,2,vest_on_body,POLYGON,KEEP,CANONICAL_PROVIDER_SEGMENTATION,PHASE_5B_CANONICALIZATION,PROVIDER_SEGMENTATION,,423.000;596.000;731.000;702.000,372278.000
gwAoT5NhaRgUOaU5OHpI,5,helmet_on_head,POLYGON,KEEP,CANONICAL_PROVIDER_SEGMENTATION,PHASE_5B_CANONICALIZATION,PROVIDER_SEGMENTATION,,599.000;149.000;382.000;293.000,82319.000
hKVfPWLhNq2uN8d3SJs1,1,vest_on_body,RLE,KEEP,CANONICAL_PROVIDER_SEGMENTATION,PHASE_5B_CANONICALIZATION,PROVIDER_SEGMENTATION,,264.000;1216.000;1178.000;1184.000,885290.000
hKVfPWLhNq2uN8d3SJs1,2,helmet_on_head,RLE,KEEP,CANONICAL_PROVIDER_SEGMENTATION,PHASE_5B_CANONICALIZATION,PROVIDER_SEGMENTATION,,565.000;600.000;543.000;393.000,149944.000
hKVfPWLhNq2uN8d3SJs1,3,person,RLE,KEEP,CANONICAL_PROVIDER_SEGMENTATION,PHASE_5B_CANONICALIZATION,PROVIDER_SEGMENTATION,,263.000;601.000;1179.000;1799.000,1370011.000
hRBalleqqyG7t2msbEJX,8,person,RLE,KEEP,CANONICAL_PROVIDER_SEGMENTATION,PHASE_5B_CANONICALIZATION,PROVIDER_SEGMENTATION,,565.000;359.000;70.000;175.000,6203.000
hRBalleqqyG7t2msbEJX,7,person,RLE,KEEP,CANONICAL_PROVIDER_SEGMENTATION,PHASE_5B_CANONICALIZATION,PROVIDER_SEGMENTATION,,399.000;382.000;88.000;172.000,7806.000
hRBalleqqyG7t2msbEJX,6,person,RLE,KEEP,CANONICAL_PROVIDER_SEGMENTATION,PHASE_5B_CANONICALIZATION,PROVIDER_SEGMENTATION,,450.000;347.000;66.000;160.000,4298.000
hRBalleqqyG7t2msbEJX,5,person,RLE,KEEP,CANONICAL_PROVIDER_SEGMENTATION,PHASE_5B_CANONICALIZATION,PROVIDER_SEGMENTATION,,790.000;151.000;208.000;370.000,28081.000
hn0aQnTlX2RCubxvozTD,1,person,POLYGON,KEEP,CANONICAL_PROVIDER_SEGMENTATION,PHASE_5B_CANONICALIZATION,PROVIDER_SEGMENTATION,,540.000;260.000;445.000;805.000,194521.000
hsfBHYazMXnS3WJlQzR7,1,vest_on_body,RLE,KEEP,CANONICAL_PROVIDER_SEGMENTATION,PHASE_5B_CANONICALIZATION,PROVIDER_SEGMENTATION,,1097.000;598.000;503.000;467.000,137794.000
hsfBHYazMXnS3WJlQzR7,2,vest_on_body,RLE,KEEP,CANONICAL_PROVIDER_SEGMENTATION,PHASE_5B_CANONICALIZATION,PROVIDER_SEGMENTATION,,0.000;713.000;647.000;354.000,143054.000
hsfBHYazMXnS3WJlQzR7,3,person,RLE,KEEP,CANONICAL_PROVIDER_SEGMENTATION,PHASE_5B_CANONICALIZATION,PROVIDER_SEGMENTATION,,1011.000;0.000;589.000;1067.000,477335.000
hsfBHYazMXnS3WJlQzR7,4,person,RLE,KEEP,CANONICAL_PROVIDER_SEGMENTATION,PHASE_5B_CANONICALIZATION,PROVIDER_SEGMENTATION,,0.000;65.000;905.000;1002.000,578546.000
hsfBHYazMXnS3WJlQzR7,7,helmet_on_head,RLE,KEEP,CANONICAL_PROVIDER_SEGMENTATION,PHASE_5B_CANONICALIZATION,PROVIDER_SEGMENTATION,,1091.000;0.000;509.000;451.000,177499.000
hsfBHYazMXnS3WJlQzR7,6,helmet_on_head,RLE,KEEP,CANONICAL_PROVIDER_SEGMENTATION,PHASE_5B_CANONICALIZATION,PROVIDER_SEGMENTATION,,0.000;64.000;609.000;597.000,276675.000
iJ4dUZWQCFaMhFRpxFFB,1,person,POLYGON,KEEP,CANONICAL_PROVIDER_SEGMENTATION,PHASE_5B_CANONICALIZATION,PROVIDER_SEGMENTATION,,0.000;0.000;818.000;1062.000,683888.000
iJ4dUZWQCFaMhFRpxFFB,2,helmet_on_head,POLYGON,KEEP,CANONICAL_PROVIDER_SEGMENTATION,PHASE_5B_CANONICALIZATION,PROVIDER_SEGMENTATION,,0.000;0.000;786.000;396.000,253666.000
iYDeCo5SbjJugwsbVESB,1,vest_on_body,RLE,KEEP,CANONICAL_PROVIDER_SEGMENTATION,PHASE_5B_CANONICALIZATION,PROVIDER_SEGMENTATION,,770.000;415.000;233.000;333.000,63967.000
iYDeCo5SbjJugwsbVESB,2,helmet_on_head,RLE,KEEP,CANONICAL_PROVIDER_SEGMENTATION,PHASE_5B_CANONICALIZATION,PROVIDER_SEGMENTATION,,1011.000;370.000;35.000;36.000,978.000
iYDeCo5SbjJugwsbVESB,3,helmet_on_head,RLE,KEEP,CANONICAL_PROVIDER_SEGMENTATION,PHASE_5B_CANONICALIZATION,PROVIDER_SEGMENTATION,,721.000;382.000;37.000;29.000,808.000
iYDeCo5SbjJugwsbVESB,4,helmet_on_head,RLE,KEEP,CANONICAL_PROVIDER_SEGMENTATION,PHASE_5B_CANONICALIZATION,PROVIDER_SEGMENTATION,,1133.000;366.000;40.000;41.000,1315.000
iYDeCo5SbjJugwsbVESB,5,helmet_on_head,RLE,KEEP,CANONICAL_PROVIDER_SEGMENTATION,PHASE_5B_CANONICALIZATION,PROVIDER_SEGMENTATION,,552.000;387.000;36.000;30.000,727.000
iYDeCo5SbjJugwsbVESB,6,helmet_on_head,RLE,KEEP,CANONICAL_PROVIDER_SEGMENTATION,PHASE_5B_CANONICALIZATION,PROVIDER_SEGMENTATION,,603.000;395.000;43.000;42.000,1195.000
iYDeCo5SbjJugwsbVESB,7,helmet_on_head,RLE,KEEP,CANONICAL_PROVIDER_SEGMENTATION,PHASE_5B_CANONICALIZATION,PROVIDER_SEGMENTATION,,1294.000;414.000;35.000;31.000,850.000
iYDeCo5SbjJugwsbVESB,8,helmet_on_head,RLE,KEEP,CANONICAL_PROVIDER_SEGMENTATION,PHASE_5B_CANONICALIZATION,PROVIDER_SEGMENTATION,,473.000;387.000;42.000;35.000,1093.000
iYDeCo5SbjJugwsbVESB,9,helmet_on_head,RLE,KEEP,CANONICAL_PROVIDER_SEGMENTATION,PHASE_5B_CANONICALIZATION,PROVIDER_SEGMENTATION,,349.000;384.000;36.000;28.000,809.000
iYDeCo5SbjJugwsbVESB,A,helmet_on_head,RLE,KEEP,CANONICAL_PROVIDER_SEGMENTATION,PHASE_5B_CANONICALIZATION,PROVIDER_SEGMENTATION,,682.000;385.000;42.000;42.000,1395.000
iYDeCo5SbjJugwsbVESB,B,helmet_on_head,RLE,KEEP,CANONICAL_PROVIDER_SEGMENTATION,PHASE_5B_CANONICALIZATION,PROVIDER_SEGMENTATION,,541.000;404.000;34.000;37.000,1000.000
iYDeCo5SbjJugwsbVESB,C,helmet_on_head,RLE,KEEP,CANONICAL_PROVIDER_SEGMENTATION,PHASE_5B_CANONICALIZATION,PROVIDER_SEGMENTATION,,552.000;387.000;41.000;47.000,1133.000
iYDeCo5SbjJugwsbVESB,D,helmet_on_head,RLE,KEEP,CANONICAL_PROVIDER_SEGMENTATION,PHASE_5B_CANONICALIZATION,PROVIDER_SEGMENTATION,,316.000;399.000;36.000;27.000,799.000
iYDeCo5SbjJugwsbVESB,E,helmet_on_head,RLE,KEEP,CANONICAL_PROVIDER_SEGMENTATION,PHASE_5B_CANONICALIZATION,PROVIDER_SEGMENTATION,,976.000;382.000;39.000;36.000,1060.000
iYDeCo5SbjJugwsbVESB,F,helmet_on_head,RLE,KEEP,CANONICAL_PROVIDER_SEGMENTATION,PHASE_5B_CANONICALIZATION,PROVIDER_SEGMENTATION,,1244.000;404.000;35.000;26.000,726.000
iYDeCo5SbjJugwsbVESB,G,person,RLE,KEEP,CANONICAL_PROVIDER_SEGMENTATION,PHASE_5B_CANONICALIZATION,PROVIDER_SEGMENTATION,,1011.000;370.000;71.000;182.000,5444.000
iYDeCo5SbjJugwsbVESB,H,person,RLE,KEEP,CANONICAL_PROVIDER_SEGMENTATION,PHASE_5B_CANONICALIZATION,PROVIDER_SEGMENTATION,,86.000;413.000;73.000;197.000,9920.000
iYDeCo5SbjJugwsbVESB,I,person,RLE,KEEP,CANONICAL_PROVIDER_SEGMENTATION,PHASE_5B_CANONICALIZATION,PROVIDER_SEGMENTATION,,1075.000;412.000;40.000;143.000,3670.000
iYDeCo5SbjJugwsbVESB,J,person,RLE,KEEP,CANONICAL_PROVIDER_SEGMENTATION,PHASE_5B_CANONICALIZATION,PROVIDER_SEGMENTATION,,445.000;387.000;120.000;224.000,20115.000
iYDeCo5SbjJugwsbVESB,K,person,RLE,KEEP,CANONICAL_PROVIDER_SEGMENTATION,PHASE_5B_CANONICALIZATION,PROVIDER_SEGMENTATION,,566.000;396.000;97.000;288.000,18029.000
iYDeCo5SbjJugwsbVESB,L,person,RLE,KEEP,CANONICAL_PROVIDER_SEGMENTATION,PHASE_5B_CANONICALIZATION,PROVIDER_SEGMENTATION,,662.000;386.000;71.000;295.000,13667.000
iYDeCo5SbjJugwsbVESB,M,person,RLE,KEEP,CANONICAL_PROVIDER_SEGMENTATION,PHASE_5B_CANONICALIZATION,PROVIDER_SEGMENTATION,,22.000;442.000;56.000;178.000,6990.000
iYDeCo5SbjJugwsbVESB,N,person,RLE,KEEP,CANONICAL_PROVIDER_SEGMENTATION,PHASE_5B_CANONICALIZATION,PROVIDER_SEGMENTATION,,407.000;428.000;47.000;145.000,5101.000
iYDeCo5SbjJugwsbVESB,O,person,RLE,KEEP,CANONICAL_PROVIDER_SEGMENTATION,PHASE_5B_CANONICALIZATION,PROVIDER_SEGMENTATION,,142.000;416.000;38.000;96.000,1894.000
iYDeCo5SbjJugwsbVESB,P,person,RLE,KEEP,CANONICAL_PROVIDER_SEGMENTATION,PHASE_5B_CANONICALIZATION,PROVIDER_SEGMENTATION,,1438.000;423.000;77.000;211.000,8590.000
iYDeCo5SbjJugwsbVESB,Q,person,RLE,KEEP,CANONICAL_PROVIDER_SEGMENTATION,PHASE_5B_CANONICALIZATION,PROVIDER_SEGMENTATION,,108.000;423.000;191.000;355.000,27937.000
iYDeCo5SbjJugwsbVESB,R,person,RLE,KEEP,CANONICAL_PROVIDER_SEGMENTATION,PHASE_5B_CANONICALIZATION,PROVIDER_SEGMENTATION,,301.000;387.000;108.000;297.000,22643.000
iYDeCo5SbjJugwsbVESB,S,person,RLE,KEEP,CANONICAL_PROVIDER_SEGMENTATION,PHASE_5B_CANONICALIZATION,PROVIDER_SEGMENTATION,,228.000;402.000;116.000;360.000,13603.000
iYDeCo5SbjJugwsbVESB,T,person,RLE,KEEP,CANONICAL_PROVIDER_SEGMENTATION,PHASE_5B_CANONICALIZATION,PROVIDER_SEGMENTATION,,1108.000;367.000;101.000;246.000,17729.000
iYDeCo5SbjJugwsbVESB,U,person,RLE,KEEP,CANONICAL_PROVIDER_SEGMENTATION,PHASE_5B_CANONICALIZATION,PROVIDER_SEGMENTATION,,1348.000;439.000;33.000;152.000,2315.000
iYDeCo5SbjJugwsbVESB,V,person,RLE,KEEP,CANONICAL_PROVIDER_SEGMENTATION,PHASE_5B_CANONICALIZATION,PROVIDER_SEGMENTATION,,1271.000;420.000;94.000;252.000,13974.000
iYDeCo5SbjJugwsbVESB,W,person,RLE,KEEP,CANONICAL_PROVIDER_SEGMENTATION,PHASE_5B_CANONICALIZATION,PROVIDER_SEGMENTATION,,704.000;281.000;372.000;786.000,163297.000
iYDeCo5SbjJugwsbVESB,X,person,RLE,KEEP,CANONICAL_PROVIDER_SEGMENTATION,PHASE_5B_CANONICALIZATION,PROVIDER_SEGMENTATION,,969.000;382.000;48.000;72.000,2558.000
iYDeCo5SbjJugwsbVESB,Y,person,RLE,KEEP,CANONICAL_PROVIDER_SEGMENTATION,PHASE_5B_CANONICALIZATION,PROVIDER_SEGMENTATION,,721.000;382.000;53.000;76.000,2895.000
iYDeCo5SbjJugwsbVESB,Z,person,RLE,KEEP,CANONICAL_PROVIDER_SEGMENTATION,PHASE_5B_CANONICALIZATION,PROVIDER_SEGMENTATION,,1226.000;407.000;63.000;254.000,11251.000
iYDeCo5SbjJugwsbVESB,a,person,RLE,KEEP,CANONICAL_PROVIDER_SEGMENTATION,PHASE_5B_CANONICALIZATION,PROVIDER_SEGMENTATION,,1369.000;418.000;52.000;179.000,6418.000
iaiWnIvvT5pVlhb0dKOl,1,person,POLYGON,KEEP,CANONICAL_PROVIDER_SEGMENTATION,PHASE_5B_CANONICALIZATION,PROVIDER_SEGMENTATION,,553.000;73.000;1023.000;992.000,443386.000
iaiWnIvvT5pVlhb0dKOl,2,person,POLYGON,KEEP,CANONICAL_PROVIDER_SEGMENTATION,PHASE_5B_CANONICALIZATION,PROVIDER_SEGMENTATION,,505.000;800.000;360.000;265.000,50017.000
iaiWnIvvT5pVlhb0dKOl,3,helmet_on_head,POLYGON,KEEP,CANONICAL_PROVIDER_SEGMENTATION,PHASE_5B_CANONICALIZATION,PROVIDER_SEGMENTATION,,210.000;213.000;179.000;160.000,10571.000
iaiWnIvvT5pVlhb0dKOl,4,helmet_on_head,POLYGON,KEEP,CANONICAL_PROVIDER_SEGMENTATION,PHASE_5B_CANONICALIZATION,PROVIDER_SEGMENTATION,,969.000;291.000;275.000;183.000,18812.000
iaiWnIvvT5pVlhb0dKOl,5,person,POLYGON,KEEP,CANONICAL_PROVIDER_SEGMENTATION,PHASE_5B_CANONICALIZATION,PROVIDER_SEGMENTATION,,134.000;213.000;387.000;852.000,143004.000
iaiWnIvvT5pVlhb0dKOl,6,helmet_on_head,POLYGON,KEEP,CANONICAL_PROVIDER_SEGMENTATION,PHASE_5B_CANONICALIZATION,PROVIDER_SEGMENTATION,,541.000;556.000;72.000;154.000,5857.000
ifby7cAiqu9ONl1N8bBb,2,person,POLYGON,KEEP,CANONICAL_PROVIDER_SEGMENTATION,PHASE_5B_CANONICALIZATION,PROVIDER_SEGMENTATION,,687.000;26.000;1098.000;1227.000,626353.000
ifby7cAiqu9ONl1N8bBb,4,vest_on_body,RLE,KEEP,CANONICAL_PROVIDER_SEGMENTATION,PHASE_5B_CANONICALIZATION,PROVIDER_SEGMENTATION,,1179.000;261.000;615.000;994.000,348273.000
imjwATL2GrVSVnpZbh6h,1,vest_on_body,POLYGON,KEEP,CANONICAL_PROVIDER_SEGMENTATION,PHASE_5B_CANONICALIZATION,PROVIDER_SEGMENTATION,,315.000;702.000;356.000;543.000,149487.000
imjwATL2GrVSVnpZbh6h,2,helmet_on_head,POLYGON,KEEP,CANONICAL_PROVIDER_SEGMENTATION,PHASE_5B_CANONICALIZATION,PROVIDER_SEGMENTATION,,418.000;496.000;167.000;143.000,16119.000
imjwATL2GrVSVnpZbh6h,4,person,RLE,KEEP,CANONICAL_PROVIDER_SEGMENTATION,PHASE_5B_CANONICALIZATION,PROVIDER_SEGMENTATION,,267.000;493.000;462.000;807.000,233796.000
iubfYkjY0FQevxBHrSDF,1,vest_on_body,RLE,KEEP,CANONICAL_PROVIDER_SEGMENTATION,PHASE_5B_CANONICALIZATION,PROVIDER_SEGMENTATION,,1224.000;494.000;242.000;433.000,37086.000
iubfYkjY0FQevxBHrSDF,2,vest_on_body,RLE,KEEP,CANONICAL_PROVIDER_SEGMENTATION,PHASE_5B_CANONICALIZATION,PROVIDER_SEGMENTATION,,177.000;405.000;449.000;659.000,228583.000
iubfYkjY0FQevxBHrSDF,3,vest_on_body,RLE,KEEP,CANONICAL_PROVIDER_SEGMENTATION,PHASE_5B_CANONICALIZATION,PROVIDER_SEGMENTATION,,1048.000;633.000;224.000;431.000,68513.000
iubfYkjY0FQevxBHrSDF,4,vest_on_body,RLE,KEEP,CANONICAL_PROVIDER_SEGMENTATION,PHASE_5B_CANONICALIZATION,PROVIDER_SEGMENTATION,,652.000;441.000;390.000;565.000,179324.000
iubfYkjY0FQevxBHrSDF,5,person,RLE,KEEP,CANONICAL_PROVIDER_SEGMENTATION,PHASE_5B_CANONICALIZATION,PROVIDER_SEGMENTATION,,1202.000;298.000;277.000;764.000,132594.000
iubfYkjY0FQevxBHrSDF,6,person,RLE,KEEP,CANONICAL_PROVIDER_SEGMENTATION,PHASE_5B_CANONICALIZATION,PROVIDER_SEGMENTATION,,86.000;105.000;540.000;959.000,345912.000
iubfYkjY0FQevxBHrSDF,7,person,RLE,KEEP,CANONICAL_PROVIDER_SEGMENTATION,PHASE_5B_CANONICALIZATION,PROVIDER_SEGMENTATION,,174.000;159.000;898.000;905.000,278253.000
iubfYkjY0FQevxBHrSDF,8,person,RLE,KEEP,CANONICAL_PROVIDER_SEGMENTATION,PHASE_5B_CANONICALIZATION,PROVIDER_SEGMENTATION,,1018.000;408.000;254.000;656.000,120204.000
iubfYkjY0FQevxBHrSDF,D,helmet_on_head,RLE,KEEP,CANONICAL_PROVIDER_SEGMENTATION,PHASE_5B_CANONICALIZATION,PROVIDER_SEGMENTATION,,711.000;158.000;226.000;184.000,24553.000
iubfYkjY0FQevxBHrSDF,C,helmet_on_head,RLE,KEEP,CANONICAL_PROVIDER_SEGMENTATION,PHASE_5B_CANONICALIZATION,PROVIDER_SEGMENTATION,,307.000;104.000;247.000;226.000,39401.000
iubfYkjY0FQevxBHrSDF,B,helmet_on_head,RLE,KEEP,CANONICAL_PROVIDER_SEGMENTATION,PHASE_5B_CANONICALIZATION,PROVIDER_SEGMENTATION,,1039.000;408.000;193.000;164.000,19959.000
iubfYkjY0FQevxBHrSDF,A,helmet_on_head,RLE,KEEP,CANONICAL_PROVIDER_SEGMENTATION,PHASE_5B_CANONICALIZATION,PROVIDER_SEGMENTATION,,1200.000;297.000;187.000;155.000,16409.000
j62kdLyGTgOcZr6cFg4l,2,helmet_loose,RLE,KEEP,CANONICAL_PROVIDER_SEGMENTATION,PHASE_5B_CANONICALIZATION,PROVIDER_SEGMENTATION,,1063.000;990.000;415.000;260.000,64633.000
jB6vHTpd3bg6PYMbkqIa,1,person,POLYGON,KEEP,CANONICAL_PROVIDER_SEGMENTATION,PHASE_5B_CANONICALIZATION,PROVIDER_SEGMENTATION,,82.000;580.000;1126.000;1818.000,1384407.000
jDwIXNJBgF475XoAE6vp,3,helmet_on_head,RLE,KEEP,CANONICAL_PROVIDER_SEGMENTATION,PHASE_5B_CANONICALIZATION,PROVIDER_SEGMENTATION,,931.000;307.000;187.000;203.000,30169.000
jDwIXNJBgF475XoAE6vp,E,person,RLE,KEEP,CANONICAL_PROVIDER_SEGMENTATION,PHASE_5B_CANONICALIZATION,PROVIDER_SEGMENTATION,,604.000;427.000;175.000;737.000,62520.000
jDwIXNJBgF475XoAE6vp,D,person,RLE,KEEP,CANONICAL_PROVIDER_SEGMENTATION,PHASE_5B_CANONICALIZATION,PROVIDER_SEGMENTATION,,291.000;436.000;233.000;730.000,62409.000
jDwIXNJBgF475XoAE6vp,C,person,RLE,KEEP,CANONICAL_PROVIDER_SEGMENTATION,PHASE_5B_CANONICALIZATION,PROVIDER_SEGMENTATION,,92.000;520.000;386.000;886.000,121055.000
jDwIXNJBgF475XoAE6vp,B,person,RLE,KEEP,CANONICAL_PROVIDER_SEGMENTATION,PHASE_5B_CANONICALIZATION,PROVIDER_SEGMENTATION,,679.000;308.000;797.000;1522.000,380578.000
jDwIXNJBgF475XoAE6vp,A,person,RLE,KEEP,CANONICAL_PROVIDER_SEGMENTATION,PHASE_5B_CANONICALIZATION,PROVIDER_SEGMENTATION,,805.000;461.000;102.000;99.000,4589.000
jDwIXNJBgF475XoAE6vp,H,vest_on_body,RLE,KEEP,CANONICAL_PROVIDER_SEGMENTATION,PHASE_5B_CANONICALIZATION,PROVIDER_SEGMENTATION,,690.000;502.000;552.000;500.000,161121.000
jDwIXNJBgF475XoAE6vp,G,vest_on_body,RLE,KEEP,CANONICAL_PROVIDER_SEGMENTATION,PHASE_5B_CANONICALIZATION,PROVIDER_SEGMENTATION,,679.000;493.000;709.000;681.000,248027.000
jMjBquUFO7RKmJoREtKf,2,person,RLE,KEEP,CANONICAL_PROVIDER_SEGMENTATION,PHASE_5B_CANONICALIZATION,PROVIDER_SEGMENTATION,,720.000;1081.000;61.000;91.000,2924.000
k5KncB0t5cKDlnJjjD7R,1,person,POLYGON,KEEP,CANONICAL_PROVIDER_SEGMENTATION,PHASE_5B_CANONICALIZATION,PROVIDER_SEGMENTATION,,146.000;1219.000;298.000;675.000,100865.000
k5KncB0t5cKDlnJjjD7R,2,vest_on_body,POLYGON,KEEP,CANONICAL_PROVIDER_SEGMENTATION,PHASE_5B_CANONICALIZATION,PROVIDER_SEGMENTATION,,183.000;1324.000;164.000;222.000,31636.000
k5KncB0t5cKDlnJjjD7R,3,helmet_on_head,POLYGON,KEEP,CANONICAL_PROVIDER_SEGMENTATION,PHASE_5B_CANONICALIZATION,PROVIDER_SEGMENTATION,,233.000;1219.000;91.000;73.000,4295.000
k9xkkgvQEhZ5r4UBzBLi,1,person,RLE,KEEP,CANONICAL_PROVIDER_SEGMENTATION,PHASE_5B_CANONICALIZATION,PROVIDER_SEGMENTATION,,722.000;248.000;555.000;529.000,151391.000
k9xkkgvQEhZ5r4UBzBLi,2,person,RLE,KEEP,CANONICAL_PROVIDER_SEGMENTATION,PHASE_5B_CANONICALIZATION,PROVIDER_SEGMENTATION,,148.000;140.000;667.000;652.000,213311.000
kTH5lgBkMr7IPrRdEdsH,1,helmet_loose,RLE,KEEP,CANONICAL_PROVIDER_SEGMENTATION,PHASE_5B_CANONICALIZATION,PROVIDER_SEGMENTATION,,627.000;120.000;801.000;758.000,417931.000
kd9SJdeJNaqWF3otEono,1,helmet_loose,POLYGON,KEEP,CANONICAL_PROVIDER_SEGMENTATION,PHASE_5B_CANONICALIZATION,PROVIDER_SEGMENTATION,,368.000;218.000;459.000;488.000,164580.000
kd9SJdeJNaqWF3otEono,2,helmet_loose,POLYGON,KEEP,CANONICAL_PROVIDER_SEGMENTATION,PHASE_5B_CANONICALIZATION,PROVIDER_SEGMENTATION,,96.000;170.000;370.000;490.000,135746.000
kd9SJdeJNaqWF3otEono,3,helmet_loose,POLYGON,KEEP,CANONICAL_PROVIDER_SEGMENTATION,PHASE_5B_CANONICALIZATION,PROVIDER_SEGMENTATION,,841.000;205.000;321.000;473.000,81009.000
kd9SJdeJNaqWF3otEono,4,helmet_loose,POLYGON,KEEP,CANONICAL_PROVIDER_SEGMENTATION,PHASE_5B_CANONICALIZATION,PROVIDER_SEGMENTATION,,761.000;402.000;159.000;270.000,22535.000
keYyPpX3glyxtyVpJW0h,1,person,POLYGON,KEEP,CANONICAL_PROVIDER_SEGMENTATION,PHASE_5B_CANONICALIZATION,PROVIDER_SEGMENTATION,,216.000;222.000;1383.000;2182.000,2657696.000
kfY9GYBFnMHnsmXlT7Pk,1,person,POLYGON,KEEP,CANONICAL_PROVIDER_SEGMENTATION,PHASE_5B_CANONICALIZATION,PROVIDER_SEGMENTATION,,310.000;106.000;650.000;1192.000,379887.000
kfY9GYBFnMHnsmXlT7Pk,5,vest_on_body,POLYGON,KEEP,CANONICAL_PROVIDER_SEGMENTATION,PHASE_5B_CANONICALIZATION,PROVIDER_SEGMENTATION,,443.000;413.000;404.000;500.000,126586.000
kfY9GYBFnMHnsmXlT7Pk,9,helmet_on_head,POLYGON,KEEP,CANONICAL_PROVIDER_SEGMENTATION,PHASE_5B_CANONICALIZATION,PROVIDER_SEGMENTATION,,492.000;104.000;236.000;157.000,19355.000
kfY9GYBFnMHnsmXlT7Pk,A,vest_on_body,POLYGON,KEEP,CANONICAL_PROVIDER_SEGMENTATION,PHASE_5B_CANONICALIZATION,PROVIDER_SEGMENTATION,,574.000;813.000;269.000;197.000,38522.000
krq8FSSwp3IHgm9N0pao,1,person,POLYGON,KEEP,CANONICAL_PROVIDER_SEGMENTATION,PHASE_5B_CANONICALIZATION,PROVIDER_SEGMENTATION,,420.000;113.000;658.000;605.000,269110.000
krq8FSSwp3IHgm9N0pao,3,vest_on_body,RLE,KEEP,CANONICAL_PROVIDER_SEGMENTATION,PHASE_5B_CANONICALIZATION,PROVIDER_SEGMENTATION,,492.000;287.000;498.000;433.000,143885.000
kusZ7rL0IJdPP025Z3VL,28,person,RLE,KEEP,CANONICAL_PROVIDER_SEGMENTATION,PHASE_5B_CANONICALIZATION,PROVIDER_SEGMENTATION,,1313.000;959.000;39.000;26.000,779.000
kusZ7rL0IJdPP025Z3VL,27,person,RLE,KEEP,CANONICAL_PROVIDER_SEGMENTATION,PHASE_5B_CANONICALIZATION,PROVIDER_SEGMENTATION,,1301.000;766.000;38.000;77.000,1720.000
kusZ7rL0IJdPP025Z3VL,26,person,RLE,KEEP,CANONICAL_PROVIDER_SEGMENTATION,PHASE_5B_CANONICALIZATION,PROVIDER_SEGMENTATION,,374.000;843.000;52.000;136.000,4087.000
kusZ7rL0IJdPP025Z3VL,25,person,RLE,KEEP,CANONICAL_PROVIDER_SEGMENTATION,PHASE_5B_CANONICALIZATION,PROVIDER_SEGMENTATION,,474.000;398.000;36.000;152.000,3815.000
kusZ7rL0IJdPP025Z3VL,24,person,RLE,KEEP,CANONICAL_PROVIDER_SEGMENTATION,PHASE_5B_CANONICALIZATION,PROVIDER_SEGMENTATION,,955.000;759.000;62.000;160.000,6731.000
kusZ7rL0IJdPP025Z3VL,23,person,RLE,KEEP,CANONICAL_PROVIDER_SEGMENTATION,PHASE_5B_CANONICALIZATION,PROVIDER_SEGMENTATION,,752.000;230.000;71.000;113.000,3140.000
kusZ7rL0IJdPP025Z3VL,22,person,RLE,KEEP,CANONICAL_PROVIDER_SEGMENTATION,PHASE_5B_CANONICALIZATION,PROVIDER_SEGMENTATION,,1191.000;744.000;57.000;114.000,3414.000
kusZ7rL0IJdPP025Z3VL,21,person,RLE,KEEP,CANONICAL_PROVIDER_SEGMENTATION,PHASE_5B_CANONICALIZATION,PROVIDER_SEGMENTATION,,882.000;201.000;74.000;112.000,3840.000
kusZ7rL0IJdPP025Z3VL,1z,person,RLE,KEEP,CANONICAL_PROVIDER_SEGMENTATION,PHASE_5B_CANONICALIZATION,PROVIDER_SEGMENTATION,,820.000;507.000;80.000;149.000,5565.000
kusZ7rL0IJdPP025Z3VL,1y,person,RLE,KEEP,CANONICAL_PROVIDER_SEGMENTATION,PHASE_5B_CANONICALIZATION,PROVIDER_SEGMENTATION,,1001.000;111.000;91.000;78.000,2836.000
kusZ7rL0IJdPP025Z3VL,1x,person,RLE,KEEP,CANONICAL_PROVIDER_SEGMENTATION,PHASE_5B_CANONICALIZATION,PROVIDER_SEGMENTATION,,793.000;403.000;51.000;151.000,4895.000
kusZ7rL0IJdPP025Z3VL,1w,person,RLE,KEEP,CANONICAL_PROVIDER_SEGMENTATION,PHASE_5B_CANONICALIZATION,PROVIDER_SEGMENTATION,,1289.000;830.000;65.000;110.000,3125.000
kusZ7rL0IJdPP025Z3VL,1v,person,RLE,KEEP,CANONICAL_PROVIDER_SEGMENTATION,PHASE_5B_CANONICALIZATION,PROVIDER_SEGMENTATION,,1416.000;510.000;59.000;107.000,2611.000
kusZ7rL0IJdPP025Z3VL,1u,person,RLE,KEEP,CANONICAL_PROVIDER_SEGMENTATION,PHASE_5B_CANONICALIZATION,PROVIDER_SEGMENTATION,,615.000;271.000;74.000;83.000,2766.000
kusZ7rL0IJdPP025Z3VL,1t,person,RLE,KEEP,CANONICAL_PROVIDER_SEGMENTATION,PHASE_5B_CANONICALIZATION,PROVIDER_SEGMENTATION,,985.000;655.000;53.000;169.000,4215.000
kusZ7rL0IJdPP025Z3VL,1s,person,RLE,KEEP,CANONICAL_PROVIDER_SEGMENTATION,PHASE_5B_CANONICALIZATION,PROVIDER_SEGMENTATION,,38.000;858.000;25.000;79.000,1328.000
kusZ7rL0IJdPP025Z3VL,1r,person,RLE,KEEP,CANONICAL_PROVIDER_SEGMENTATION,PHASE_5B_CANONICALIZATION,PROVIDER_SEGMENTATION,,683.000;891.000;20.000;55.000,676.000
kusZ7rL0IJdPP025Z3VL,1q,person,RLE,KEEP,CANONICAL_PROVIDER_SEGMENTATION,PHASE_5B_CANONICALIZATION,PROVIDER_SEGMENTATION,,1548.000;992.000;40.000;75.000,1858.000
kusZ7rL0IJdPP025Z3VL,1p,person,RLE,KEEP,CANONICAL_PROVIDER_SEGMENTATION,PHASE_5B_CANONICALIZATION,PROVIDER_SEGMENTATION,,1308.000;483.000;44.000;125.000,1973.000
kusZ7rL0IJdPP025Z3VL,1o,person,RLE,KEEP,CANONICAL_PROVIDER_SEGMENTATION,PHASE_5B_CANONICALIZATION,PROVIDER_SEGMENTATION,,240.000;457.000;80.000;104.000,3180.000
kusZ7rL0IJdPP025Z3VL,1n,person,RLE,KEEP,CANONICAL_PROVIDER_SEGMENTATION,PHASE_5B_CANONICALIZATION,PROVIDER_SEGMENTATION,,418.000;379.000;51.000;96.000,1137.000
kusZ7rL0IJdPP025Z3VL,1m,person,RLE,KEEP,CANONICAL_PROVIDER_SEGMENTATION,PHASE_5B_CANONICALIZATION,PROVIDER_SEGMENTATION,,643.000;438.000;43.000;101.000,2429.000
kusZ7rL0IJdPP025Z3VL,1l,person,RLE,KEEP,CANONICAL_PROVIDER_SEGMENTATION,PHASE_5B_CANONICALIZATION,PROVIDER_SEGMENTATION,,964.000;131.000;41.000;51.000,1365.000
kusZ7rL0IJdPP025Z3VL,1k,person,RLE,KEEP,CANONICAL_PROVIDER_SEGMENTATION,PHASE_5B_CANONICALIZATION,PROVIDER_SEGMENTATION,,1526.000;979.000;23.000;51.000,685.000
kusZ7rL0IJdPP025Z3VL,1j,person,RLE,KEEP,CANONICAL_PROVIDER_SEGMENTATION,PHASE_5B_CANONICALIZATION,PROVIDER_SEGMENTATION,,590.000;352.000;69.000;104.000,3308.000
kusZ7rL0IJdPP025Z3VL,1i,person,RLE,KEEP,CANONICAL_PROVIDER_SEGMENTATION,PHASE_5B_CANONICALIZATION,PROVIDER_SEGMENTATION,,1086.000;742.000;49.000;80.000,2611.000
kusZ7rL0IJdPP025Z3VL,1h,person,RLE,KEEP,CANONICAL_PROVIDER_SEGMENTATION,PHASE_5B_CANONICALIZATION,PROVIDER_SEGMENTATION,,414.000;471.000;36.000;89.000,2178.000
kusZ7rL0IJdPP025Z3VL,1g,person,RLE,KEEP,CANONICAL_PROVIDER_SEGMENTATION,PHASE_5B_CANONICALIZATION,PROVIDER_SEGMENTATION,,653.000;348.000;57.000;95.000,3370.000
kusZ7rL0IJdPP025Z3VL,1f,person,RLE,KEEP,CANONICAL_PROVIDER_SEGMENTATION,PHASE_5B_CANONICALIZATION,PROVIDER_SEGMENTATION,,1297.000;1037.000;42.000;30.000,890.000
kusZ7rL0IJdPP025Z3VL,1e,person,RLE,KEEP,CANONICAL_PROVIDER_SEGMENTATION,PHASE_5B_CANONICALIZATION,PROVIDER_SEGMENTATION,,704.000;231.000;49.000;128.000,4078.000
kusZ7rL0IJdPP025Z3VL,1d,person,RLE,KEEP,CANONICAL_PROVIDER_SEGMENTATION,PHASE_5B_CANONICALIZATION,PROVIDER_SEGMENTATION,,695.000;564.000;60.000;142.000,3310.000
kusZ7rL0IJdPP025Z3VL,1c,person,RLE,KEEP,CANONICAL_PROVIDER_SEGMENTATION,PHASE_5B_CANONICALIZATION,PROVIDER_SEGMENTATION,,345.000;345.000;86.000;91.000,2471.000
kusZ7rL0IJdPP025Z3VL,1b,person,RLE,KEEP,CANONICAL_PROVIDER_SEGMENTATION,PHASE_5B_CANONICALIZATION,PROVIDER_SEGMENTATION,,602.000;407.000;58.000;103.000,3777.000
kusZ7rL0IJdPP025Z3VL,1a,person,RLE,KEEP,CANONICAL_PROVIDER_SEGMENTATION,PHASE_5B_CANONICALIZATION,PROVIDER_SEGMENTATION,,363.000;464.000;57.000;170.000,2286.000
kusZ7rL0IJdPP025Z3VL,1Z,person,RLE,KEEP,CANONICAL_PROVIDER_SEGMENTATION,PHASE_5B_CANONICALIZATION,PROVIDER_SEGMENTATION,,355.000;640.000;63.000;144.000,3286.000
kusZ7rL0IJdPP025Z3VL,1Y,person,RLE,KEEP,CANONICAL_PROVIDER_SEGMENTATION,PHASE_5B_CANONICALIZATION,PROVIDER_SEGMENTATION,,508.000;302.000;79.000;101.000,3547.000
kusZ7rL0IJdPP025Z3VL,1X,person,RLE,KEEP,CANONICAL_PROVIDER_SEGMENTATION,PHASE_5B_CANONICALIZATION,PROVIDER_SEGMENTATION,,1033.000;741.000;66.000;105.000,4083.000
kusZ7rL0IJdPP025Z3VL,1W,person,RLE,KEEP,CANONICAL_PROVIDER_SEGMENTATION,PHASE_5B_CANONICALIZATION,PROVIDER_SEGMENTATION,,895.000;667.000;51.000;173.000,5674.000
kusZ7rL0IJdPP025Z3VL,1V,person,RLE,KEEP,CANONICAL_PROVIDER_SEGMENTATION,PHASE_5B_CANONICALIZATION,PROVIDER_SEGMENTATION,,1422.000;800.000;95.000;85.000,3791.000
kusZ7rL0IJdPP025Z3VL,1U,person,RLE,KEEP,CANONICAL_PROVIDER_SEGMENTATION,PHASE_5B_CANONICALIZATION,PROVIDER_SEGMENTATION,,847.000;628.000;68.000;167.000,4336.000
kusZ7rL0IJdPP025Z3VL,1T,person,RLE,KEEP,CANONICAL_PROVIDER_SEGMENTATION,PHASE_5B_CANONICALIZATION,PROVIDER_SEGMENTATION,,1329.000;835.000;45.000;86.000,2603.000
kusZ7rL0IJdPP025Z3VL,1S,person,RLE,KEEP,CANONICAL_PROVIDER_SEGMENTATION,PHASE_5B_CANONICALIZATION,PROVIDER_SEGMENTATION,,650.000;824.000;39.000;132.000,2969.000
kusZ7rL0IJdPP025Z3VL,1R,person,RLE,KEEP,CANONICAL_PROVIDER_SEGMENTATION,PHASE_5B_CANONICALIZATION,PROVIDER_SEGMENTATION,,1556.000;791.000;44.000;163.000,4953.000
kusZ7rL0IJdPP025Z3VL,1Q,person,RLE,KEEP,CANONICAL_PROVIDER_SEGMENTATION,PHASE_5B_CANONICALIZATION,PROVIDER_SEGMENTATION,,302.000;363.000;67.000;93.000,2200.000
kusZ7rL0IJdPP025Z3VL,1P,person,RLE,KEEP,CANONICAL_PROVIDER_SEGMENTATION,PHASE_5B_CANONICALIZATION,PROVIDER_SEGMENTATION,,537.000;360.000;69.000;115.000,2900.000
kusZ7rL0IJdPP025Z3VL,1O,person,RLE,KEEP,CANONICAL_PROVIDER_SEGMENTATION,PHASE_5B_CANONICALIZATION,PROVIDER_SEGMENTATION,,438.000;356.000;56.000;71.000,2075.000
kusZ7rL0IJdPP025Z3VL,1N,person,RLE,KEEP,CANONICAL_PROVIDER_SEGMENTATION,PHASE_5B_CANONICALIZATION,PROVIDER_SEGMENTATION,,1243.000;837.000;65.000;97.000,4165.000
kusZ7rL0IJdPP025Z3VL,1M,person,RLE,KEEP,CANONICAL_PROVIDER_SEGMENTATION,PHASE_5B_CANONICALIZATION,PROVIDER_SEGMENTATION,,15.000;569.000;39.000;116.000,3017.000
kusZ7rL0IJdPP025Z3VL,1L,person,RLE,KEEP,CANONICAL_PROVIDER_SEGMENTATION,PHASE_5B_CANONICALIZATION,PROVIDER_SEGMENTATION,,1359.000;773.000;62.000;169.000,5843.000
kusZ7rL0IJdPP025Z3VL,1K,person,RLE,KEEP,CANONICAL_PROVIDER_SEGMENTATION,PHASE_5B_CANONICALIZATION,PROVIDER_SEGMENTATION,,364.000;468.000;63.000;109.000,3192.000
kusZ7rL0IJdPP025Z3VL,1J,person,RLE,KEEP,CANONICAL_PROVIDER_SEGMENTATION,PHASE_5B_CANONICALIZATION,PROVIDER_SEGMENTATION,,450.000;329.000;53.000;53.000,1202.000
kusZ7rL0IJdPP025Z3VL,1I,person,RLE,KEEP,CANONICAL_PROVIDER_SEGMENTATION,PHASE_5B_CANONICALIZATION,PROVIDER_SEGMENTATION,,164.000;491.000;77.000;95.000,3048.000
kusZ7rL0IJdPP025Z3VL,1H,person,RLE,KEEP,CANONICAL_PROVIDER_SEGMENTATION,PHASE_5B_CANONICALIZATION,PROVIDER_SEGMENTATION,,1154.000;545.000;37.000;113.000,1976.000
kusZ7rL0IJdPP025Z3VL,1G,person,RLE,KEEP,CANONICAL_PROVIDER_SEGMENTATION,PHASE_5B_CANONICALIZATION,PROVIDER_SEGMENTATION,,640.000;826.000;21.000;127.000,1893.000
kusZ7rL0IJdPP025Z3VL,1F,person,RLE,KEEP,CANONICAL_PROVIDER_SEGMENTATION,PHASE_5B_CANONICALIZATION,PROVIDER_SEGMENTATION,,1193.000;462.000;55.000;186.000,3192.000
kusZ7rL0IJdPP025Z3VL,1E,person,RLE,KEEP,CANONICAL_PROVIDER_SEGMENTATION,PHASE_5B_CANONICALIZATION,PROVIDER_SEGMENTATION,,411.000;314.000;78.000;114.000,2264.000
kusZ7rL0IJdPP025Z3VL,1D,person,RLE,KEEP,CANONICAL_PROVIDER_SEGMENTATION,PHASE_5B_CANONICALIZATION,PROVIDER_SEGMENTATION,,1482.000;975.000;37.000;92.000,2333.000
kusZ7rL0IJdPP025Z3VL,1C,person,RLE,KEEP,CANONICAL_PROVIDER_SEGMENTATION,PHASE_5B_CANONICALIZATION,PROVIDER_SEGMENTATION,,436.000;470.000;42.000;91.000,2645.000
kusZ7rL0IJdPP025Z3VL,1B,person,RLE,KEEP,CANONICAL_PROVIDER_SEGMENTATION,PHASE_5B_CANONICALIZATION,PROVIDER_SEGMENTATION,,491.000;303.000;63.000;83.000,1427.000
kusZ7rL0IJdPP025Z3VL,1A,person,RLE,KEEP,CANONICAL_PROVIDER_SEGMENTATION,PHASE_5B_CANONICALIZATION,PROVIDER_SEGMENTATION,,677.000;271.000;34.000;96.000,2036.000
kusZ7rL0IJdPP025Z3VL,19,person,RLE,KEEP,CANONICAL_PROVIDER_SEGMENTATION,PHASE_5B_CANONICALIZATION,PROVIDER_SEGMENTATION,,806.000;322.000;84.000;146.000,4941.000
kusZ7rL0IJdPP025Z3VL,18,person,RLE,KEEP,CANONICAL_PROVIDER_SEGMENTATION,PHASE_5B_CANONICALIZATION,PROVIDER_SEGMENTATION,,737.000;661.000;54.000;118.000,3993.000
kusZ7rL0IJdPP025Z3VL,17,person,RLE,KEEP,CANONICAL_PROVIDER_SEGMENTATION,PHASE_5B_CANONICALIZATION,PROVIDER_SEGMENTATION,,440.000;404.000;46.000;77.000,1842.000
kusZ7rL0IJdPP025Z3VL,16,person,RLE,KEEP,CANONICAL_PROVIDER_SEGMENTATION,PHASE_5B_CANONICALIZATION,PROVIDER_SEGMENTATION,,1167.000;204.000;62.000;153.000,3959.000
kvlkvPKhlcIlNoa2lJKq,1,vest_on_body,RLE,KEEP,CANONICAL_PROVIDER_SEGMENTATION,PHASE_5B_CANONICALIZATION,PROVIDER_SEGMENTATION,,292.000;346.000;443.000;544.000,195364.000
kvlkvPKhlcIlNoa2lJKq,2,helmet_on_head,RLE,KEEP,CANONICAL_PROVIDER_SEGMENTATION,PHASE_5B_CANONICALIZATION,PROVIDER_SEGMENTATION,,410.000;84.000;217.000;217.000,36636.000
kvlkvPKhlcIlNoa2lJKq,3,person,RLE,KEEP,CANONICAL_PROVIDER_SEGMENTATION,PHASE_5B_CANONICALIZATION,PROVIDER_SEGMENTATION,,275.000;85.000;554.000;982.000,385836.000
l3CKxvrKhNSJ5s7EZGYx,1,person,POLYGON,KEEP,CANONICAL_PROVIDER_SEGMENTATION,PHASE_5B_CANONICALIZATION,PROVIDER_SEGMENTATION,,651.000;464.000;72.000;304.000,13860.000
l3CKxvrKhNSJ5s7EZGYx,2,person,POLYGON,KEEP,CANONICAL_PROVIDER_SEGMENTATION,PHASE_5B_CANONICALIZATION,PROVIDER_SEGMENTATION,,172.000;514.000;109.000;375.000,23969.000
l3CKxvrKhNSJ5s7EZGYx,3,helmet_on_head,POLYGON,KEEP,CANONICAL_PROVIDER_SEGMENTATION,PHASE_5B_CANONICALIZATION,PROVIDER_SEGMENTATION,,224.000;514.000;53.000;28.000,1157.000
l3CKxvrKhNSJ5s7EZGYx,4,helmet_on_head,POLYGON,KEEP,CANONICAL_PROVIDER_SEGMENTATION,PHASE_5B_CANONICALIZATION,PROVIDER_SEGMENTATION,,666.000;466.000;24.000;21.000,379.000
l3CKxvrKhNSJ5s7EZGYx,5,helmet_on_head,POLYGON,KEEP,CANONICAL_PROVIDER_SEGMENTATION,PHASE_5B_CANONICALIZATION,PROVIDER_SEGMENTATION,,753.000;538.000;22.000;18.000,317.000
l3CKxvrKhNSJ5s7EZGYx,6,helmet_on_head,POLYGON,KEEP,CANONICAL_PROVIDER_SEGMENTATION,PHASE_5B_CANONICALIZATION,PROVIDER_SEGMENTATION,,174.000;566.000;31.000;29.000,657.000
l3CKxvrKhNSJ5s7EZGYx,B,vest_on_body,RLE,KEEP,CANONICAL_PROVIDER_SEGMENTATION,PHASE_5B_CANONICALIZATION,PROVIDER_SEGMENTATION,,651.000;507.000;69.000;111.000,4962.000
l3CKxvrKhNSJ5s7EZGYx,A,vest_on_body,RLE,KEEP,CANONICAL_PROVIDER_SEGMENTATION,PHASE_5B_CANONICALIZATION,PROVIDER_SEGMENTATION,,751.000;564.000;31.000;59.000,1179.000
l3CKxvrKhNSJ5s7EZGYx,9,vest_on_body,RLE,KEEP,CANONICAL_PROVIDER_SEGMENTATION,PHASE_5B_CANONICALIZATION,PROVIDER_SEGMENTATION,,200.000;568.000;83.000;125.000,4770.000
l3CKxvrKhNSJ5s7EZGYx,8,vest_on_body,RLE,KEEP,CANONICAL_PROVIDER_SEGMENTATION,PHASE_5B_CANONICALIZATION,PROVIDER_SEGMENTATION,,157.000;611.000;46.000;71.000,1957.000
l9Dl2hgmgUUntj7KnCDr,1,person,POLYGON,KEEP,CANONICAL_PROVIDER_SEGMENTATION,PHASE_5B_CANONICALIZATION,PROVIDER_SEGMENTATION,,673.000;173.000;670.000;892.000,389593.000
l9Dl2hgmgUUntj7KnCDr,3,helmet_on_head,POLYGON,KEEP,CANONICAL_PROVIDER_SEGMENTATION,PHASE_5B_CANONICALIZATION,PROVIDER_SEGMENTATION,,842.000;170.000;300.000;274.000,29603.000
l9Dl2hgmgUUntj7KnCDr,5,vest_on_body,RLE,KEEP,CANONICAL_PROVIDER_SEGMENTATION,PHASE_5B_CANONICALIZATION,PROVIDER_SEGMENTATION,,774.000;540.000;493.000;527.000,100797.000
lHkj3xNmUL3G67dHG1Zr,2,person,POLYGON,KEEP,CANONICAL_PROVIDER_SEGMENTATION,PHASE_5B_CANONICALIZATION,PROVIDER_SEGMENTATION,,0.000;0.000;827.000;1298.000,759773.000
lHkj3xNmUL3G67dHG1Zr,3,helmet_on_head,POLYGON,KEEP,CANONICAL_PROVIDER_SEGMENTATION,PHASE_5B_CANONICALIZATION,PROVIDER_SEGMENTATION,,60.000;0.000;452.000;270.000,93756.000
lHkj3xNmUL3G67dHG1Zr,5,vest_on_body,POLYGON,KEEP,CANONICAL_PROVIDER_SEGMENTATION,PHASE_5B_CANONICALIZATION,PROVIDER_SEGMENTATION,,116.000;452.000;65.000;39.000,1503.000
lHkj3xNmUL3G67dHG1Zr,6,vest_on_body,POLYGON,KEEP,CANONICAL_PROVIDER_SEGMENTATION,PHASE_5B_CANONICALIZATION,PROVIDER_SEGMENTATION,,188.000;495.000;3.000;13.000,34.000
lHkj3xNmUL3G67dHG1Zr,7,vest_on_body,POLYGON,KEEP,CANONICAL_PROVIDER_SEGMENTATION,PHASE_5B_CANONICALIZATION,PROVIDER_SEGMENTATION,,63.000;545.000;749.000;707.000,245537.000
lHkj3xNmUL3G67dHG1Zr,8,vest_on_body,POLYGON,KEEP,CANONICAL_PROVIDER_SEGMENTATION,PHASE_5B_CANONICALIZATION,PROVIDER_SEGMENTATION,NESTED_SAME_CLASS_CANDIDATE,700.000;673.000;20.000;34.000,381.000
lHkj3xNmUL3G67dHG1Zr,9,vest_on_body,POLYGON,KEEP,CANONICAL_PROVIDER_SEGMENTATION,PHASE_5B_CANONICALIZATION,PROVIDER_SEGMENTATION,,603.000;728.000;50.000;151.000,4443.000
lHkj3xNmUL3G67dHG1Zr,A,vest_on_body,POLYGON,KEEP,CANONICAL_PROVIDER_SEGMENTATION,PHASE_5B_CANONICALIZATION,PROVIDER_SEGMENTATION,,91.000;1106.000;259.000;193.000,31469.000
lSb8IK6pm0WEKyASISFH,1,vest_on_body,RLE,KEEP,CANONICAL_PROVIDER_SEGMENTATION,PHASE_5B_CANONICALIZATION,PROVIDER_SEGMENTATION,,563.000;195.000;232.000;364.000,75409.000
lSb8IK6pm0WEKyASISFH,2,helmet_on_head,RLE,KEEP,CANONICAL_PROVIDER_SEGMENTATION,PHASE_5B_CANONICALIZATION,PROVIDER_SEGMENTATION,,637.000;57.000;127.000;103.000,9731.000
lSb8IK6pm0WEKyASISFH,3,person,RLE,KEEP,CANONICAL_PROVIDER_SEGMENTATION,PHASE_5B_CANONICALIZATION,PROVIDER_SEGMENTATION,,519.000;58.000;325.000;886.000,161040.000
lgBtELsXF4mmvJVuTAhW,1,person,POLYGON,KEEP,CANONICAL_PROVIDER_SEGMENTATION,PHASE_5B_CANONICALIZATION,PROVIDER_SEGMENTATION,,413.000;216.000;483.000;849.000,280984.000
lgBtELsXF4mmvJVuTAhW,2,person,POLYGON,KEEP,CANONICAL_PROVIDER_SEGMENTATION,PHASE_5B_CANONICALIZATION,PROVIDER_SEGMENTATION,,1153.000;363.000;446.000;702.000,190615.000
lgBtELsXF4mmvJVuTAhW,3,person,POLYGON,KEEP,CANONICAL_PROVIDER_SEGMENTATION,PHASE_5B_CANONICALIZATION,PROVIDER_SEGMENTATION,,939.000;456.000;345.000;609.000,102648.000
lgBtELsXF4mmvJVuTAhW,4,person,POLYGON,KEEP,CANONICAL_PROVIDER_SEGMENTATION,PHASE_5B_CANONICALIZATION,PROVIDER_SEGMENTATION,,0.000;593.000;129.000;472.000,39163.000
ljmzAWSjDGWvNtmeIhi5,2,vest_on_body,POLYGON,KEEP,CANONICAL_PROVIDER_SEGMENTATION,PHASE_5B_CANONICALIZATION,PROVIDER_SEGMENTATION,,90.000;517.000;744.000;513.000,200427.000
ljmzAWSjDGWvNtmeIhi5,3,helmet_on_head,POLYGON,KEEP,CANONICAL_PROVIDER_SEGMENTATION,PHASE_5B_CANONICALIZATION,PROVIDER_SEGMENTATION,,313.000;48.000;484.000;313.000,92709.000
ljmzAWSjDGWvNtmeIhi5,4,vest_on_body,POLYGON,KEEP,CANONICAL_PROVIDER_SEGMENTATION,PHASE_5B_CANONICALIZATION,PROVIDER_SEGMENTATION,,808.000;814.000;165.000;484.000,42334.000
ljmzAWSjDGWvNtmeIhi5,7,person,POLYGON,KEEP,CANONICAL_PROVIDER_SEGMENTATION,PHASE_5B_CANONICALIZATION,PROVIDER_SEGMENTATION,,0.000;47.000;859.000;1252.000,749845.000
ljmzAWSjDGWvNtmeIhi5,6,person,POLYGON,KEEP,CANONICAL_PROVIDER_SEGMENTATION,PHASE_5B_CANONICALIZATION,PROVIDER_SEGMENTATION,,791.000;805.000;183.000;494.000,53079.000
ljmzAWSjDGWvNtmeIhi5,8,person,POLYGON,KEEP,CANONICAL_PROVIDER_SEGMENTATION,PHASE_5B_CANONICALIZATION,PROVIDER_SEGMENTATION,NESTED_SAME_CLASS_CANDIDATE,404.000;989.000;10.000;32.000,153.000
ljmzAWSjDGWvNtmeIhi5,9,person,POLYGON,KEEP,CANONICAL_PROVIDER_SEGMENTATION,PHASE_5B_CANONICALIZATION,PROVIDER_SEGMENTATION,NESTED_SAME_CLASS_CANDIDATE,589.000;976.000;23.000;22.000,200.000
ljmzAWSjDGWvNtmeIhi5,A,person,POLYGON,KEEP,CANONICAL_PROVIDER_SEGMENTATION,PHASE_5B_CANONICALIZATION,PROVIDER_SEGMENTATION,NESTED_SAME_CLASS_CANDIDATE,420.000;981.000;26.000;28.000,367.000
ljmzAWSjDGWvNtmeIhi5,B,person,POLYGON,KEEP,CANONICAL_PROVIDER_SEGMENTATION,PHASE_5B_CANONICALIZATION,PROVIDER_SEGMENTATION,NESTED_SAME_CLASS_CANDIDATE,407.000;1011.000;31.000;35.000,531.000
ljmzAWSjDGWvNtmeIhi5,C,person,POLYGON,KEEP,CANONICAL_PROVIDER_SEGMENTATION,PHASE_5B_CANONICALIZATION,PROVIDER_SEGMENTATION,NESTED_SAME_CLASS_CANDIDATE,389.000;1004.000;10.000;34.000,148.000
ljmzAWSjDGWvNtmeIhi5,D,person,POLYGON,KEEP,CANONICAL_PROVIDER_SEGMENTATION,PHASE_5B_CANONICALIZATION,PROVIDER_SEGMENTATION,NESTED_SAME_CLASS_CANDIDATE,391.000;1038.000;11.000;20.000,121.000
ljmzAWSjDGWvNtmeIhi5,E,person,POLYGON,KEEP,CANONICAL_PROVIDER_SEGMENTATION,PHASE_5B_CANONICALIZATION,PROVIDER_SEGMENTATION,NESTED_SAME_CLASS_CANDIDATE,640.000;1060.000;26.000;37.000,348.000
ljmzAWSjDGWvNtmeIhi5,F,person,POLYGON,KEEP,CANONICAL_PROVIDER_SEGMENTATION,PHASE_5B_CANONICALIZATION,PROVIDER_SEGMENTATION,NESTED_SAME_CLASS_CANDIDATE,409.000;1062.000;20.000;44.000,406.000
ljmzAWSjDGWvNtmeIhi5,G,person,POLYGON,KEEP,CANONICAL_PROVIDER_SEGMENTATION,PHASE_5B_CANONICALIZATION,PROVIDER_SEGMENTATION,NESTED_SAME_CLASS_CANDIDATE,557.000;1103.000;21.000;24.000,263.000
ljmzAWSjDGWvNtmeIhi5,H,person,POLYGON,KEEP,CANONICAL_PROVIDER_SEGMENTATION,PHASE_5B_CANONICALIZATION,PROVIDER_SEGMENTATION,NESTED_SAME_CLASS_CANDIDATE,665.000;1096.000;15.000;35.000,154.000
ljmzAWSjDGWvNtmeIhi5,I,person,POLYGON,KEEP,CANONICAL_PROVIDER_SEGMENTATION,PHASE_5B_CANONICALIZATION,PROVIDER_SEGMENTATION,NESTED_SAME_CLASS_CANDIDATE,79.000;1132.000;12.000;6.000,46.000
ljmzAWSjDGWvNtmeIhi5,J,person,POLYGON,KEEP,CANONICAL_PROVIDER_SEGMENTATION,PHASE_5B_CANONICALIZATION,PROVIDER_SEGMENTATION,NESTED_SAME_CLASS_CANDIDATE,679.000;1132.000;7.000;15.000,34.000
ljmzAWSjDGWvNtmeIhi5,K,person,POLYGON,KEEP,CANONICAL_PROVIDER_SEGMENTATION,PHASE_5B_CANONICALIZATION,PROVIDER_SEGMENTATION,NESTED_SAME_CLASS_CANDIDATE,572.000;1141.000;10.000;4.000,20.000
ljmzAWSjDGWvNtmeIhi5,L,person,POLYGON,KEEP,CANONICAL_PROVIDER_SEGMENTATION,PHASE_5B_CANONICALIZATION,PROVIDER_SEGMENTATION,NESTED_SAME_CLASS_CANDIDATE,686.000;1147.000;7.000;22.000,96.000
ljmzAWSjDGWvNtmeIhi5,M,person,POLYGON,KEEP,CANONICAL_PROVIDER_SEGMENTATION,PHASE_5B_CANONICALIZATION,PROVIDER_SEGMENTATION,NESTED_SAME_CLASS_CANDIDATE,552.000;1165.000;20.000;53.000,629.000
ljmzAWSjDGWvNtmeIhi5,N,person,POLYGON,KEEP,CANONICAL_PROVIDER_SEGMENTATION,PHASE_5B_CANONICALIZATION,PROVIDER_SEGMENTATION,NESTED_SAME_CLASS_CANDIDATE,591.000;1221.000;8.000;15.000,79.000
ljmzAWSjDGWvNtmeIhi5,O,person,POLYGON,KEEP,CANONICAL_PROVIDER_SEGMENTATION,PHASE_5B_CANONICALIZATION,PROVIDER_SEGMENTATION,NESTED_SAME_CLASS_CANDIDATE,599.000;1262.000;19.000;10.000,116.000
m2cPIgGRcvybNcEUB6QU,1,vest_on_body,RLE,KEEP,CANONICAL_PROVIDER_SEGMENTATION,PHASE_5B_CANONICALIZATION,PROVIDER_SEGMENTATION,,1118.000;614.000;70.000;69.000,2639.000
m2cPIgGRcvybNcEUB6QU,2,vest_on_body,RLE,KEEP,CANONICAL_PROVIDER_SEGMENTATION,PHASE_5B_CANONICALIZATION,PROVIDER_SEGMENTATION,,866.000;673.000;53.000;86.000,2490.000
m2cPIgGRcvybNcEUB6QU,3,vest_on_body,RLE,KEEP,CANONICAL_PROVIDER_SEGMENTATION,PHASE_5B_CANONICALIZATION,PROVIDER_SEGMENTATION,,512.000;734.000;55.000;88.000,2958.000
m2cPIgGRcvybNcEUB6QU,4,vest_on_body,RLE,KEEP,CANONICAL_PROVIDER_SEGMENTATION,PHASE_5B_CANONICALIZATION,PROVIDER_SEGMENTATION,,670.000;706.000;51.000;82.000,2251.000
m2cPIgGRcvybNcEUB6QU,5,vest_on_body,RLE,KEEP,CANONICAL_PROVIDER_SEGMENTATION,PHASE_5B_CANONICALIZATION,PROVIDER_SEGMENTATION,,1044.000;638.000;60.000;78.000,2635.000
m2cPIgGRcvybNcEUB6QU,6,vest_on_body,RLE,KEEP,CANONICAL_PROVIDER_SEGMENTATION,PHASE_5B_CANONICALIZATION,PROVIDER_SEGMENTATION,,964.000;648.000;52.000;87.000,2430.000
m2cPIgGRcvybNcEUB6QU,7,vest_on_body,RLE,KEEP,CANONICAL_PROVIDER_SEGMENTATION,PHASE_5B_CANONICALIZATION,PROVIDER_SEGMENTATION,,764.000;701.000;52.000;68.000,2788.000
m2cPIgGRcvybNcEUB6QU,8,person,RLE,KEEP,CANONICAL_PROVIDER_SEGMENTATION,PHASE_5B_CANONICALIZATION,PROVIDER_SEGMENTATION,,1091.000;576.000;97.000;199.000,8547.000
m2cPIgGRcvybNcEUB6QU,9,person,RLE,KEEP,CANONICAL_PROVIDER_SEGMENTATION,PHASE_5B_CANONICALIZATION,PROVIDER_SEGMENTATION,,866.000;640.000;53.000;208.000,7814.000
m2cPIgGRcvybNcEUB6QU,A,person,RLE,KEEP,CANONICAL_PROVIDER_SEGMENTATION,PHASE_5B_CANONICALIZATION,PROVIDER_SEGMENTATION,,499.000;690.000;104.000;240.000,9643.000
m2cPIgGRcvybNcEUB6QU,B,person,RLE,KEEP,CANONICAL_PROVIDER_SEGMENTATION,PHASE_5B_CANONICALIZATION,PROVIDER_SEGMENTATION,,670.000;669.000;80.000;217.000,8665.000
m2cPIgGRcvybNcEUB6QU,C,person,RLE,KEEP,CANONICAL_PROVIDER_SEGMENTATION,PHASE_5B_CANONICALIZATION,PROVIDER_SEGMENTATION,,1019.000;598.000;85.000;213.000,8124.000
m2cPIgGRcvybNcEUB6QU,D,person,RLE,KEEP,CANONICAL_PROVIDER_SEGMENTATION,PHASE_5B_CANONICALIZATION,PROVIDER_SEGMENTATION,,956.000;616.000;63.000;210.000,7862.000
m2cPIgGRcvybNcEUB6QU,E,person,RLE,KEEP,CANONICAL_PROVIDER_SEGMENTATION,PHASE_5B_CANONICALIZATION,PROVIDER_SEGMENTATION,,756.000;663.000;78.000;205.000,9881.000
m2cPIgGRcvybNcEUB6QU,M,helmet_on_head,RLE,KEEP,CANONICAL_PROVIDER_SEGMENTATION,PHASE_5B_CANONICALIZATION,PROVIDER_SEGMENTATION,,1060.000;598.000;30.000;22.000,528.000
m2cPIgGRcvybNcEUB6QU,L,helmet_on_head,RLE,KEEP,CANONICAL_PROVIDER_SEGMENTATION,PHASE_5B_CANONICALIZATION,PROVIDER_SEGMENTATION,,963.000;616.000;33.000;25.000,590.000
m2cPIgGRcvybNcEUB6QU,K,helmet_on_head,RLE,KEEP,CANONICAL_PROVIDER_SEGMENTATION,PHASE_5B_CANONICALIZATION,PROVIDER_SEGMENTATION,,685.000;669.000;39.000;30.000,838.000
m2cPIgGRcvybNcEUB6QU,J,helmet_on_head,RLE,KEEP,CANONICAL_PROVIDER_SEGMENTATION,PHASE_5B_CANONICALIZATION,PROVIDER_SEGMENTATION,,1137.000;575.000;32.000;22.000,553.000
m2cPIgGRcvybNcEUB6QU,I,helmet_on_head,RLE,KEEP,CANONICAL_PROVIDER_SEGMENTATION,PHASE_5B_CANONICALIZATION,PROVIDER_SEGMENTATION,,517.000;690.000;31.000;25.000,603.000
m2cPIgGRcvybNcEUB6QU,H,helmet_on_head,RLE,KEEP,CANONICAL_PROVIDER_SEGMENTATION,PHASE_5B_CANONICALIZATION,PROVIDER_SEGMENTATION,,874.000;640.000;38.000;29.000,844.000
m2cPIgGRcvybNcEUB6QU,G,helmet_on_head,RLE,KEEP,CANONICAL_PROVIDER_SEGMENTATION,PHASE_5B_CANONICALIZATION,PROVIDER_SEGMENTATION,,775.000;663.000;42.000;33.000,937.000
mGpEymQ65D2CMZ9cGGfq,1,person,POLYGON,KEEP,CANONICAL_PROVIDER_SEGMENTATION,PHASE_5B_CANONICALIZATION,PROVIDER_SEGMENTATION,,861.000;516.000;96.000;310.000,15523.000
mGpEymQ65D2CMZ9cGGfq,2,person,POLYGON,KEEP,CANONICAL_PROVIDER_SEGMENTATION,PHASE_5B_CANONICALIZATION,PROVIDER_SEGMENTATION,,723.000;502.000;105.000;295.000,20620.000
mGpEymQ65D2CMZ9cGGfq,3,person,POLYGON,KEEP,CANONICAL_PROVIDER_SEGMENTATION,PHASE_5B_CANONICALIZATION,PROVIDER_SEGMENTATION,,563.000;484.000;120.000;349.000,22496.000
mGpEymQ65D2CMZ9cGGfq,4,vest_on_body,POLYGON,KEEP,CANONICAL_PROVIDER_SEGMENTATION,PHASE_5B_CANONICALIZATION,PROVIDER_SEGMENTATION,,576.000;538.000;89.000;117.000,8629.000
mGpEymQ65D2CMZ9cGGfq,5,person,POLYGON,KEEP,CANONICAL_PROVIDER_SEGMENTATION,PHASE_5B_CANONICALIZATION,PROVIDER_SEGMENTATION,,1010.000;492.000;106.000;347.000,22504.000
mGpEymQ65D2CMZ9cGGfq,6,vest_on_body,POLYGON,KEEP,CANONICAL_PROVIDER_SEGMENTATION,PHASE_5B_CANONICALIZATION,PROVIDER_SEGMENTATION,,738.000;541.000;78.000;116.000,7297.000
mGpEymQ65D2CMZ9cGGfq,7,vest_on_body,POLYGON,KEEP,CANONICAL_PROVIDER_SEGMENTATION,PHASE_5B_CANONICALIZATION,PROVIDER_SEGMENTATION,,1022.000;541.000;93.000;144.000,11184.000
mGpEymQ65D2CMZ9cGGfq,8,helmet_on_head,POLYGON,KEEP,CANONICAL_PROVIDER_SEGMENTATION,PHASE_5B_CANONICALIZATION,PROVIDER_SEGMENTATION,,765.000;501.000;37.000;30.000,892.000
mGpEymQ65D2CMZ9cGGfq,9,helmet_on_head,POLYGON,KEEP,CANONICAL_PROVIDER_SEGMENTATION,PHASE_5B_CANONICALIZATION,PROVIDER_SEGMENTATION,,615.000;482.000;36.000;32.000,836.000
mGpEymQ65D2CMZ9cGGfq,A,helmet_on_head,POLYGON,KEEP,CANONICAL_PROVIDER_SEGMENTATION,PHASE_5B_CANONICALIZATION,PROVIDER_SEGMENTATION,,899.000;516.000;41.000;28.000,808.000
mGpEymQ65D2CMZ9cGGfq,B,helmet_on_head,POLYGON,KEEP,CANONICAL_PROVIDER_SEGMENTATION,PHASE_5B_CANONICALIZATION,PROVIDER_SEGMENTATION,,1066.000;492.000;36.000;32.000,902.000
me3L0EvJNoTCq7JgLKP6,7,person,RLE,KEEP,CANONICAL_PROVIDER_SEGMENTATION,PHASE_5B_CANONICALIZATION,PROVIDER_SEGMENTATION,,0.000;533.000;106.000;121.000,4820.000
me3L0EvJNoTCq7JgLKP6,6,person,RLE,KEEP,CANONICAL_PROVIDER_SEGMENTATION,PHASE_5B_CANONICALIZATION,PROVIDER_SEGMENTATION,,616.000;280.000;119.000;738.000,28811.000
me3L0EvJNoTCq7JgLKP6,5,person,RLE,KEEP,CANONICAL_PROVIDER_SEGMENTATION,PHASE_5B_CANONICALIZATION,PROVIDER_SEGMENTATION,,440.000;282.000;336.000;865.000,145007.000
me3L0EvJNoTCq7JgLKP6,4,person,RLE,KEEP,CANONICAL_PROVIDER_SEGMENTATION,PHASE_5B_CANONICALIZATION,PROVIDER_SEGMENTATION,,917.000;158.000;275.000;1031.000,162234.000
mlodMvChxLj1pS9RDfqi,2,helmet_on_head,POLYGON,KEEP,CANONICAL_PROVIDER_SEGMENTATION,PHASE_5B_CANONICALIZATION,PROVIDER_SEGMENTATION,,613.000;145.000;211.000;146.000,20489.000
mlodMvChxLj1pS9RDfqi,6,person,RLE,KEEP,CANONICAL_PROVIDER_SEGMENTATION,PHASE_5B_CANONICALIZATION,PROVIDER_SEGMENTATION,,947.000;319.000;89.000;94.000,5030.000
mlodMvChxLj1pS9RDfqi,5,person,RLE,KEEP,CANONICAL_PROVIDER_SEGMENTATION,PHASE_5B_CANONICALIZATION,PROVIDER_SEGMENTATION,,472.000;145.000;534.000;922.000,322768.000
mp5LAcrQy7CC3sruY2wU,1,person,POLYGON,KEEP,CANONICAL_PROVIDER_SEGMENTATION,PHASE_5B_CANONICALIZATION,PROVIDER_SEGMENTATION,,358.000;263.000;465.000;802.000,162818.000
mzi1EX980oEaKVVulnGv,1,person,RLE,KEEP,CANONICAL_PROVIDER_SEGMENTATION,PHASE_5B_CANONICALIZATION,PROVIDER_SEGMENTATION,,839.000;755.000;82.000;48.000,2188.000
mzi1EX980oEaKVVulnGv,2,person,RLE,KEEP,CANONICAL_PROVIDER_SEGMENTATION,PHASE_5B_CANONICALIZATION,PROVIDER_SEGMENTATION,,429.000;2149.000;122.000;308.000,16502.000
mzi1EX980oEaKVVulnGv,3,person,RLE,KEEP,CANONICAL_PROVIDER_SEGMENTATION,PHASE_5B_CANONICALIZATION,PROVIDER_SEGMENTATION,,267.000;181.000;264.000;509.000,69761.000
mzi1EX980oEaKVVulnGv,4,person,RLE,KEEP,CANONICAL_PROVIDER_SEGMENTATION,PHASE_5B_CANONICALIZATION,PROVIDER_SEGMENTATION,,994.000;526.000;262.000;343.000,50552.000
n3HmiRWyY5MKTrr6Vrd3,1,vest_on_body,POLYGON,KEEP,CANONICAL_PROVIDER_SEGMENTATION,PHASE_5B_CANONICALIZATION,PROVIDER_SEGMENTATION,,711.000;594.000;277.000;433.000,78233.000
n3HmiRWyY5MKTrr6Vrd3,2,person,POLYGON,KEEP,CANONICAL_PROVIDER_SEGMENTATION,PHASE_5B_CANONICALIZATION,PROVIDER_SEGMENTATION,,658.000;394.000;423.000;857.000,195977.000
n3HmiRWyY5MKTrr6Vrd3,3,person,POLYGON,KEEP,CANONICAL_PROVIDER_SEGMENTATION,PHASE_5B_CANONICALIZATION,PROVIDER_SEGMENTATION,,0.000;424.000;261.000;820.000,130098.000
n3HmiRWyY5MKTrr6Vrd3,4,helmet_on_head,POLYGON,KEEP,CANONICAL_PROVIDER_SEGMENTATION,PHASE_5B_CANONICALIZATION,PROVIDER_SEGMENTATION,,752.000;394.000;142.000;120.000,12284.000
n3HmiRWyY5MKTrr6Vrd3,5,helmet_on_head,POLYGON,KEEP,CANONICAL_PROVIDER_SEGMENTATION,PHASE_5B_CANONICALIZATION,PROVIDER_SEGMENTATION,,42.000;424.000;142.000;121.000,12398.000
nQrqR72SD3sC9Hms1O9U,3,person,RLE,KEEP,CANONICAL_PROVIDER_SEGMENTATION,PHASE_5B_CANONICALIZATION,PROVIDER_SEGMENTATION,,392.000;146.000;207.000;324.000,17296.000
nTcgBq8KIfwkvtofPfOw,1,vest_on_body,RLE,KEEP,CANONICAL_PROVIDER_SEGMENTATION,PHASE_5B_CANONICALIZATION,PROVIDER_SEGMENTATION,,365.000;510.000;380.000;506.000,118622.000
nTcgBq8KIfwkvtofPfOw,2,vest_on_body,RLE,KEEP,CANONICAL_PROVIDER_SEGMENTATION,PHASE_5B_CANONICALIZATION,PROVIDER_SEGMENTATION,,700.000;587.000;294.000;429.000,55660.000
nTcgBq8KIfwkvtofPfOw,3,person,RLE,KEEP,CANONICAL_PROVIDER_SEGMENTATION,PHASE_5B_CANONICALIZATION,PROVIDER_SEGMENTATION,,276.000;221.000;469.000;795.000,210862.000
nTcgBq8KIfwkvtofPfOw,4,person,RLE,KEEP,CANONICAL_PROVIDER_SEGMENTATION,PHASE_5B_CANONICALIZATION,PROVIDER_SEGMENTATION,,542.000;329.000;451.000;685.000,156552.000
nTcgBq8KIfwkvtofPfOw,7,helmet_on_head,RLE,KEEP,CANONICAL_PROVIDER_SEGMENTATION,PHASE_5B_CANONICALIZATION,PROVIDER_SEGMENTATION,,732.000;328.000;175.000;143.000,13595.000
nTcgBq8KIfwkvtofPfOw,6,helmet_on_head,RLE,KEEP,CANONICAL_PROVIDER_SEGMENTATION,PHASE_5B_CANONICALIZATION,PROVIDER_SEGMENTATION,,458.000;220.000;188.000;150.000,15908.000
nXwfWz2We6dOnsyzeEno,1,helmet_on_head,RLE,KEEP,CANONICAL_PROVIDER_SEGMENTATION,PHASE_5B_CANONICALIZATION,PROVIDER_SEGMENTATION,,1308.000;133.000;113.000;134.000,11122.000
nXwfWz2We6dOnsyzeEno,2,helmet_on_head,RLE,KEEP,CANONICAL_PROVIDER_SEGMENTATION,PHASE_5B_CANONICALIZATION,PROVIDER_SEGMENTATION,,941.000;124.000;72.000;94.000,2342.000
nXwfWz2We6dOnsyzeEno,3,helmet_on_head,RLE,KEEP,CANONICAL_PROVIDER_SEGMENTATION,PHASE_5B_CANONICALIZATION,PROVIDER_SEGMENTATION,,1323.000;89.000;99.000;52.000,3730.000
nXwfWz2We6dOnsyzeEno,4,helmet_on_head,RLE,KEEP,CANONICAL_PROVIDER_SEGMENTATION,PHASE_5B_CANONICALIZATION,PROVIDER_SEGMENTATION,,1389.000;129.000;137.000;129.000,11514.000
nXwfWz2We6dOnsyzeEno,5,helmet_on_head,RLE,KEEP,CANONICAL_PROVIDER_SEGMENTATION,PHASE_5B_CANONICALIZATION,PROVIDER_SEGMENTATION,,1000.000;150.000;82.000;134.000,4934.000
nXwfWz2We6dOnsyzeEno,6,helmet_on_head,RLE,KEEP,CANONICAL_PROVIDER_SEGMENTATION,PHASE_5B_CANONICALIZATION,PROVIDER_SEGMENTATION,,342.000;99.000;150.000;118.000,12758.000
nXwfWz2We6dOnsyzeEno,7,helmet_on_head,RLE,KEEP,CANONICAL_PROVIDER_SEGMENTATION,PHASE_5B_CANONICALIZATION,PROVIDER_SEGMENTATION,,1058.000;107.000;212.000;155.000,20915.000
nXwfWz2We6dOnsyzeEno,8,helmet_on_head,RLE,KEEP,CANONICAL_PROVIDER_SEGMENTATION,PHASE_5B_CANONICALIZATION,PROVIDER_SEGMENTATION,,571.000;121.000;154.000;116.000,8513.000
nXwfWz2We6dOnsyzeEno,9,helmet_on_head,RLE,KEEP,CANONICAL_PROVIDER_SEGMENTATION,PHASE_5B_CANONICALIZATION,PROVIDER_SEGMENTATION,,1513.000;88.000;87.000;158.000,10046.000
nXwfWz2We6dOnsyzeEno,A,helmet_on_head,RLE,KEEP,CANONICAL_PROVIDER_SEGMENTATION,PHASE_5B_CANONICALIZATION,PROVIDER_SEGMENTATION,,960.000;119.000;130.000;112.000,5671.000
nXwfWz2We6dOnsyzeEno,B,helmet_on_head,RLE,KEEP,CANONICAL_PROVIDER_SEGMENTATION,PHASE_5B_CANONICALIZATION,PROVIDER_SEGMENTATION,,1244.000;136.000;100.000;128.000,6694.000
nXwfWz2We6dOnsyzeEno,C,person,RLE,KEEP,CANONICAL_PROVIDER_SEGMENTATION,PHASE_5B_CANONICALIZATION,PROVIDER_SEGMENTATION,,1048.000;107.000;266.000;959.000,171908.000
nXwfWz2We6dOnsyzeEno,D,person,RLE,KEEP,CANONICAL_PROVIDER_SEGMENTATION,PHASE_5B_CANONICALIZATION,PROVIDER_SEGMENTATION,,1308.000;132.000;143.000;795.000,23966.000
nXwfWz2We6dOnsyzeEno,E,person,RLE,KEEP,CANONICAL_PROVIDER_SEGMENTATION,PHASE_5B_CANONICALIZATION,PROVIDER_SEGMENTATION,,534.000;122.000;253.000;810.000,118873.000
nXwfWz2We6dOnsyzeEno,F,person,RLE,KEEP,CANONICAL_PROVIDER_SEGMENTATION,PHASE_5B_CANONICALIZATION,PROVIDER_SEGMENTATION,,77.000;183.000;27.000;98.000,2102.000
nXwfWz2We6dOnsyzeEno,G,person,RLE,KEEP,CANONICAL_PROVIDER_SEGMENTATION,PHASE_5B_CANONICALIZATION,PROVIDER_SEGMENTATION,,1311.000;131.000;215.000;901.000,84442.000
nXwfWz2We6dOnsyzeEno,H,person,RLE,KEEP,CANONICAL_PROVIDER_SEGMENTATION,PHASE_5B_CANONICALIZATION,PROVIDER_SEGMENTATION,,854.000;127.000;254.000;896.000,76640.000
nXwfWz2We6dOnsyzeEno,I,person,RLE,KEEP,CANONICAL_PROVIDER_SEGMENTATION,PHASE_5B_CANONICALIZATION,PROVIDER_SEGMENTATION,,1513.000;88.000;87.000;978.000,11326.000
nXwfWz2We6dOnsyzeEno,J,person,RLE,KEEP,CANONICAL_PROVIDER_SEGMENTATION,PHASE_5B_CANONICALIZATION,PROVIDER_SEGMENTATION,,514.000;210.000;33.000;70.000,1703.000
nXwfWz2We6dOnsyzeEno,K,person,RLE,KEEP,CANONICAL_PROVIDER_SEGMENTATION,PHASE_5B_CANONICALIZATION,PROVIDER_SEGMENTATION,,280.000;99.000;226.000;808.000,53667.000
nXwfWz2We6dOnsyzeEno,L,person,RLE,KEEP,CANONICAL_PROVIDER_SEGMENTATION,PHASE_5B_CANONICALIZATION,PROVIDER_SEGMENTATION,,756.000;225.000;69.000;193.000,8770.000
nXwfWz2We6dOnsyzeEno,M,person,RLE,KEEP,CANONICAL_PROVIDER_SEGMENTATION,PHASE_5B_CANONICALIZATION,PROVIDER_SEGMENTATION,,18.000;183.000;62.000;185.000,6293.000
nXwfWz2We6dOnsyzeEno,N,person,RLE,KEEP,CANONICAL_PROVIDER_SEGMENTATION,PHASE_5B_CANONICALIZATION,PROVIDER_SEGMENTATION,,758.000;125.000;252.000;806.000,20286.000
nXwfWz2We6dOnsyzeEno,O,person,RLE,KEEP,CANONICAL_PROVIDER_SEGMENTATION,PHASE_5B_CANONICALIZATION,PROVIDER_SEGMENTATION,,1246.000;137.000;114.000;216.000,10802.000
nXwfWz2We6dOnsyzeEno,P,person,RLE,KEEP,CANONICAL_PROVIDER_SEGMENTATION,PHASE_5B_CANONICALIZATION,PROVIDER_SEGMENTATION,,1245.000;137.000;115.000;741.000,21816.000
naWKv1VFkDVnpPnS59Bf,1,person,POLYGON,KEEP,CANONICAL_PROVIDER_SEGMENTATION,PHASE_5B_CANONICALIZATION,PROVIDER_SEGMENTATION,,784.000;1010.000;212.000;227.000,24195.000
niY7CVigYcNQ0OdTBcor,J,person,RLE,KEEP,CANONICAL_PROVIDER_SEGMENTATION,PHASE_5B_CANONICALIZATION,PROVIDER_SEGMENTATION,,540.000;577.000;89.000;253.000,12339.000
niY7CVigYcNQ0OdTBcor,I,person,RLE,KEEP,CANONICAL_PROVIDER_SEGMENTATION,PHASE_5B_CANONICALIZATION,PROVIDER_SEGMENTATION,,1356.000;162.000;19.000;42.000,566.000
niY7CVigYcNQ0OdTBcor,H,person,RLE,KEEP,CANONICAL_PROVIDER_SEGMENTATION,PHASE_5B_CANONICALIZATION,PROVIDER_SEGMENTATION,,697.000;125.000;20.000;37.000,562.000
niY7CVigYcNQ0OdTBcor,G,person,RLE,KEEP,CANONICAL_PROVIDER_SEGMENTATION,PHASE_5B_CANONICALIZATION,PROVIDER_SEGMENTATION,,843.000;145.000;17.000;54.000,726.000
niY7CVigYcNQ0OdTBcor,F,person,RLE,KEEP,CANONICAL_PROVIDER_SEGMENTATION,PHASE_5B_CANONICALIZATION,PROVIDER_SEGMENTATION,,921.000;145.000;20.000;56.000,816.000
niY7CVigYcNQ0OdTBcor,E,person,RLE,KEEP,CANONICAL_PROVIDER_SEGMENTATION,PHASE_5B_CANONICALIZATION,PROVIDER_SEGMENTATION,,469.000;546.000;102.000;268.000,12587.000
niY7CVigYcNQ0OdTBcor,D,person,RLE,KEEP,CANONICAL_PROVIDER_SEGMENTATION,PHASE_5B_CANONICALIZATION,PROVIDER_SEGMENTATION,,516.000;97.000;16.000;25.000,353.000
niY7CVigYcNQ0OdTBcor,C,person,RLE,KEEP,CANONICAL_PROVIDER_SEGMENTATION,PHASE_5B_CANONICALIZATION,PROVIDER_SEGMENTATION,,403.000;582.000;64.000;245.000,8097.000
niY7CVigYcNQ0OdTBcor,B,person,RLE,KEEP,CANONICAL_PROVIDER_SEGMENTATION,PHASE_5B_CANONICALIZATION,PROVIDER_SEGMENTATION,,716.000;131.000;15.000;36.000,418.000
niY7CVigYcNQ0OdTBcor,A,person,RLE,KEEP,CANONICAL_PROVIDER_SEGMENTATION,PHASE_5B_CANONICALIZATION,PROVIDER_SEGMENTATION,,1272.000;161.000;16.000;39.000,418.000
niY7CVigYcNQ0OdTBcor,N,helmet_on_head,POLYGON,KEEP,CANONICAL_PROVIDER_SEGMENTATION,PHASE_5B_CANONICALIZATION,PROVIDER_SEGMENTATION,,490.000;546.000;32.000;32.000,775.000
niY7CVigYcNQ0OdTBcor,P,helmet_on_head,POLYGON,KEEP,CANONICAL_PROVIDER_SEGMENTATION,PHASE_5B_CANONICALIZATION,PROVIDER_SEGMENTATION,,423.000;582.000;37.000;34.000,932.000
niY7CVigYcNQ0OdTBcor,R,helmet_on_head,POLYGON,KEEP,CANONICAL_PROVIDER_SEGMENTATION,PHASE_5B_CANONICALIZATION,PROVIDER_SEGMENTATION,,563.000;577.000;42.000;37.000,1010.000
o0SiQwUZ5uRlCXASCtiR,1,person,POLYGON,KEEP,CANONICAL_PROVIDER_SEGMENTATION,PHASE_5B_CANONICALIZATION,PROVIDER_SEGMENTATION,,243.000;142.000;453.000;1156.000,336046.000
o0SiQwUZ5uRlCXASCtiR,4,vest_on_body,RLE,KEEP,CANONICAL_PROVIDER_SEGMENTATION,PHASE_5B_CANONICALIZATION,PROVIDER_SEGMENTATION,,241.000;311.000;410.000;589.000,120937.000
oC3kPMC7WbZm0vaMoq09,1,vest_on_body,POLYGON,KEEP,CANONICAL_PROVIDER_SEGMENTATION,PHASE_5B_CANONICALIZATION,PROVIDER_SEGMENTATION,,462.000;158.000;459.000;560.000,179764.000
oC3kPMC7WbZm0vaMoq09,3,person,RLE,KEEP,CANONICAL_PROVIDER_SEGMENTATION,PHASE_5B_CANONICALIZATION,PROVIDER_SEGMENTATION,,459.000;58.000;466.000;662.000,214213.000
oJppm5xk3UqypLwM3EiO,1,person,POLYGON,KEEP,CANONICAL_PROVIDER_SEGMENTATION,PHASE_5B_CANONICALIZATION,PROVIDER_SEGMENTATION,,997.000;195.000;464.000;870.000,285853.000
oJppm5xk3UqypLwM3EiO,2,person,POLYGON,KEEP,CANONICAL_PROVIDER_SEGMENTATION,PHASE_5B_CANONICALIZATION,PROVIDER_SEGMENTATION,,0.000;370.000;528.000;695.000,229441.000
oJppm5xk3UqypLwM3EiO,3,helmet_on_head,POLYGON,KEEP,CANONICAL_PROVIDER_SEGMENTATION,PHASE_5B_CANONICALIZATION,PROVIDER_SEGMENTATION,,111.000;370.000;297.000;257.000,57303.000
oJppm5xk3UqypLwM3EiO,4,helmet_on_head,POLYGON,KEEP,CANONICAL_PROVIDER_SEGMENTATION,PHASE_5B_CANONICALIZATION,PROVIDER_SEGMENTATION,,1047.000;194.000;274.000;190.000,34915.000
oJppm5xk3UqypLwM3EiO,7,vest_on_body,RLE,KEEP,CANONICAL_PROVIDER_SEGMENTATION,PHASE_5B_CANONICALIZATION,PROVIDER_SEGMENTATION,,4.000;733.000;524.000;334.000,85649.000
oJppm5xk3UqypLwM3EiO,6,vest_on_body,RLE,KEEP,CANONICAL_PROVIDER_SEGMENTATION,PHASE_5B_CANONICALIZATION,PROVIDER_SEGMENTATION,,1067.000;475.000;372.000;579.000,152545.000
oL1x933NyN6wiKXhxOob,1,person,POLYGON,KEEP,CANONICAL_PROVIDER_SEGMENTATION,PHASE_5B_CANONICALIZATION,PROVIDER_SEGMENTATION,,49.000;136.000;695.000;1162.000,489168.000
oL1x933NyN6wiKXhxOob,3,helmet_on_head,POLYGON,KEEP,CANONICAL_PROVIDER_SEGMENTATION,PHASE_5B_CANONICALIZATION,PROVIDER_SEGMENTATION,,306.000;136.000;294.000;209.000,41873.000
oL1x933NyN6wiKXhxOob,5,vest_on_body,POLYGON,KEEP,CANONICAL_PROVIDER_SEGMENTATION,PHASE_5B_CANONICALIZATION,PROVIDER_SEGMENTATION,,136.000;560.000;533.000;487.000,145642.000
oL1x933NyN6wiKXhxOob,6,vest_on_body,POLYGON,KEEP,CANONICAL_PROVIDER_SEGMENTATION,PHASE_5B_CANONICALIZATION,PROVIDER_SEGMENTATION,,575.000;745.000;87.000;211.000,8718.000
oL1x933NyN6wiKXhxOob,7,vest_on_body,POLYGON,KEEP,CANONICAL_PROVIDER_SEGMENTATION,PHASE_5B_CANONICALIZATION,PROVIDER_SEGMENTATION,,143.000;1081.000;523.000;218.000,82459.000
oNY9i1I2LbSYd4Zq924U,1,person,POLYGON,KEEP,CANONICAL_PROVIDER_SEGMENTATION,PHASE_5B_CANONICALIZATION,PROVIDER_SEGMENTATION,,85.000;26.000;1304.000;1227.000,909903.000
oNY9i1I2LbSYd4Zq924U,2,vest_on_body,POLYGON,KEEP,CANONICAL_PROVIDER_SEGMENTATION,PHASE_5B_CANONICALIZATION,PROVIDER_SEGMENTATION,,84.000;679.000;1289.000;574.000,451061.000
oTvvPXX0GF2JCGezEtXJ,2,helmet_on_head,RLE,KEEP,CANONICAL_PROVIDER_SEGMENTATION,PHASE_5B_CANONICALIZATION,PROVIDER_SEGMENTATION,,645.000;168.000;304.000;271.000,49834.000
oTvvPXX0GF2JCGezEtXJ,3,person,RLE,KEEP,CANONICAL_PROVIDER_SEGMENTATION,PHASE_5B_CANONICALIZATION,PROVIDER_SEGMENTATION,,171.000;232.000;176.000;658.000,63247.000
oTvvPXX0GF2JCGezEtXJ,4,person,RLE,KEEP,CANONICAL_PROVIDER_SEGMENTATION,PHASE_5B_CANONICALIZATION,PROVIDER_SEGMENTATION,,491.000;168.000;625.000;899.000,387366.000
ojwkuYxr8Yg4pw09PSCT,1,helmet_on_head,POLYGON,KEEP,CANONICAL_PROVIDER_SEGMENTATION,PHASE_5B_CANONICALIZATION,PROVIDER_SEGMENTATION,,373.000;429.000;99.000;96.000,7178.000
ojwkuYxr8Yg4pw09PSCT,2,person,POLYGON,KEEP,CANONICAL_PROVIDER_SEGMENTATION,PHASE_5B_CANONICALIZATION,PROVIDER_SEGMENTATION,,279.000;408.000;411.000;656.000,105903.000
ojwkuYxr8Yg4pw09PSCT,4,vest_on_body,RLE,KEEP,CANONICAL_PROVIDER_SEGMENTATION,PHASE_5B_CANONICALIZATION,PROVIDER_SEGMENTATION,,321.000;455.000;346.000;419.000,69452.000
p0WuKqx9EeARevPPWyRq,1,person,POLYGON,KEEP,CANONICAL_PROVIDER_SEGMENTATION,PHASE_5B_CANONICALIZATION,PROVIDER_SEGMENTATION,,420.000;277.000;635.000;662.000,175864.000
p5lxtMTKDL0gIgbqSrls,1,helmet_loose,POLYGON,KEEP,CANONICAL_PROVIDER_SEGMENTATION,PHASE_5B_CANONICALIZATION,PROVIDER_SEGMENTATION,,381.000;112.000;74.000;42.000,2595.000
p5lxtMTKDL0gIgbqSrls,2,helmet_loose,POLYGON,KEEP,CANONICAL_PROVIDER_SEGMENTATION,PHASE_5B_CANONICALIZATION,PROVIDER_SEGMENTATION,,180.000;539.000;83.000;87.000,5461.000
p5lxtMTKDL0gIgbqSrls,3,helmet_loose,POLYGON,KEEP,CANONICAL_PROVIDER_SEGMENTATION,PHASE_5B_CANONICALIZATION,PROVIDER_SEGMENTATION,,374.000;575.000;73.000;77.000,4697.000
p5lxtMTKDL0gIgbqSrls,4,helmet_loose,POLYGON,KEEP,CANONICAL_PROVIDER_SEGMENTATION,PHASE_5B_CANONICALIZATION,PROVIDER_SEGMENTATION,,445.000;431.000;73.000;75.000,4471.000
p5lxtMTKDL0gIgbqSrls,5,helmet_loose,POLYGON,KEEP,CANONICAL_PROVIDER_SEGMENTATION,PHASE_5B_CANONICALIZATION,PROVIDER_SEGMENTATION,,609.000;104.000;74.000;49.000,2897.000
p5lxtMTKDL0gIgbqSrls,6,helmet_loose,POLYGON,KEEP,CANONICAL_PROVIDER_SEGMENTATION,PHASE_5B_CANONICALIZATION,PROVIDER_SEGMENTATION,,933.000;86.000;94.000;45.000,3075.000
p5lxtMTKDL0gIgbqSrls,7,helmet_loose,POLYGON,KEEP,CANONICAL_PROVIDER_SEGMENTATION,PHASE_5B_CANONICALIZATION,PROVIDER_SEGMENTATION,,249.000;512.000;73.000;71.000,3961.000
p5lxtMTKDL0gIgbqSrls,8,helmet_loose,POLYGON,KEEP,CANONICAL_PROVIDER_SEGMENTATION,PHASE_5B_CANONICALIZATION,PROVIDER_SEGMENTATION,,47.000;405.000;88.000;57.000,3996.000
p5lxtMTKDL0gIgbqSrls,9,helmet_loose,POLYGON,KEEP,CANONICAL_PROVIDER_SEGMENTATION,PHASE_5B_CANONICALIZATION,PROVIDER_SEGMENTATION,,185.000;337.000;85.000;63.000,3417.000
p5lxtMTKDL0gIgbqSrls,A,helmet_loose,POLYGON,KEEP,CANONICAL_PROVIDER_SEGMENTATION,PHASE_5B_CANONICALIZATION,PROVIDER_SEGMENTATION,,94.000;565.000;86.000;82.000,5555.000
p5lxtMTKDL0gIgbqSrls,B,helmet_loose,POLYGON,KEEP,CANONICAL_PROVIDER_SEGMENTATION,PHASE_5B_CANONICALIZATION,PROVIDER_SEGMENTATION,,376.000;428.000;69.000;64.000,3574.000
p5lxtMTKDL0gIgbqSrls,C,helmet_loose,POLYGON,KEEP,CANONICAL_PROVIDER_SEGMENTATION,PHASE_5B_CANONICALIZATION,PROVIDER_SEGMENTATION,,13.000;594.000;93.000;62.000,4231.000
p5lxtMTKDL0gIgbqSrls,D,helmet_loose,POLYGON,KEEP,CANONICAL_PROVIDER_SEGMENTATION,PHASE_5B_CANONICALIZATION,PROVIDER_SEGMENTATION,,783.000;93.000;89.000;36.000,2288.000
p5lxtMTKDL0gIgbqSrls,E,helmet_loose,POLYGON,KEEP,CANONICAL_PROVIDER_SEGMENTATION,PHASE_5B_CANONICALIZATION,PROVIDER_SEGMENTATION,,180.000;62.000;84.000;58.000,3409.000
p5lxtMTKDL0gIgbqSrls,F,helmet_loose,POLYGON,KEEP,CANONICAL_PROVIDER_SEGMENTATION,PHASE_5B_CANONICALIZATION,PROVIDER_SEGMENTATION,,553.000;283.000;74.000;49.000,2802.000
p5lxtMTKDL0gIgbqSrls,G,helmet_loose,POLYGON,KEEP,CANONICAL_PROVIDER_SEGMENTATION,PHASE_5B_CANONICALIZATION,PROVIDER_SEGMENTATION,,281.000;111.000;63.000;62.000,3115.000
p5lxtMTKDL0gIgbqSrls,H,helmet_loose,POLYGON,KEEP,CANONICAL_PROVIDER_SEGMENTATION,PHASE_5B_CANONICALIZATION,PROVIDER_SEGMENTATION,,0.000;555.000;84.000;58.000,3024.000
p5lxtMTKDL0gIgbqSrls,I,helmet_loose,POLYGON,KEEP,CANONICAL_PROVIDER_SEGMENTATION,PHASE_5B_CANONICALIZATION,PROVIDER_SEGMENTATION,,583.000;526.000;78.000;68.000,4503.000
p5lxtMTKDL0gIgbqSrls,J,helmet_loose,POLYGON,KEEP,CANONICAL_PROVIDER_SEGMENTATION,PHASE_5B_CANONICALIZATION,PROVIDER_SEGMENTATION,,177.000;608.000;77.000;48.000,2867.000
p5lxtMTKDL0gIgbqSrls,K,helmet_loose,POLYGON,KEEP,CANONICAL_PROVIDER_SEGMENTATION,PHASE_5B_CANONICALIZATION,PROVIDER_SEGMENTATION,,281.000;570.000;63.000;72.000,3515.000
p5lxtMTKDL0gIgbqSrls,L,helmet_loose,POLYGON,KEEP,CANONICAL_PROVIDER_SEGMENTATION,PHASE_5B_CANONICALIZATION,PROVIDER_SEGMENTATION,,558.000;594.000;71.000;62.000,3802.000
p5lxtMTKDL0gIgbqSrls,M,helmet_loose,POLYGON,KEEP,CANONICAL_PROVIDER_SEGMENTATION,PHASE_5B_CANONICALIZATION,PROVIDER_SEGMENTATION,,266.000;62.000;71.000;59.000,2078.000
p5lxtMTKDL0gIgbqSrls,N,helmet_loose,POLYGON,KEEP,CANONICAL_PROVIDER_SEGMENTATION,PHASE_5B_CANONICALIZATION,PROVIDER_SEGMENTATION,,202.000;400.000;61.000;57.000,2684.000
p5lxtMTKDL0gIgbqSrls,O,helmet_loose,POLYGON,KEEP,CANONICAL_PROVIDER_SEGMENTATION,PHASE_5B_CANONICALIZATION,PROVIDER_SEGMENTATION,,457.000;614.000;62.000;42.000,2253.000
p5lxtMTKDL0gIgbqSrls,P,helmet_loose,POLYGON,KEEP,CANONICAL_PROVIDER_SEGMENTATION,PHASE_5B_CANONICALIZATION,PROVIDER_SEGMENTATION,,27.000;100.000;106.000;64.000,5272.000
p5lxtMTKDL0gIgbqSrls,Q,helmet_loose,POLYGON,KEEP,CANONICAL_PROVIDER_SEGMENTATION,PHASE_5B_CANONICALIZATION,PROVIDER_SEGMENTATION,,798.000;280.000;74.000;40.000,2298.000
p5lxtMTKDL0gIgbqSrls,R,helmet_loose,POLYGON,KEEP,CANONICAL_PROVIDER_SEGMENTATION,PHASE_5B_CANONICALIZATION,PROVIDER_SEGMENTATION,,921.000;613.000;47.000;43.000,1423.000
p5lxtMTKDL0gIgbqSrls,S,helmet_loose,POLYGON,KEEP,CANONICAL_PROVIDER_SEGMENTATION,PHASE_5B_CANONICALIZATION,PROVIDER_SEGMENTATION,,521.000;72.000;84.000;82.000,4899.000
p5lxtMTKDL0gIgbqSrls,T,helmet_loose,POLYGON,KEEP,CANONICAL_PROVIDER_SEGMENTATION,PHASE_5B_CANONICALIZATION,PROVIDER_SEGMENTATION,,914.000;246.000;76.000;68.000,3784.000
p5lxtMTKDL0gIgbqSrls,U,helmet_loose,POLYGON,KEEP,CANONICAL_PROVIDER_SEGMENTATION,PHASE_5B_CANONICALIZATION,PROVIDER_SEGMENTATION,,538.000;576.000;44.000;80.000,2421.000
p5lxtMTKDL0gIgbqSrls,V,helmet_loose,POLYGON,KEEP,CANONICAL_PROVIDER_SEGMENTATION,PHASE_5B_CANONICALIZATION,PROVIDER_SEGMENTATION,,430.000;560.000;54.000;39.000,1268.000
p5lxtMTKDL0gIgbqSrls,W,helmet_loose,POLYGON,KEEP,CANONICAL_PROVIDER_SEGMENTATION,PHASE_5B_CANONICALIZATION,PROVIDER_SEGMENTATION,,180.000;125.000;86.000;21.000,1047.000
p5lxtMTKDL0gIgbqSrls,X,helmet_loose,POLYGON,KEEP,CANONICAL_PROVIDER_SEGMENTATION,PHASE_5B_CANONICALIZATION,PROVIDER_SEGMENTATION,,754.000;236.000;56.000;44.000,2008.000
p5lxtMTKDL0gIgbqSrls,Z,helmet_loose,POLYGON,KEEP,CANONICAL_PROVIDER_SEGMENTATION,PHASE_5B_CANONICALIZATION,PROVIDER_SEGMENTATION,,179.000;150.000;79.000;66.000,4292.000
p5lxtMTKDL0gIgbqSrls,b,helmet_loose,POLYGON,KEEP,CANONICAL_PROVIDER_SEGMENTATION,PHASE_5B_CANONICALIZATION,PROVIDER_SEGMENTATION,,121.000;149.000;61.000;50.000,2093.000
p5lxtMTKDL0gIgbqSrls,d,helmet_loose,POLYGON,KEEP,CANONICAL_PROVIDER_SEGMENTATION,PHASE_5B_CANONICALIZATION,PROVIDER_SEGMENTATION,,915.000;181.000;54.000;39.000,1000.000
p5lxtMTKDL0gIgbqSrls,f,helmet_loose,POLYGON,KEEP,CANONICAL_PROVIDER_SEGMENTATION,PHASE_5B_CANONICALIZATION,PROVIDER_SEGMENTATION,,913.000;205.000;59.000;37.000,1795.000
p5lxtMTKDL0gIgbqSrls,h,helmet_loose,POLYGON,KEEP,CANONICAL_PROVIDER_SEGMENTATION,PHASE_5B_CANONICALIZATION,PROVIDER_SEGMENTATION,,976.000;206.000;90.000;57.000,2882.000
p5lxtMTKDL0gIgbqSrls,j,helmet_loose,POLYGON,KEEP,CANONICAL_PROVIDER_SEGMENTATION,PHASE_5B_CANONICALIZATION,PROVIDER_SEGMENTATION,,977.000;154.000;90.000;50.000,2660.000
p5lxtMTKDL0gIgbqSrls,l,helmet_loose,POLYGON,KEEP,CANONICAL_PROVIDER_SEGMENTATION,PHASE_5B_CANONICALIZATION,PROVIDER_SEGMENTATION,,985.000;290.000;82.000;30.000,1812.000
p5lxtMTKDL0gIgbqSrls,n,helmet_loose,POLYGON,KEEP,CANONICAL_PROVIDER_SEGMENTATION,PHASE_5B_CANONICALIZATION,PROVIDER_SEGMENTATION,,376.000;170.000;73.000;49.000,2221.000
p5lxtMTKDL0gIgbqSrls,p,helmet_loose,POLYGON,KEEP,CANONICAL_PROVIDER_SEGMENTATION,PHASE_5B_CANONICALIZATION,PROVIDER_SEGMENTATION,,454.000;220.000;66.000;39.000,2059.000
p5lxtMTKDL0gIgbqSrls,r,helmet_loose,POLYGON,KEEP,CANONICAL_PROVIDER_SEGMENTATION,PHASE_5B_CANONICALIZATION,PROVIDER_SEGMENTATION,,451.000;175.000;68.000;47.000,2426.000
p5lxtMTKDL0gIgbqSrls,t,helmet_loose,POLYGON,KEEP,CANONICAL_PROVIDER_SEGMENTATION,PHASE_5B_CANONICALIZATION,PROVIDER_SEGMENTATION,,452.000;259.000;67.000;35.000,1827.000
p5lxtMTKDL0gIgbqSrls,v,helmet_loose,POLYGON,KEEP,CANONICAL_PROVIDER_SEGMENTATION,PHASE_5B_CANONICALIZATION,PROVIDER_SEGMENTATION,,452.000;300.000;67.000;30.000,1269.000
p5lxtMTKDL0gIgbqSrls,x,helmet_loose,POLYGON,KEEP,CANONICAL_PROVIDER_SEGMENTATION,PHASE_5B_CANONICALIZATION,PROVIDER_SEGMENTATION,,375.000;261.000;75.000;50.000,3132.000
p5lxtMTKDL0gIgbqSrls,z,helmet_loose,POLYGON,KEEP,CANONICAL_PROVIDER_SEGMENTATION,PHASE_5B_CANONICALIZATION,PROVIDER_SEGMENTATION,,377.000;225.000;69.000;27.000,1277.000
p5lxtMTKDL0gIgbqSrls,13,helmet_loose,POLYGON,KEEP,CANONICAL_PROVIDER_SEGMENTATION,PHASE_5B_CANONICALIZATION,PROVIDER_SEGMENTATION,,42.000;73.000;99.000;51.000,2051.000
p96kP7xmkvs84TmnINFt,4,helmet_loose,RLE,KEEP,CANONICAL_PROVIDER_SEGMENTATION,PHASE_5B_CANONICALIZATION,PROVIDER_SEGMENTATION,,295.000;104.000;943.000;1415.000,575735.000
pE6UkMMWzcDOy86QHSoC,1,person,RLE,KEEP,CANONICAL_PROVIDER_SEGMENTATION,PHASE_5B_CANONICALIZATION,PROVIDER_SEGMENTATION,,508.000;446.000;239.000;410.000,23825.000
pE6UkMMWzcDOy86QHSoC,2,person,RLE,KEEP,CANONICAL_PROVIDER_SEGMENTATION,PHASE_5B_CANONICALIZATION,PROVIDER_SEGMENTATION,,60.000;438.000;57.000;133.000,4779.000
pE6UkMMWzcDOy86QHSoC,3,person,RLE,KEEP,CANONICAL_PROVIDER_SEGMENTATION,PHASE_5B_CANONICALIZATION,PROVIDER_SEGMENTATION,,1264.000;464.000;65.000;68.000,2277.000
pE6UkMMWzcDOy86QHSoC,4,person,RLE,KEEP,CANONICAL_PROVIDER_SEGMENTATION,PHASE_5B_CANONICALIZATION,PROVIDER_SEGMENTATION,,935.000;475.000;41.000;59.000,1354.000
pE6UkMMWzcDOy86QHSoC,5,person,RLE,KEEP,CANONICAL_PROVIDER_SEGMENTATION,PHASE_5B_CANONICALIZATION,PROVIDER_SEGMENTATION,,703.000;484.000;24.000;39.000,538.000
pE6UkMMWzcDOy86QHSoC,6,person,RLE,KEEP,CANONICAL_PROVIDER_SEGMENTATION,PHASE_5B_CANONICALIZATION,PROVIDER_SEGMENTATION,,19.000;451.000;65.000;229.000,3007.000
pE6UkMMWzcDOy86QHSoC,7,person,RLE,KEEP,CANONICAL_PROVIDER_SEGMENTATION,PHASE_5B_CANONICALIZATION,PROVIDER_SEGMENTATION,,727.000;481.000;30.000;47.000,986.000
pE6UkMMWzcDOy86QHSoC,8,person,RLE,KEEP,CANONICAL_PROVIDER_SEGMENTATION,PHASE_5B_CANONICALIZATION,PROVIDER_SEGMENTATION,,1335.000;467.000;86.000;56.000,1588.000
pE6UkMMWzcDOy86QHSoC,9,person,RLE,KEEP,CANONICAL_PROVIDER_SEGMENTATION,PHASE_5B_CANONICALIZATION,PROVIDER_SEGMENTATION,,1222.000;465.000;48.000;17.000,248.000
pE6UkMMWzcDOy86QHSoC,A,person,RLE,KEEP,CANONICAL_PROVIDER_SEGMENTATION,PHASE_5B_CANONICALIZATION,PROVIDER_SEGMENTATION,,1258.000;473.000;20.000;25.000,312.000
pE6UkMMWzcDOy86QHSoC,B,person,RLE,KEEP,CANONICAL_PROVIDER_SEGMENTATION,PHASE_5B_CANONICALIZATION,PROVIDER_SEGMENTATION,,804.000;478.000;112.000;104.000,4376.000
pE6UkMMWzcDOy86QHSoC,C,person,RLE,KEEP,CANONICAL_PROVIDER_SEGMENTATION,PHASE_5B_CANONICALIZATION,PROVIDER_SEGMENTATION,,1412.000;467.000;47.000;48.000,1114.000
pE6UkMMWzcDOy86QHSoC,D,person,RLE,KEEP,CANONICAL_PROVIDER_SEGMENTATION,PHASE_5B_CANONICALIZATION,PROVIDER_SEGMENTATION,,76.000;497.000;120.000;204.000,12242.000
pE6UkMMWzcDOy86QHSoC,E,person,RLE,KEEP,CANONICAL_PROVIDER_SEGMENTATION,PHASE_5B_CANONICALIZATION,PROVIDER_SEGMENTATION,,490.000;496.000;31.000;31.000,701.000
pE6UkMMWzcDOy86QHSoC,F,person,RLE,KEEP,CANONICAL_PROVIDER_SEGMENTATION,PHASE_5B_CANONICALIZATION,PROVIDER_SEGMENTATION,,210.000;501.000;28.000;37.000,762.000
pE6UkMMWzcDOy86QHSoC,G,person,RLE,KEEP,CANONICAL_PROVIDER_SEGMENTATION,PHASE_5B_CANONICALIZATION,PROVIDER_SEGMENTATION,,635.000;479.000;57.000;130.000,2935.000
pE6UkMMWzcDOy86QHSoC,H,person,RLE,KEEP,CANONICAL_PROVIDER_SEGMENTATION,PHASE_5B_CANONICALIZATION,PROVIDER_SEGMENTATION,,1431.000;468.000;28.000;39.000,484.000
pE6UkMMWzcDOy86QHSoC,I,person,RLE,KEEP,CANONICAL_PROVIDER_SEGMENTATION,PHASE_5B_CANONICALIZATION,PROVIDER_SEGMENTATION,,284.000;463.000;172.000;306.000,20321.000
pE6UkMMWzcDOy86QHSoC,J,person,RLE,KEEP,CANONICAL_PROVIDER_SEGMENTATION,PHASE_5B_CANONICALIZATION,PROVIDER_SEGMENTATION,,413.000;498.000;25.000;30.000,592.000
pE6UkMMWzcDOy86QHSoC,K,person,RLE,KEEP,CANONICAL_PROVIDER_SEGMENTATION,PHASE_5B_CANONICALIZATION,PROVIDER_SEGMENTATION,,397.000;490.000;71.000;88.000,2115.000
pE6UkMMWzcDOy86QHSoC,L,person,RLE,KEEP,CANONICAL_PROVIDER_SEGMENTATION,PHASE_5B_CANONICALIZATION,PROVIDER_SEGMENTATION,,889.000;481.000;39.000;34.000,918.000
pE6UkMMWzcDOy86QHSoC,M,person,RLE,KEEP,CANONICAL_PROVIDER_SEGMENTATION,PHASE_5B_CANONICALIZATION,PROVIDER_SEGMENTATION,,174.000;502.000;46.000;54.000,1473.000
pE6UkMMWzcDOy86QHSoC,N,person,RLE,KEEP,CANONICAL_PROVIDER_SEGMENTATION,PHASE_5B_CANONICALIZATION,PROVIDER_SEGMENTATION,,50.000;438.000;72.000;242.000,6007.000
pE6UkMMWzcDOy86QHSoC,O,person,RLE,KEEP,CANONICAL_PROVIDER_SEGMENTATION,PHASE_5B_CANONICALIZATION,PROVIDER_SEGMENTATION,,1314.000;467.000;38.000;46.000,933.000
pE6UkMMWzcDOy86QHSoC,P,person,RLE,KEEP,CANONICAL_PROVIDER_SEGMENTATION,PHASE_5B_CANONICALIZATION,PROVIDER_SEGMENTATION,,1018.000;471.000;45.000;55.000,1733.000
pE6UkMMWzcDOy86QHSoC,Q,person,RLE,KEEP,CANONICAL_PROVIDER_SEGMENTATION,PHASE_5B_CANONICALIZATION,PROVIDER_SEGMENTATION,,1456.000;463.000;46.000;34.000,771.000
pE6UkMMWzcDOy86QHSoC,R,person,RLE,KEEP,CANONICAL_PROVIDER_SEGMENTATION,PHASE_5B_CANONICALIZATION,PROVIDER_SEGMENTATION,,973.000;465.000;155.000;267.000,13449.000
pE6UkMMWzcDOy86QHSoC,S,person,RLE,KEEP,CANONICAL_PROVIDER_SEGMENTATION,PHASE_5B_CANONICALIZATION,PROVIDER_SEGMENTATION,,1108.000;465.000;38.000;45.000,866.000
pE6UkMMWzcDOy86QHSoC,T,person,RLE,KEEP,CANONICAL_PROVIDER_SEGMENTATION,PHASE_5B_CANONICALIZATION,PROVIDER_SEGMENTATION,,173.000;502.000;86.000;217.000,4445.000
pE6UkMMWzcDOy86QHSoC,U,person,RLE,KEEP,CANONICAL_PROVIDER_SEGMENTATION,PHASE_5B_CANONICALIZATION,PROVIDER_SEGMENTATION,,1219.000;463.000;52.000;36.000,622.000
pE6UkMMWzcDOy86QHSoC,V,person,RLE,KEEP,CANONICAL_PROVIDER_SEGMENTATION,PHASE_5B_CANONICALIZATION,PROVIDER_SEGMENTATION,,1143.000;472.000;33.000;34.000,828.000
pE6UkMMWzcDOy86QHSoC,W,person,RLE,KEEP,CANONICAL_PROVIDER_SEGMENTATION,PHASE_5B_CANONICALIZATION,PROVIDER_SEGMENTATION,,445.000;499.000;25.000;39.000,820.000
pE6UkMMWzcDOy86QHSoC,X,person,RLE,KEEP,CANONICAL_PROVIDER_SEGMENTATION,PHASE_5B_CANONICALIZATION,PROVIDER_SEGMENTATION,,1182.000;461.000;66.000;149.000,3954.000
pIzGCRRLnf8bfGnx48Ka,1,person,POLYGON,KEEP,CANONICAL_PROVIDER_SEGMENTATION,PHASE_5B_CANONICALIZATION,PROVIDER_SEGMENTATION,,273.000;184.000;449.000;1114.000,302429.000
pIzGCRRLnf8bfGnx48Ka,2,vest_on_body,POLYGON,KEEP,CANONICAL_PROVIDER_SEGMENTATION,PHASE_5B_CANONICALIZATION,PROVIDER_SEGMENTATION,,294.000;410.000;344.000;484.000,117940.000
pMftFzW2M3bmHHBJOTG2,1,person,RLE,KEEP,CANONICAL_PROVIDER_SEGMENTATION,PHASE_5B_CANONICALIZATION,PROVIDER_SEGMENTATION,,951.000;355.000;326.000;545.000,88591.000
pMftFzW2M3bmHHBJOTG2,2,person,RLE,KEEP,CANONICAL_PROVIDER_SEGMENTATION,PHASE_5B_CANONICALIZATION,PROVIDER_SEGMENTATION,,1187.000;362.000;116.000;274.000,15691.000
pMftFzW2M3bmHHBJOTG2,3,person,RLE,KEEP,CANONICAL_PROVIDER_SEGMENTATION,PHASE_5B_CANONICALIZATION,PROVIDER_SEGMENTATION,,367.000;391.000;229.000;345.000,43997.000
pMftFzW2M3bmHHBJOTG2,4,person,RLE,KEEP,CANONICAL_PROVIDER_SEGMENTATION,PHASE_5B_CANONICALIZATION,PROVIDER_SEGMENTATION,,1011.000;344.000;110.000;170.000,8884.000
pMftFzW2M3bmHHBJOTG2,5,person,RLE,KEEP,CANONICAL_PROVIDER_SEGMENTATION,PHASE_5B_CANONICALIZATION,PROVIDER_SEGMENTATION,,553.000;334.000;131.000;169.000,13723.000
pMftFzW2M3bmHHBJOTG2,6,person,RLE,KEEP,CANONICAL_PROVIDER_SEGMENTATION,PHASE_5B_CANONICALIZATION,PROVIDER_SEGMENTATION,,581.000;342.000;283.000;516.000,82496.000
pMftFzW2M3bmHHBJOTG2,7,person,RLE,KEEP,CANONICAL_PROVIDER_SEGMENTATION,PHASE_5B_CANONICALIZATION,PROVIDER_SEGMENTATION,,771.000;329.000;101.000;147.000,10026.000
pb3x906Z3qhaYLgBVWrb,1,person,POLYGON,KEEP,CANONICAL_PROVIDER_SEGMENTATION,PHASE_5B_CANONICALIZATION,PROVIDER_SEGMENTATION,,711.000;844.000;299.000;740.000,130465.000
pb3x906Z3qhaYLgBVWrb,2,vest_on_body,POLYGON,KEEP,CANONICAL_PROVIDER_SEGMENTATION,PHASE_5B_CANONICALIZATION,PROVIDER_SEGMENTATION,,750.000;948.000;223.000;313.000,56260.000
pbOZlgeseTpoTXwVJjAh,1,vest_on_body,POLYGON,KEEP,CANONICAL_PROVIDER_SEGMENTATION,PHASE_5B_CANONICALIZATION,PROVIDER_SEGMENTATION,,167.000;520.000;520.000;765.000,287823.000
pbOZlgeseTpoTXwVJjAh,5,person,RLE,KEEP,CANONICAL_PROVIDER_SEGMENTATION,PHASE_5B_CANONICALIZATION,PROVIDER_SEGMENTATION,,155.000;284.000;613.000;1016.000,405787.000
pd0SyehnE6l5xoGZqJCt,1,helmet_loose,POLYGON,KEEP,CANONICAL_PROVIDER_SEGMENTATION,PHASE_5B_CANONICALIZATION,PROVIDER_SEGMENTATION,,1038.000;157.000;377.000;485.000,132298.000
pd0SyehnE6l5xoGZqJCt,2,helmet_loose,POLYGON,KEEP,CANONICAL_PROVIDER_SEGMENTATION,PHASE_5B_CANONICALIZATION,PROVIDER_SEGMENTATION,,728.000;239.000;345.000;421.000,99757.000
pd0SyehnE6l5xoGZqJCt,4,helmet_loose,POLYGON,KEEP,CANONICAL_PROVIDER_SEGMENTATION,PHASE_5B_CANONICALIZATION,PROVIDER_SEGMENTATION,,471.000;341.000;286.000;380.000,77503.000
pd0SyehnE6l5xoGZqJCt,6,helmet_loose,POLYGON,KEEP,CANONICAL_PROVIDER_SEGMENTATION,PHASE_5B_CANONICALIZATION,PROVIDER_SEGMENTATION,,89.000;418.000;185.000;227.000,30570.000
pd0SyehnE6l5xoGZqJCt,7,helmet_loose,POLYGON,KEEP,CANONICAL_PROVIDER_SEGMENTATION,PHASE_5B_CANONICALIZATION,PROVIDER_SEGMENTATION,,250.000;393.000;250.000;347.000,58266.000
pd0SyehnE6l5xoGZqJCt,C,vest_loose,POLYGON,KEEP,CANONICAL_PROVIDER_SEGMENTATION,PHASE_5B_CANONICALIZATION,PROVIDER_SEGMENTATION,,1103.000;637.000;355.000;427.000,113868.000
pd0SyehnE6l5xoGZqJCt,E,vest_loose,POLYGON,KEEP,CANONICAL_PROVIDER_SEGMENTATION,PHASE_5B_CANONICALIZATION,PROVIDER_SEGMENTATION,,731.000;655.000;349.000;409.000,91822.000
pd0SyehnE6l5xoGZqJCt,G,vest_loose,POLYGON,KEEP,CANONICAL_PROVIDER_SEGMENTATION,PHASE_5B_CANONICALIZATION,PROVIDER_SEGMENTATION,,530.000;797.000;19.000;36.000,254.000
pd0SyehnE6l5xoGZqJCt,H,vest_loose,POLYGON,KEEP,CANONICAL_PROVIDER_SEGMENTATION,PHASE_5B_CANONICALIZATION,PROVIDER_SEGMENTATION,,557.000;791.000;112.000;85.000,2718.000
pd0SyehnE6l5xoGZqJCt,J,vest_loose,POLYGON,KEEP,CANONICAL_PROVIDER_SEGMENTATION,PHASE_5B_CANONICALIZATION,PROVIDER_SEGMENTATION,,282.000;720.000;226.000;344.000,48268.000
pd0SyehnE6l5xoGZqJCt,L,vest_loose,POLYGON,KEEP,CANONICAL_PROVIDER_SEGMENTATION,PHASE_5B_CANONICALIZATION,PROVIDER_SEGMENTATION,,111.000;661.000;220.000;403.000,50772.000
pd0SyehnE6l5xoGZqJCt,N,vest_loose,POLYGON,KEEP,CANONICAL_PROVIDER_SEGMENTATION,PHASE_5B_CANONICALIZATION,PROVIDER_SEGMENTATION,,38.000;734.000;193.000;330.000,24018.000
prVjNgHS0pAKIQUelidW,1,person,POLYGON,KEEP,CANONICAL_PROVIDER_SEGMENTATION,PHASE_5B_CANONICALIZATION,PROVIDER_SEGMENTATION,,881.000;0.000;640.000;757.000,348983.000
pwZkhgJcda4HLCsziTh1,1,person,POLYGON,KEEP,CANONICAL_PROVIDER_SEGMENTATION,PHASE_5B_CANONICALIZATION,PROVIDER_SEGMENTATION,,28.000;0.000;1006.000;1048.000,615106.000
q2wyXKnABjAqqL0mLiG7,1,helmet_on_head,POLYGON,KEEP,CANONICAL_PROVIDER_SEGMENTATION,PHASE_5B_CANONICALIZATION,PROVIDER_SEGMENTATION,,517.000;148.000;139.000;95.000,8205.000
q2wyXKnABjAqqL0mLiG7,2,person,POLYGON,KEEP,CANONICAL_PROVIDER_SEGMENTATION,PHASE_5B_CANONICALIZATION,PROVIDER_SEGMENTATION,,423.000;149.000;429.000;949.000,188617.000
q2wyXKnABjAqqL0mLiG7,5,vest_on_body,POLYGON,KEEP,CANONICAL_PROVIDER_SEGMENTATION,PHASE_5B_CANONICALIZATION,PROVIDER_SEGMENTATION,,445.000;287.000;227.000;325.000,34721.000
q2wyXKnABjAqqL0mLiG7,6,vest_on_body,POLYGON,KEEP,CANONICAL_PROVIDER_SEGMENTATION,PHASE_5B_CANONICALIZATION,PROVIDER_SEGMENTATION,,606.000;318.000;41.000;77.000,1524.000
q2wyXKnABjAqqL0mLiG7,7,vest_on_body,POLYGON,KEEP,CANONICAL_PROVIDER_SEGMENTATION,PHASE_5B_CANONICALIZATION,PROVIDER_SEGMENTATION,,439.000;326.000;8.000;21.000,59.000
q2wyXKnABjAqqL0mLiG7,8,vest_on_body,POLYGON,KEEP,CANONICAL_PROVIDER_SEGMENTATION,PHASE_5B_CANONICALIZATION,PROVIDER_SEGMENTATION,,421.000;349.000;21.000;72.000,610.000
q96gkRtLhrZTtKhFqiQU,2,helmet_loose,RLE,KEEP,CANONICAL_PROVIDER_SEGMENTATION,PHASE_5B_CANONICALIZATION,PROVIDER_SEGMENTATION,,724.000;1153.000;663.000;452.000,221905.000
qEBVz8CKiWp4KmTFLCBu,1,person,POLYGON,KEEP,CANONICAL_PROVIDER_SEGMENTATION,PHASE_5B_CANONICALIZATION,PROVIDER_SEGMENTATION,,326.000;309.000;318.000;893.000,146191.000
qEBVz8CKiWp4KmTFLCBu,2,vest_on_body,POLYGON,KEEP,CANONICAL_PROVIDER_SEGMENTATION,PHASE_5B_CANONICALIZATION,PROVIDER_SEGMENTATION,,373.000;459.000;203.000;374.000,56382.000
qEBVz8CKiWp4KmTFLCBu,3,helmet_on_head,POLYGON,KEEP,CANONICAL_PROVIDER_SEGMENTATION,PHASE_5B_CANONICALIZATION,PROVIDER_SEGMENTATION,,392.000;309.000;130.000;98.000,7653.000
ql4CBoTCV3vDAYdQsYAA,1,vest_on_body,RLE,KEEP,CANONICAL_PROVIDER_SEGMENTATION,PHASE_5B_CANONICALIZATION,PROVIDER_SEGMENTATION,,595.000;305.000;426.000;489.000,128184.000
ql4CBoTCV3vDAYdQsYAA,2,person,RLE,KEEP,CANONICAL_PROVIDER_SEGMENTATION,PHASE_5B_CANONICALIZATION,PROVIDER_SEGMENTATION,,593.000;230.000;428.000;962.000,229674.000
qm0fl8ee3HpSLSCrrqDG,1,vest_on_body,POLYGON,KEEP,CANONICAL_PROVIDER_SEGMENTATION,PHASE_5B_CANONICALIZATION,PROVIDER_SEGMENTATION,,162.000;392.000;540.000;683.000,212863.000
qm0fl8ee3HpSLSCrrqDG,2,person,POLYGON,KEEP,CANONICAL_PROVIDER_SEGMENTATION,PHASE_5B_CANONICALIZATION,PROVIDER_SEGMENTATION,,90.000;207.000;625.000;1072.000,430075.000
qm0fl8ee3HpSLSCrrqDG,3,vest_on_body,POLYGON,KEEP,CANONICAL_PROVIDER_SEGMENTATION,PHASE_5B_CANONICALIZATION,PROVIDER_SEGMENTATION,,828.000;476.000;118.000;297.000,27577.000
qm0fl8ee3HpSLSCrrqDG,4,person,POLYGON,KEEP,CANONICAL_PROVIDER_SEGMENTATION,PHASE_5B_CANONICALIZATION,PROVIDER_SEGMENTATION,,825.000;203.000;128.000;755.000,79704.000
qpGvhFrN8YelHx1yTsM9,2,person,POLYGON,KEEP,CANONICAL_PROVIDER_SEGMENTATION,PHASE_5B_CANONICALIZATION,PROVIDER_SEGMENTATION,,162.000;164.000;578.000;1134.000,423852.000
qpGvhFrN8YelHx1yTsM9,3,helmet_on_head,POLYGON,KEEP,CANONICAL_PROVIDER_SEGMENTATION,PHASE_5B_CANONICALIZATION,PROVIDER_SEGMENTATION,,329.000;163.000;212.000;147.000,19808.000
qpGvhFrN8YelHx1yTsM9,5,vest_on_body,POLYGON,KEEP,CANONICAL_PROVIDER_SEGMENTATION,PHASE_5B_CANONICALIZATION,PROVIDER_SEGMENTATION,,430.000;420.000;212.000;620.000,88535.000
qpGvhFrN8YelHx1yTsM9,6,vest_on_body,POLYGON,KEEP,CANONICAL_PROVIDER_SEGMENTATION,PHASE_5B_CANONICALIZATION,PROVIDER_SEGMENTATION,,227.000;439.000;136.000;535.000,33059.000
qpGvhFrN8YelHx1yTsM9,7,vest_on_body,POLYGON,KEEP,CANONICAL_PROVIDER_SEGMENTATION,PHASE_5B_CANONICALIZATION,PROVIDER_SEGMENTATION,NESTED_SAME_CLASS_CANDIDATE,286.000;840.000;3.000;7.000,10.000
qpGvhFrN8YelHx1yTsM9,8,vest_on_body,POLYGON,KEEP,CANONICAL_PROVIDER_SEGMENTATION,PHASE_5B_CANONICALIZATION,PROVIDER_SEGMENTATION,NESTED_SAME_CLASS_CANDIDATE,287.000;866.000;3.000;5.000,8.000
qpGvhFrN8YelHx1yTsM9,9,vest_on_body,POLYGON,KEEP,CANONICAL_PROVIDER_SEGMENTATION,PHASE_5B_CANONICALIZATION,PROVIDER_SEGMENTATION,NESTED_SAME_CLASS_CANDIDATE,238.000;872.000;11.000;16.000,84.000
qpGvhFrN8YelHx1yTsM9,A,vest_on_body,POLYGON,KEEP,CANONICAL_PROVIDER_SEGMENTATION,PHASE_5B_CANONICALIZATION,PROVIDER_SEGMENTATION,NESTED_SAME_CLASS_CANDIDATE,249.000;897.000;11.000;8.000,44.000
qpGvhFrN8YelHx1yTsM9,B,vest_on_body,POLYGON,KEEP,CANONICAL_PROVIDER_SEGMENTATION,PHASE_5B_CANONICALIZATION,PROVIDER_SEGMENTATION,NESTED_SAME_CLASS_CANDIDATE,621.000;993.000;10.000;11.000,69.000
qrutbsVFIvplPnd3QSpO,1,vest_on_body,POLYGON,KEEP,CANONICAL_PROVIDER_SEGMENTATION,PHASE_5B_CANONICALIZATION,PROVIDER_SEGMENTATION,,243.000;366.000;438.000;641.000,229258.000
qrutbsVFIvplPnd3QSpO,2,person,POLYGON,KEEP,CANONICAL_PROVIDER_SEGMENTATION,PHASE_5B_CANONICALIZATION,PROVIDER_SEGMENTATION,,129.000;71.000;667.000;1227.000,488197.000
r3HWnAoRdj2C2qeAdFkr,1,person,POLYGON,KEEP,CANONICAL_PROVIDER_SEGMENTATION,PHASE_5B_CANONICALIZATION,PROVIDER_SEGMENTATION,,202.000;225.000;469.000;674.000,188103.000
r3HWnAoRdj2C2qeAdFkr,2,person,POLYGON,KEEP,CANONICAL_PROVIDER_SEGMENTATION,PHASE_5B_CANONICALIZATION,PROVIDER_SEGMENTATION,,742.000;350.000;250.000;331.000,55897.000
r3HWnAoRdj2C2qeAdFkr,3,person,POLYGON,KEEP,CANONICAL_PROVIDER_SEGMENTATION,PHASE_5B_CANONICALIZATION,PROVIDER_SEGMENTATION,,923.000;264.000;391.000;635.000,152753.000
r3HWnAoRdj2C2qeAdFkr,4,helmet_on_head,POLYGON,KEEP,CANONICAL_PROVIDER_SEGMENTATION,PHASE_5B_CANONICALIZATION,PROVIDER_SEGMENTATION,,955.000;264.000;163.000;151.000,17022.000
r3HWnAoRdj2C2qeAdFkr,5,vest_on_body,POLYGON,KEEP,CANONICAL_PROVIDER_SEGMENTATION,PHASE_5B_CANONICALIZATION,PROVIDER_SEGMENTATION,,1000.000;426.000;228.000;281.000,31618.000
r3HWnAoRdj2C2qeAdFkr,6,person,POLYGON,KEEP,CANONICAL_PROVIDER_SEGMENTATION,PHASE_5B_CANONICALIZATION,PROVIDER_SEGMENTATION,,1542.000;417.000;57.000;310.000,11664.000
r3HWnAoRdj2C2qeAdFkr,7,person,POLYGON,KEEP,CANONICAL_PROVIDER_SEGMENTATION,PHASE_5B_CANONICALIZATION,PROVIDER_SEGMENTATION,,592.000;308.000;123.000;345.000,20242.000
r3HWnAoRdj2C2qeAdFkr,8,person,POLYGON,KEEP,CANONICAL_PROVIDER_SEGMENTATION,PHASE_5B_CANONICALIZATION,PROVIDER_SEGMENTATION,,1452.000;414.000;105.000;303.000,18959.000
r3HWnAoRdj2C2qeAdFkr,9,person,POLYGON,KEEP,CANONICAL_PROVIDER_SEGMENTATION,PHASE_5B_CANONICALIZATION,PROVIDER_SEGMENTATION,,526.000;383.000;103.000;258.000,15645.000
r3HWnAoRdj2C2qeAdFkr,A,person,POLYGON,KEEP,CANONICAL_PROVIDER_SEGMENTATION,PHASE_5B_CANONICALIZATION,PROVIDER_SEGMENTATION,,1303.000;421.000;80.000;227.000,10809.000
r3HWnAoRdj2C2qeAdFkr,B,person,POLYGON,KEEP,CANONICAL_PROVIDER_SEGMENTATION,PHASE_5B_CANONICALIZATION,PROVIDER_SEGMENTATION,,1384.000;406.000;58.000;178.000,6650.000
r3HWnAoRdj2C2qeAdFkr,C,vest_on_body,POLYGON,KEEP,CANONICAL_PROVIDER_SEGMENTATION,PHASE_5B_CANONICALIZATION,PROVIDER_SEGMENTATION,,1392.000;433.000;49.000;69.000,2888.000
r3HWnAoRdj2C2qeAdFkr,D,helmet_on_head,POLYGON,KEEP,CANONICAL_PROVIDER_SEGMENTATION,PHASE_5B_CANONICALIZATION,PROVIDER_SEGMENTATION,,1573.000;377.000;26.000;31.000,650.000
r3HWnAoRdj2C2qeAdFkr,E,vest_on_body,POLYGON,KEEP,CANONICAL_PROVIDER_SEGMENTATION,PHASE_5B_CANONICALIZATION,PROVIDER_SEGMENTATION,,1547.000;486.000;52.000;73.000,3021.000
r3HWnAoRdj2C2qeAdFkr,F,helmet_on_head,POLYGON,KEEP,CANONICAL_PROVIDER_SEGMENTATION,PHASE_5B_CANONICALIZATION,PROVIDER_SEGMENTATION,,1403.000;403.000;23.000;19.000,355.000
r3UicRnZtAlek7LbZebm,1,vest_on_body,RLE,KEEP,CANONICAL_PROVIDER_SEGMENTATION,PHASE_5B_CANONICALIZATION,PROVIDER_SEGMENTATION,,968.000;909.000;599.000;336.000,174382.000
r3UicRnZtAlek7LbZebm,2,vest_on_body,RLE,KEEP,CANONICAL_PROVIDER_SEGMENTATION,PHASE_5B_CANONICALIZATION,PROVIDER_SEGMENTATION,,34.000;655.000;619.000;590.000,332119.000
r3UicRnZtAlek7LbZebm,3,helmet_on_head,RLE,KEEP,CANONICAL_PROVIDER_SEGMENTATION,PHASE_5B_CANONICALIZATION,PROVIDER_SEGMENTATION,,1088.000;516.000;338.000;249.000,51352.000
r3UicRnZtAlek7LbZebm,4,helmet_on_head,RLE,KEEP,CANONICAL_PROVIDER_SEGMENTATION,PHASE_5B_CANONICALIZATION,PROVIDER_SEGMENTATION,,201.000;311.000;355.000;307.000,68300.000
r3UicRnZtAlek7LbZebm,5,person,RLE,KEEP,CANONICAL_PROVIDER_SEGMENTATION,PHASE_5B_CANONICALIZATION,PROVIDER_SEGMENTATION,,934.000;517.000;632.000;728.000,280517.000
r3UicRnZtAlek7LbZebm,6,person,RLE,KEEP,CANONICAL_PROVIDER_SEGMENTATION,PHASE_5B_CANONICALIZATION,PROVIDER_SEGMENTATION,,33.000;312.000;761.000;933.000,451382.000
r4BbR2gJ7CPp1ObMrFIz,1,vest_on_body,RLE,KEEP,CANONICAL_PROVIDER_SEGMENTATION,PHASE_5B_CANONICALIZATION,PROVIDER_SEGMENTATION,,407.000;623.000;282.000;435.000,95452.000
r4BbR2gJ7CPp1ObMrFIz,2,helmet_on_head,RLE,KEEP,CANONICAL_PROVIDER_SEGMENTATION,PHASE_5B_CANONICALIZATION,PROVIDER_SEGMENTATION,,521.000;429.000;141.000;146.000,15436.000
r4BbR2gJ7CPp1ObMrFIz,3,person,RLE,KEEP,CANONICAL_PROVIDER_SEGMENTATION,PHASE_5B_CANONICALIZATION,PROVIDER_SEGMENTATION,,397.000;430.000;506.000;638.000,157272.000
rE8YybvIjJNdTtORaoUg,1,person,POLYGON,KEEP,CANONICAL_PROVIDER_SEGMENTATION,PHASE_5B_CANONICALIZATION,PROVIDER_SEGMENTATION,,634.000;900.000;342.000;911.000,155678.000
rE8YybvIjJNdTtORaoUg,2,vest_on_body,POLYGON,KEEP,CANONICAL_PROVIDER_SEGMENTATION,PHASE_5B_CANONICALIZATION,PROVIDER_SEGMENTATION,,634.000;1004.000;239.000;437.000,77987.000
rGmTI5PGRqRSwShjd9Ud,1,person,POLYGON,KEEP,CANONICAL_PROVIDER_SEGMENTATION,PHASE_5B_CANONICALIZATION,PROVIDER_SEGMENTATION,,584.000;1082.000;185.000;662.000,75389.000
rGmTI5PGRqRSwShjd9Ud,2,person,POLYGON,KEEP,CANONICAL_PROVIDER_SEGMENTATION,PHASE_5B_CANONICALIZATION,PROVIDER_SEGMENTATION,,738.000;1057.000;145.000;663.000,59075.000
rH8exgws1DxUXM1Sl2EC,1,person,POLYGON,KEEP,CANONICAL_PROVIDER_SEGMENTATION,PHASE_5B_CANONICALIZATION,PROVIDER_SEGMENTATION,,827.000;241.000;391.000;824.000,172483.000
rH8exgws1DxUXM1Sl2EC,2,person,POLYGON,KEEP,CANONICAL_PROVIDER_SEGMENTATION,PHASE_5B_CANONICALIZATION,PROVIDER_SEGMENTATION,,466.000;238.000;411.000;827.000,212497.000
rH8exgws1DxUXM1Sl2EC,3,vest_on_body,POLYGON,KEEP,CANONICAL_PROVIDER_SEGMENTATION,PHASE_5B_CANONICALIZATION,PROVIDER_SEGMENTATION,,528.000;442.000;314.000;580.000,98082.000
rH8exgws1DxUXM1Sl2EC,5,vest_on_body,POLYGON,KEEP,CANONICAL_PROVIDER_SEGMENTATION,PHASE_5B_CANONICALIZATION,PROVIDER_SEGMENTATION,,880.000;478.000;213.000;443.000,74972.000
rTdiLvt8dIscf2PQBU1j,2,helmet_on_head,POLYGON,KEEP,CANONICAL_PROVIDER_SEGMENTATION,PHASE_5B_CANONICALIZATION,PROVIDER_SEGMENTATION,,0.000;81.000;379.000;603.000,117904.000
rTdiLvt8dIscf2PQBU1j,4,person,RLE,KEEP,CANONICAL_PROVIDER_SEGMENTATION,PHASE_5B_CANONICALIZATION,PROVIDER_SEGMENTATION,,0.000;81.000;1026.000;986.000,592659.000
rYhDjwrXPlmdX7ft3uh3,1,vest_on_body,RLE,KEEP,CANONICAL_PROVIDER_SEGMENTATION,PHASE_5B_CANONICALIZATION,PROVIDER_SEGMENTATION,,545.000;1197.000;353.000;586.000,155754.000
rYhDjwrXPlmdX7ft3uh3,2,person,RLE,KEEP,CANONICAL_PROVIDER_SEGMENTATION,PHASE_5B_CANONICALIZATION,PROVIDER_SEGMENTATION,,538.000;976.000;582.000;1357.000,301313.000
rYhDjwrXPlmdX7ft3uh3,4,helmet_on_head,RLE,KEEP,CANONICAL_PROVIDER_SEGMENTATION,PHASE_5B_CANONICALIZATION,PROVIDER_SEGMENTATION,,656.000;975.000;210.000;151.000,22224.000
reY8VQLEFB5lzBT6SyIc,1,person,POLYGON,KEEP,CANONICAL_PROVIDER_SEGMENTATION,PHASE_5B_CANONICALIZATION,PROVIDER_SEGMENTATION,,281.000;502.000;1300.000;1896.000,1373038.000
reY8VQLEFB5lzBT6SyIc,2,helmet_on_head,POLYGON,KEEP,CANONICAL_PROVIDER_SEGMENTATION,PHASE_5B_CANONICALIZATION,PROVIDER_SEGMENTATION,,615.000;499.000;361.000;246.000,66724.000
rgmMTV7vKJ6wlhm6IioB,1,person,POLYGON,KEEP,CANONICAL_PROVIDER_SEGMENTATION,PHASE_5B_CANONICALIZATION,PROVIDER_SEGMENTATION,,969.000;348.000;465.000;916.000,262080.000
rgmMTV7vKJ6wlhm6IioB,2,person,POLYGON,KEEP,CANONICAL_PROVIDER_SEGMENTATION,PHASE_5B_CANONICALIZATION,PROVIDER_SEGMENTATION,,551.000;926.000;99.000;338.000,17449.000
rgmMTV7vKJ6wlhm6IioB,3,helmet_on_head,POLYGON,KEEP,CANONICAL_PROVIDER_SEGMENTATION,PHASE_5B_CANONICALIZATION,PROVIDER_SEGMENTATION,,1200.000;349.000;205.000;190.000,31144.000
rpdoJYbURHUkBIZtjRyx,1,person,RLE,KEEP,CANONICAL_PROVIDER_SEGMENTATION,PHASE_5B_CANONICALIZATION,PROVIDER_SEGMENTATION,,1427.000;345.000;173.000;265.000,22485.000
rpdoJYbURHUkBIZtjRyx,2,person,RLE,KEEP,CANONICAL_PROVIDER_SEGMENTATION,PHASE_5B_CANONICALIZATION,PROVIDER_SEGMENTATION,,1201.000;423.000;399.000;777.000,100219.000
rpdoJYbURHUkBIZtjRyx,3,person,RLE,KEEP,CANONICAL_PROVIDER_SEGMENTATION,PHASE_5B_CANONICALIZATION,PROVIDER_SEGMENTATION,,794.000;283.000;48.000;216.000,7240.000
rpdoJYbURHUkBIZtjRyx,4,person,RLE,KEEP,CANONICAL_PROVIDER_SEGMENTATION,PHASE_5B_CANONICALIZATION,PROVIDER_SEGMENTATION,,801.000;352.000;536.000;848.000,128530.000
rpdoJYbURHUkBIZtjRyx,5,person,RLE,KEEP,CANONICAL_PROVIDER_SEGMENTATION,PHASE_5B_CANONICALIZATION,PROVIDER_SEGMENTATION,,787.000;342.000;322.000;528.000,78965.000
rpdoJYbURHUkBIZtjRyx,6,person,RLE,KEEP,CANONICAL_PROVIDER_SEGMENTATION,PHASE_5B_CANONICALIZATION,PROVIDER_SEGMENTATION,,956.000;297.000;43.000;72.000,1704.000
s9ircNOjL3KJuH5uqnhY,1,vest_on_body,RLE,KEEP,CANONICAL_PROVIDER_SEGMENTATION,PHASE_5B_CANONICALIZATION,PROVIDER_SEGMENTATION,,496.000;1283.000;395.000;521.000,80771.000
s9ircNOjL3KJuH5uqnhY,2,vest_on_body,RLE,KEEP,CANONICAL_PROVIDER_SEGMENTATION,PHASE_5B_CANONICALIZATION,PROVIDER_SEGMENTATION,,906.000;1285.000;694.000;875.000,318791.000
s9ircNOjL3KJuH5uqnhY,3,vest_on_body,RLE,KEEP,CANONICAL_PROVIDER_SEGMENTATION,PHASE_5B_CANONICALIZATION,PROVIDER_SEGMENTATION,,0.000;1480.000;779.000;692.000,159353.000
s9ircNOjL3KJuH5uqnhY,4,person,RLE,KEEP,CANONICAL_PROVIDER_SEGMENTATION,PHASE_5B_CANONICALIZATION,PROVIDER_SEGMENTATION,,896.000;1035.000;69.000;58.000,2467.000
s9ircNOjL3KJuH5uqnhY,5,person,RLE,KEEP,CANONICAL_PROVIDER_SEGMENTATION,PHASE_5B_CANONICALIZATION,PROVIDER_SEGMENTATION,,908.000;1003.000;692.000;1169.000,618832.000
s9ircNOjL3KJuH5uqnhY,6,person,RLE,KEEP,CANONICAL_PROVIDER_SEGMENTATION,PHASE_5B_CANONICALIZATION,PROVIDER_SEGMENTATION,,894.000;1035.000;72.000;206.000,9884.000
s9ircNOjL3KJuH5uqnhY,7,person,RLE,KEEP,CANONICAL_PROVIDER_SEGMENTATION,PHASE_5B_CANONICALIZATION,PROVIDER_SEGMENTATION,,0.000;1057.000;1072.000;1115.000,663251.000
s9ircNOjL3KJuH5uqnhY,8,person,RLE,KEEP,CANONICAL_PROVIDER_SEGMENTATION,PHASE_5B_CANONICALIZATION,PROVIDER_SEGMENTATION,NESTED_SAME_CLASS_CANDIDATE,944.000;1021.000;42.000;56.000,1666.000
s9ircNOjL3KJuH5uqnhY,9,person,RLE,KEEP,CANONICAL_PROVIDER_SEGMENTATION,PHASE_5B_CANONICALIZATION,PROVIDER_SEGMENTATION,,0.000;844.000;149.000;753.000,80339.000
s9ircNOjL3KJuH5uqnhY,A,person,RLE,KEEP,CANONICAL_PROVIDER_SEGMENTATION,PHASE_5B_CANONICALIZATION,PROVIDER_SEGMENTATION,,972.000;968.000;86.000;113.000,4791.000
s9ircNOjL3KJuH5uqnhY,B,person,RLE,KEEP,CANONICAL_PROVIDER_SEGMENTATION,PHASE_5B_CANONICALIZATION,PROVIDER_SEGMENTATION,,372.000;943.000;603.000;1098.000,260548.000
s9ircNOjL3KJuH5uqnhY,C,person,RLE,KEEP,CANONICAL_PROVIDER_SEGMENTATION,PHASE_5B_CANONICALIZATION,PROVIDER_SEGMENTATION,,817.000;1005.000;59.000;81.000,2855.000
s9ircNOjL3KJuH5uqnhY,D,person,RLE,KEEP,CANONICAL_PROVIDER_SEGMENTATION,PHASE_5B_CANONICALIZATION,PROVIDER_SEGMENTATION,,1058.000;998.000;82.000;70.000,3936.000
s9ircNOjL3KJuH5uqnhY,E,person,RLE,KEEP,CANONICAL_PROVIDER_SEGMENTATION,PHASE_5B_CANONICALIZATION,PROVIDER_SEGMENTATION,,972.000;968.000;86.000;89.000,3162.000
sCBw5cHMoREKazVjQfkj,1,helmet_loose,POLYGON,KEEP,CANONICAL_PROVIDER_SEGMENTATION,PHASE_5B_CANONICALIZATION,PROVIDER_SEGMENTATION,,408.000;817.000;260.000;308.000,62823.000
sCBw5cHMoREKazVjQfkj,2,helmet_loose,POLYGON,KEEP,CANONICAL_PROVIDER_SEGMENTATION,PHASE_5B_CANONICALIZATION,PROVIDER_SEGMENTATION,,1352.000;185.000;292.000;358.000,82458.000
sCBw5cHMoREKazVjQfkj,3,helmet_loose,POLYGON,KEEP,CANONICAL_PROVIDER_SEGMENTATION,PHASE_5B_CANONICALIZATION,PROVIDER_SEGMENTATION,,41.000;455.000;261.000;343.000,69120.000
sCBw5cHMoREKazVjQfkj,4,helmet_loose,POLYGON,KEEP,CANONICAL_PROVIDER_SEGMENTATION,PHASE_5B_CANONICALIZATION,PROVIDER_SEGMENTATION,,179.000;147.000;284.000;345.000,74887.000
sCBw5cHMoREKazVjQfkj,5,helmet_loose,POLYGON,KEEP,CANONICAL_PROVIDER_SEGMENTATION,PHASE_5B_CANONICALIZATION,PROVIDER_SEGMENTATION,,1065.000;180.000;285.000;359.000,78416.000
sCBw5cHMoREKazVjQfkj,6,helmet_loose,POLYGON,KEEP,CANONICAL_PROVIDER_SEGMENTATION,PHASE_5B_CANONICALIZATION,PROVIDER_SEGMENTATION,,303.000;438.000;266.000;347.000,73186.000
sCBw5cHMoREKazVjQfkj,7,helmet_loose,POLYGON,KEEP,CANONICAL_PROVIDER_SEGMENTATION,PHASE_5B_CANONICALIZATION,PROVIDER_SEGMENTATION,,1174.000;499.000;276.000;341.000,76169.000
sCBw5cHMoREKazVjQfkj,8,helmet_loose,POLYGON,KEEP,CANONICAL_PROVIDER_SEGMENTATION,PHASE_5B_CANONICALIZATION,PROVIDER_SEGMENTATION,,976.000;827.000;266.000;318.000,67110.000
sCBw5cHMoREKazVjQfkj,9,helmet_loose,POLYGON,KEEP,CANONICAL_PROVIDER_SEGMENTATION,PHASE_5B_CANONICALIZATION,PROVIDER_SEGMENTATION,,689.000;802.000;260.000;311.000,64556.000
sCBw5cHMoREKazVjQfkj,A,helmet_loose,POLYGON,KEEP,CANONICAL_PROVIDER_SEGMENTATION,PHASE_5B_CANONICALIZATION,PROVIDER_SEGMENTATION,,1659.000;189.000;220.000;358.000,67510.000
sCBw5cHMoREKazVjQfkj,B,helmet_loose,POLYGON,KEEP,CANONICAL_PROVIDER_SEGMENTATION,PHASE_5B_CANONICALIZATION,PROVIDER_SEGMENTATION,,784.000;166.000;280.000;370.000,80956.000
sCBw5cHMoREKazVjQfkj,C,helmet_loose,POLYGON,KEEP,CANONICAL_PROVIDER_SEGMENTATION,PHASE_5B_CANONICALIZATION,PROVIDER_SEGMENTATION,,602.000;474.000;284.000;306.000,69751.000
sCBw5cHMoREKazVjQfkj,D,helmet_loose,POLYGON,KEEP,CANONICAL_PROVIDER_SEGMENTATION,PHASE_5B_CANONICALIZATION,PROVIDER_SEGMENTATION,,465.000;151.000;262.000;359.000,73665.000
sCBw5cHMoREKazVjQfkj,E,helmet_loose,POLYGON,KEEP,CANONICAL_PROVIDER_SEGMENTATION,PHASE_5B_CANONICALIZATION,PROVIDER_SEGMENTATION,,1483.000;498.000;266.000;336.000,72125.000
sCBw5cHMoREKazVjQfkj,F,helmet_loose,POLYGON,KEEP,CANONICAL_PROVIDER_SEGMENTATION,PHASE_5B_CANONICALIZATION,PROVIDER_SEGMENTATION,,1258.000;0.000;276.000;218.000,50369.000
sCBw5cHMoREKazVjQfkj,G,helmet_loose,POLYGON,KEEP,CANONICAL_PROVIDER_SEGMENTATION,PHASE_5B_CANONICALIZATION,PROVIDER_SEGMENTATION,,110.000;796.000;276.000;357.000,80032.000
sCBw5cHMoREKazVjQfkj,H,helmet_loose,POLYGON,KEEP,CANONICAL_PROVIDER_SEGMENTATION,PHASE_5B_CANONICALIZATION,PROVIDER_SEGMENTATION,,1270.000;825.000;270.000;334.000,71593.000
sCBw5cHMoREKazVjQfkj,I,helmet_loose,POLYGON,KEEP,CANONICAL_PROVIDER_SEGMENTATION,PHASE_5B_CANONICALIZATION,PROVIDER_SEGMENTATION,,632.000;0.000;291.000;204.000,48774.000
sCBw5cHMoREKazVjQfkj,J,helmet_loose,POLYGON,KEEP,CANONICAL_PROVIDER_SEGMENTATION,PHASE_5B_CANONICALIZATION,PROVIDER_SEGMENTATION,,339.000;0.000;284.000;191.000,43904.000
sCBw5cHMoREKazVjQfkj,K,helmet_loose,POLYGON,KEEP,CANONICAL_PROVIDER_SEGMENTATION,PHASE_5B_CANONICALIZATION,PROVIDER_SEGMENTATION,,1560.000;0.000;279.000;235.000,55302.000
sCBw5cHMoREKazVjQfkj,L,helmet_loose,POLYGON,KEEP,CANONICAL_PROVIDER_SEGMENTATION,PHASE_5B_CANONICALIZATION,PROVIDER_SEGMENTATION,,515.000;1074.000;257.000;161.000,32665.000
sCBw5cHMoREKazVjQfkj,M,helmet_loose,POLYGON,KEEP,CANONICAL_PROVIDER_SEGMENTATION,PHASE_5B_CANONICALIZATION,PROVIDER_SEGMENTATION,,0.000;0.000;286.000;189.000,42671.000
sCBw5cHMoREKazVjQfkj,N,helmet_loose,POLYGON,KEEP,CANONICAL_PROVIDER_SEGMENTATION,PHASE_5B_CANONICALIZATION,PROVIDER_SEGMENTATION,,0.000;151.000;182.000;350.000,56630.000
sCBw5cHMoREKazVjQfkj,O,helmet_loose,POLYGON,KEEP,CANONICAL_PROVIDER_SEGMENTATION,PHASE_5B_CANONICALIZATION,PROVIDER_SEGMENTATION,,950.000;0.000;291.000;203.000,48145.000
sCBw5cHMoREKazVjQfkj,P,helmet_loose,POLYGON,KEEP,CANONICAL_PROVIDER_SEGMENTATION,PHASE_5B_CANONICALIZATION,PROVIDER_SEGMENTATION,,1550.000;834.000;266.000;334.000,69140.000
sCBw5cHMoREKazVjQfkj,Q,helmet_loose,POLYGON,KEEP,CANONICAL_PROVIDER_SEGMENTATION,PHASE_5B_CANONICALIZATION,PROVIDER_SEGMENTATION,,1756.000;511.000;123.000;341.000,31245.000
sCBw5cHMoREKazVjQfkj,R,helmet_loose,POLYGON,KEEP,CANONICAL_PROVIDER_SEGMENTATION,PHASE_5B_CANONICALIZATION,PROVIDER_SEGMENTATION,,1126.000;1095.000;241.000;140.000,25780.000
sCBw5cHMoREKazVjQfkj,S,helmet_loose,POLYGON,KEEP,CANONICAL_PROVIDER_SEGMENTATION,PHASE_5B_CANONICALIZATION,PROVIDER_SEGMENTATION,,887.000;488.000;272.000;350.000,77213.000
sCBw5cHMoREKazVjQfkj,T,helmet_loose,POLYGON,KEEP,CANONICAL_PROVIDER_SEGMENTATION,PHASE_5B_CANONICALIZATION,PROVIDER_SEGMENTATION,,1685.000;1110.000;194.000;125.000,18958.000
sCBw5cHMoREKazVjQfkj,U,helmet_loose,POLYGON,KEEP,CANONICAL_PROVIDER_SEGMENTATION,PHASE_5B_CANONICALIZATION,PROVIDER_SEGMENTATION,,0.000;1030.000;170.000;205.000,29001.000
sCBw5cHMoREKazVjQfkj,V,helmet_loose,POLYGON,KEEP,CANONICAL_PROVIDER_SEGMENTATION,PHASE_5B_CANONICALIZATION,PROVIDER_SEGMENTATION,,0.000;813.000;57.000;251.000,11351.000
sCBw5cHMoREKazVjQfkj,W,helmet_loose,POLYGON,KEEP,CANONICAL_PROVIDER_SEGMENTATION,PHASE_5B_CANONICALIZATION,PROVIDER_SEGMENTATION,,236.000;1063.000;232.000;172.000,28194.000
sCBw5cHMoREKazVjQfkj,X,helmet_loose,POLYGON,KEEP,CANONICAL_PROVIDER_SEGMENTATION,PHASE_5B_CANONICALIZATION,PROVIDER_SEGMENTATION,,828.000;1075.000;244.000;160.000,29146.000
sCBw5cHMoREKazVjQfkj,Y,helmet_loose,POLYGON,KEEP,CANONICAL_PROVIDER_SEGMENTATION,PHASE_5B_CANONICALIZATION,PROVIDER_SEGMENTATION,,1394.000;1091.000;263.000;144.000,24620.000
sCBw5cHMoREKazVjQfkj,Z,helmet_loose,POLYGON,KEEP,CANONICAL_PROVIDER_SEGMENTATION,PHASE_5B_CANONICALIZATION,PROVIDER_SEGMENTATION,,0.000;512.000;47.000;251.000,9398.000
sRXEOujQOUMfRHzPXYsE,1,vest_on_body,RLE,KEEP,CANONICAL_PROVIDER_SEGMENTATION,PHASE_5B_CANONICALIZATION,PROVIDER_SEGMENTATION,,226.000;499.000;294.000;444.000,74290.000
sRXEOujQOUMfRHzPXYsE,2,vest_on_body,RLE,KEEP,CANONICAL_PROVIDER_SEGMENTATION,PHASE_5B_CANONICALIZATION,PROVIDER_SEGMENTATION,,649.000;568.000;269.000;404.000,27184.000
sRXEOujQOUMfRHzPXYsE,3,helmet_on_head,RLE,KEEP,CANONICAL_PROVIDER_SEGMENTATION,PHASE_5B_CANONICALIZATION,PROVIDER_SEGMENTATION,,313.000;268.000;219.000;137.000,17610.000
sRXEOujQOUMfRHzPXYsE,4,helmet_on_head,RLE,KEEP,CANONICAL_PROVIDER_SEGMENTATION,PHASE_5B_CANONICALIZATION,PROVIDER_SEGMENTATION,,707.000;362.000;193.000;142.000,19060.000
sRXEOujQOUMfRHzPXYsE,5,person,RLE,KEEP,CANONICAL_PROVIDER_SEGMENTATION,PHASE_5B_CANONICALIZATION,PROVIDER_SEGMENTATION,,143.000;269.000;451.000;798.000,245081.000
sRXEOujQOUMfRHzPXYsE,6,person,RLE,KEEP,CANONICAL_PROVIDER_SEGMENTATION,PHASE_5B_CANONICALIZATION,PROVIDER_SEGMENTATION,,579.000;362.000;465.000;702.000,133679.000
sSsfNfmuKklWQnB6wgFb,1,person,RLE,KEEP,CANONICAL_PROVIDER_SEGMENTATION,PHASE_5B_CANONICALIZATION,PROVIDER_SEGMENTATION,,1227.000;683.000;373.000;384.000,73295.000
sSsfNfmuKklWQnB6wgFb,2,person,RLE,KEEP,CANONICAL_PROVIDER_SEGMENTATION,PHASE_5B_CANONICALIZATION,PROVIDER_SEGMENTATION,,0.000;286.000;312.000;729.000,143524.000
sSsfNfmuKklWQnB6wgFb,3,person,RLE,KEEP,CANONICAL_PROVIDER_SEGMENTATION,PHASE_5B_CANONICALIZATION,PROVIDER_SEGMENTATION,,997.000;6.000;459.000;549.000,148445.000
sSsfNfmuKklWQnB6wgFb,4,person,RLE,KEEP,CANONICAL_PROVIDER_SEGMENTATION,PHASE_5B_CANONICALIZATION,PROVIDER_SEGMENTATION,,395.000;342.000;591.000;722.000,183725.000
sSsfNfmuKklWQnB6wgFb,5,person,RLE,KEEP,CANONICAL_PROVIDER_SEGMENTATION,PHASE_5B_CANONICALIZATION,PROVIDER_SEGMENTATION,,442.000;0.000;558.000;422.000,109759.000
sl5odNB8YRmCtgwWD7pE,1,helmet_loose,RLE,KEEP,CANONICAL_PROVIDER_SEGMENTATION,PHASE_5B_CANONICALIZATION,PROVIDER_SEGMENTATION,,519.000;226.000;570.000;503.000,209464.000
szhdyw6JE1HhJo9ILihS,1,person,POLYGON,KEEP,CANONICAL_PROVIDER_SEGMENTATION,PHASE_5B_CANONICALIZATION,PROVIDER_SEGMENTATION,,372.000;116.000;639.000;949.000,255504.000
szjOIXL0vHTzXnHCk2QD,1,person,POLYGON,KEEP,CANONICAL_PROVIDER_SEGMENTATION,PHASE_5B_CANONICALIZATION,PROVIDER_SEGMENTATION,,275.000;381.000;283.000;717.000,90334.000
szjOIXL0vHTzXnHCk2QD,2,helmet_on_head,POLYGON,KEEP,CANONICAL_PROVIDER_SEGMENTATION,PHASE_5B_CANONICALIZATION,PROVIDER_SEGMENTATION,,374.000;384.000;81.000;69.000,3886.000
szjOIXL0vHTzXnHCk2QD,4,vest_on_body,POLYGON,KEEP,CANONICAL_PROVIDER_SEGMENTATION,PHASE_5B_CANONICALIZATION,PROVIDER_SEGMENTATION,,273.000;456.000;255.000;438.000,60436.000
t3Bt4eQVavoJA4eXFvEO,1,person,POLYGON,KEEP,CANONICAL_PROVIDER_SEGMENTATION,PHASE_5B_CANONICALIZATION,PROVIDER_SEGMENTATION,,717.000;438.000;127.000;208.000,11801.000
t3Bt4eQVavoJA4eXFvEO,2,vest_on_body,POLYGON,KEEP,CANONICAL_PROVIDER_SEGMENTATION,PHASE_5B_CANONICALIZATION,PROVIDER_SEGMENTATION,,753.000;442.000;62.000;53.000,2265.000
t92NygAuu8S9QMcR2Neh,4,helmet_loose,RLE,KEEP,CANONICAL_PROVIDER_SEGMENTATION,PHASE_5B_CANONICALIZATION,PROVIDER_SEGMENTATION,,599.000;276.000;569.000;500.000,190168.000
tAHPTKhPWsGlGkTWoapB,1,person,POLYGON,KEEP,CANONICAL_PROVIDER_SEGMENTATION,PHASE_5B_CANONICALIZATION,PROVIDER_SEGMENTATION,,406.000;774.000;240.000;524.000,46602.000
tAHPTKhPWsGlGkTWoapB,2,helmet_on_head,POLYGON,KEEP,CANONICAL_PROVIDER_SEGMENTATION,PHASE_5B_CANONICALIZATION,PROVIDER_SEGMENTATION,,406.000;775.000;137.000;127.000,10579.000
tAHPTKhPWsGlGkTWoapB,4,vest_on_body,POLYGON,KEEP,CANONICAL_PROVIDER_SEGMENTATION,PHASE_5B_CANONICALIZATION,PROVIDER_SEGMENTATION,,454.000;861.000;191.000;412.000,27645.000
tgYP65AdeQ00p58sCuL0,1,person,RLE,KEEP,CANONICAL_PROVIDER_SEGMENTATION,PHASE_5B_CANONICALIZATION,PROVIDER_SEGMENTATION,,1235.000;556.000;365.000;644.000,166140.000
tgYP65AdeQ00p58sCuL0,2,person,RLE,KEEP,CANONICAL_PROVIDER_SEGMENTATION,PHASE_5B_CANONICALIZATION,PROVIDER_SEGMENTATION,,352.000;477.000;435.000;510.000,114190.000
tgYP65AdeQ00p58sCuL0,3,person,RLE,KEEP,CANONICAL_PROVIDER_SEGMENTATION,PHASE_5B_CANONICALIZATION,PROVIDER_SEGMENTATION,,817.000;294.000;240.000;377.000,23574.000
tgYP65AdeQ00p58sCuL0,4,person,RLE,KEEP,CANONICAL_PROVIDER_SEGMENTATION,PHASE_5B_CANONICALIZATION,PROVIDER_SEGMENTATION,,721.000;463.000;449.000;737.000,141958.000
tgYP65AdeQ00p58sCuL0,5,person,RLE,KEEP,CANONICAL_PROVIDER_SEGMENTATION,PHASE_5B_CANONICALIZATION,PROVIDER_SEGMENTATION,,701.000;300.000;193.000;373.000,30906.000
tjHCOqwRIYw66vZcCHJp,1,vest_on_body,RLE,KEEP,CANONICAL_PROVIDER_SEGMENTATION,PHASE_5B_CANONICALIZATION,PROVIDER_SEGMENTATION,,289.000;375.000;442.000;541.000,193846.000
tjHCOqwRIYw66vZcCHJp,2,helmet_on_head,RLE,KEEP,CANONICAL_PROVIDER_SEGMENTATION,PHASE_5B_CANONICALIZATION,PROVIDER_SEGMENTATION,,395.000;119.000;215.000;222.000,37320.000
tjHCOqwRIYw66vZcCHJp,3,person,RLE,KEEP,CANONICAL_PROVIDER_SEGMENTATION,PHASE_5B_CANONICALIZATION,PROVIDER_SEGMENTATION,,271.000;120.000;546.000;947.000,373033.000
tqzQPhC5wHy3xDwCdFuo,1,person,POLYGON,KEEP,CANONICAL_PROVIDER_SEGMENTATION,PHASE_5B_CANONICALIZATION,PROVIDER_SEGMENTATION,,747.000;209.000;156.000;529.000,55108.000
tqzQPhC5wHy3xDwCdFuo,3,helmet_on_head,POLYGON,KEEP,CANONICAL_PROVIDER_SEGMENTATION,PHASE_5B_CANONICALIZATION,PROVIDER_SEGMENTATION,,777.000;208.000;71.000;50.000,2410.000
tqzQPhC5wHy3xDwCdFuo,5,vest_on_body,POLYGON,KEEP,CANONICAL_PROVIDER_SEGMENTATION,PHASE_5B_CANONICALIZATION,PROVIDER_SEGMENTATION,,760.000;310.000;127.000;189.000,17468.000
u4uGaDsy2tThEpOEs5TM,1,vest_on_body,RLE,KEEP,CANONICAL_PROVIDER_SEGMENTATION,PHASE_5B_CANONICALIZATION,PROVIDER_SEGMENTATION,,646.000;412.000;102.000;159.000,12573.000
u4uGaDsy2tThEpOEs5TM,2,vest_on_body,RLE,KEEP,CANONICAL_PROVIDER_SEGMENTATION,PHASE_5B_CANONICALIZATION,PROVIDER_SEGMENTATION,,735.000;383.000;56.000;206.000,5113.000
u4uGaDsy2tThEpOEs5TM,3,vest_on_body,RLE,KEEP,CANONICAL_PROVIDER_SEGMENTATION,PHASE_5B_CANONICALIZATION,PROVIDER_SEGMENTATION,,1549.000;428.000;51.000;118.000,4878.000
u4uGaDsy2tThEpOEs5TM,4,vest_on_body,RLE,KEEP,CANONICAL_PROVIDER_SEGMENTATION,PHASE_5B_CANONICALIZATION,PROVIDER_SEGMENTATION,,894.000;431.000;94.000;139.000,4392.000
u4uGaDsy2tThEpOEs5TM,5,person,RLE,KEEP,CANONICAL_PROVIDER_SEGMENTATION,PHASE_5B_CANONICALIZATION,PROVIDER_SEGMENTATION,,894.000;375.000;101.000;349.000,23443.000
u4uGaDsy2tThEpOEs5TM,6,person,RLE,KEEP,CANONICAL_PROVIDER_SEGMENTATION,PHASE_5B_CANONICALIZATION,PROVIDER_SEGMENTATION,,621.000;350.000;241.000;388.000,33232.000
u4uGaDsy2tThEpOEs5TM,7,person,RLE,KEEP,CANONICAL_PROVIDER_SEGMENTATION,PHASE_5B_CANONICALIZATION,PROVIDER_SEGMENTATION,,1542.000;384.000;58.000;263.000,12135.000
u4uGaDsy2tThEpOEs5TM,8,person,RLE,KEEP,CANONICAL_PROVIDER_SEGMENTATION,PHASE_5B_CANONICALIZATION,PROVIDER_SEGMENTATION,,706.000;375.000;172.000;345.000,16884.000
u4uGaDsy2tThEpOEs5TM,C,helmet_on_head,RLE,KEEP,CANONICAL_PROVIDER_SEGMENTATION,PHASE_5B_CANONICALIZATION,PROVIDER_SEGMENTATION,,692.000;350.000;65.000;51.000,2171.000
u4uGaDsy2tThEpOEs5TM,B,helmet_on_head,RLE,KEEP,CANONICAL_PROVIDER_SEGMENTATION,PHASE_5B_CANONICALIZATION,PROVIDER_SEGMENTATION,,1546.000;384.000;41.000;37.000,913.000
u4uGaDsy2tThEpOEs5TM,A,helmet_on_head,RLE,KEEP,CANONICAL_PROVIDER_SEGMENTATION,PHASE_5B_CANONICALIZATION,PROVIDER_SEGMENTATION,,759.000;375.000;58.000;36.000,1552.000
uZZkiFjkPxvryVuQh0S0,1,person,POLYGON,KEEP,CANONICAL_PROVIDER_SEGMENTATION,PHASE_5B_CANONICALIZATION,PROVIDER_SEGMENTATION,,329.000;409.000;247.000;778.000,115993.000
uZZkiFjkPxvryVuQh0S0,2,person,POLYGON,KEEP,CANONICAL_PROVIDER_SEGMENTATION,PHASE_5B_CANONICALIZATION,PROVIDER_SEGMENTATION,,41.000;454.000;268.000;725.000,125897.000
uZZkiFjkPxvryVuQh0S0,3,person,POLYGON,KEEP,CANONICAL_PROVIDER_SEGMENTATION,PHASE_5B_CANONICALIZATION,PROVIDER_SEGMENTATION,,576.000;413.000;243.000;804.000,129010.000
v1m3svUyUjC30E9pB92L,1,person,POLYGON,KEEP,CANONICAL_PROVIDER_SEGMENTATION,PHASE_5B_CANONICALIZATION,PROVIDER_SEGMENTATION,,755.000;369.000;163.000;463.000,45350.000
v1m3svUyUjC30E9pB92L,2,helmet_on_head,POLYGON,KEEP,CANONICAL_PROVIDER_SEGMENTATION,PHASE_5B_CANONICALIZATION,PROVIDER_SEGMENTATION,,800.000;371.000;44.000;38.000,1457.000
v1m3svUyUjC30E9pB92L,3,vest_on_body,POLYGON,KEEP,CANONICAL_PROVIDER_SEGMENTATION,PHASE_5B_CANONICALIZATION,PROVIDER_SEGMENTATION,,789.000;453.000;95.000;161.000,11014.000
vYEZdbnXgIU3r7Aa4AWT,1,person,POLYGON,KEEP,CANONICAL_PROVIDER_SEGMENTATION,PHASE_5B_CANONICALIZATION,PROVIDER_SEGMENTATION,,0.000;48.000;859.000;1250.000,702407.000
vYEZdbnXgIU3r7Aa4AWT,2,helmet_on_head,POLYGON,KEEP,CANONICAL_PROVIDER_SEGMENTATION,PHASE_5B_CANONICALIZATION,PROVIDER_SEGMENTATION,,352.000;46.000;291.000;210.000,43981.000
vYEZdbnXgIU3r7Aa4AWT,4,vest_on_body,POLYGON,KEEP,CANONICAL_PROVIDER_SEGMENTATION,PHASE_5B_CANONICALIZATION,PROVIDER_SEGMENTATION,,198.000;417.000;585.000;844.000,356454.000
vYEZdbnXgIU3r7Aa4AWT,5,vest_on_body,POLYGON,KEEP,CANONICAL_PROVIDER_SEGMENTATION,PHASE_5B_CANONICALIZATION,PROVIDER_SEGMENTATION,NESTED_SAME_CLASS_CANDIDATE,302.000;1194.000;48.000;37.000,624.000
va1h7fuyzlYl8u8358Qx,1,person,POLYGON,KEEP,CANONICAL_PROVIDER_SEGMENTATION,PHASE_5B_CANONICALIZATION,PROVIDER_SEGMENTATION,,333.000;910.000;382.000;1265.000,276811.000
vh2ww5CJ1DQeofRTmQMg,1,helmet_on_head,RLE,KEEP,CANONICAL_PROVIDER_SEGMENTATION,PHASE_5B_CANONICALIZATION,PROVIDER_SEGMENTATION,,1238.000;308.000;64.000;41.000,1630.000
vh2ww5CJ1DQeofRTmQMg,2,helmet_on_head,RLE,KEEP,CANONICAL_PROVIDER_SEGMENTATION,PHASE_5B_CANONICALIZATION,PROVIDER_SEGMENTATION,,1088.000;380.000;64.000;49.000,2134.000
vh2ww5CJ1DQeofRTmQMg,3,person,RLE,KEEP,CANONICAL_PROVIDER_SEGMENTATION,PHASE_5B_CANONICALIZATION,PROVIDER_SEGMENTATION,,1203.000;309.000;162.000;436.000,37570.000
vh2ww5CJ1DQeofRTmQMg,4,person,RLE,KEEP,CANONICAL_PROVIDER_SEGMENTATION,PHASE_5B_CANONICALIZATION,PROVIDER_SEGMENTATION,,1375.000;360.000;56.000;156.000,5361.000
vh2ww5CJ1DQeofRTmQMg,5,person,RLE,KEEP,CANONICAL_PROVIDER_SEGMENTATION,PHASE_5B_CANONICALIZATION,PROVIDER_SEGMENTATION,,1041.000;381.000;172.000;426.000,42452.000
vhz25WpcjcQ6mGS8YP5I,4,person,RLE,KEEP,CANONICAL_PROVIDER_SEGMENTATION,PHASE_5B_CANONICALIZATION,PROVIDER_SEGMENTATION,,178.000;313.000;407.000;1153.000,264841.000
vhz25WpcjcQ6mGS8YP5I,6,helmet_loose,RLE,KEEP,CANONICAL_PROVIDER_SEGMENTATION,PHASE_5B_CANONICALIZATION,PROVIDER_SEGMENTATION,,197.000;1055.000;179.000;178.000,12478.000
vltD7ae0puVQgcj8VjlZ,3,helmet_loose,POLYGON,KEEP,CANONICAL_PROVIDER_SEGMENTATION,PHASE_5B_CANONICALIZATION,PROVIDER_SEGMENTATION,,1579.000;1975.000;11.000;17.000,105.000
vltD7ae0puVQgcj8VjlZ,4,helmet_loose,POLYGON,KEEP,CANONICAL_PROVIDER_SEGMENTATION,PHASE_5B_CANONICALIZATION,PROVIDER_SEGMENTATION,,1575.000;2008.000;24.000;40.000,564.000
vltD7ae0puVQgcj8VjlZ,5,helmet_loose,POLYGON,KEEP,CANONICAL_PROVIDER_SEGMENTATION,PHASE_5B_CANONICALIZATION,PROVIDER_SEGMENTATION,,1127.000;0.000;104.000;33.000,2727.000
vltD7ae0puVQgcj8VjlZ,6,helmet_loose,POLYGON,KEEP,CANONICAL_PROVIDER_SEGMENTATION,PHASE_5B_CANONICALIZATION,PROVIDER_SEGMENTATION,,0.000;553.000;65.000;111.000,4401.000
vltD7ae0puVQgcj8VjlZ,7,helmet_loose,POLYGON,KEEP,CANONICAL_PROVIDER_SEGMENTATION,PHASE_5B_CANONICALIZATION,PROVIDER_SEGMENTATION,,0.000;2039.000;64.000;111.000,5323.000
vltD7ae0puVQgcj8VjlZ,8,helmet_loose,POLYGON,KEEP,CANONICAL_PROVIDER_SEGMENTATION,PHASE_5B_CANONICALIZATION,PROVIDER_SEGMENTATION,,1513.000;350.000;86.000;138.000,7908.000
vltD7ae0puVQgcj8VjlZ,9,helmet_loose,POLYGON,KEEP,CANONICAL_PROVIDER_SEGMENTATION,PHASE_5B_CANONICALIZATION,PROVIDER_SEGMENTATION,,1018.000;2334.000;212.000;55.000,8192.000
vltD7ae0puVQgcj8VjlZ,A,helmet_loose,POLYGON,KEEP,CANONICAL_PROVIDER_SEGMENTATION,PHASE_5B_CANONICALIZATION,PROVIDER_SEGMENTATION,,231.000;0.000;229.000;88.000,16066.000
vltD7ae0puVQgcj8VjlZ,B,helmet_loose,POLYGON,KEEP,CANONICAL_PROVIDER_SEGMENTATION,PHASE_5B_CANONICALIZATION,PROVIDER_SEGMENTATION,,1458.000;854.000;141.000;170.000,17684.000
vltD7ae0puVQgcj8VjlZ,C,helmet_loose,POLYGON,KEEP,CANONICAL_PROVIDER_SEGMENTATION,PHASE_5B_CANONICALIZATION,PROVIDER_SEGMENTATION,,0.000;864.000;156.000;165.000,18970.000
vltD7ae0puVQgcj8VjlZ,D,helmet_loose,POLYGON,KEEP,CANONICAL_PROVIDER_SEGMENTATION,PHASE_5B_CANONICALIZATION,PROVIDER_SEGMENTATION,,0.000;61.000;225.000;142.000,23101.000
vltD7ae0puVQgcj8VjlZ,E,helmet_loose,POLYGON,KEEP,CANONICAL_PROVIDER_SEGMENTATION,PHASE_5B_CANONICALIZATION,PROVIDER_SEGMENTATION,,1358.000;46.000;230.000;146.000,23538.000
vltD7ae0puVQgcj8VjlZ,F,helmet_loose,POLYGON,KEEP,CANONICAL_PROVIDER_SEGMENTATION,PHASE_5B_CANONICALIZATION,PROVIDER_SEGMENTATION,,794.000;0.000;232.000;153.000,24469.000
vltD7ae0puVQgcj8VjlZ,G,helmet_loose,POLYGON,KEEP,CANONICAL_PROVIDER_SEGMENTATION,PHASE_5B_CANONICALIZATION,PROVIDER_SEGMENTATION,,567.000;125.000;238.000;150.000,24705.000
vltD7ae0puVQgcj8VjlZ,H,helmet_loose,POLYGON,KEEP,CANONICAL_PROVIDER_SEGMENTATION,PHASE_5B_CANONICALIZATION,PROVIDER_SEGMENTATION,,193.000;2268.000;313.000;121.000,25256.000
vltD7ae0puVQgcj8VjlZ,I,helmet_loose,POLYGON,KEEP,CANONICAL_PROVIDER_SEGMENTATION,PHASE_5B_CANONICALIZATION,PROVIDER_SEGMENTATION,,1138.000;168.000;240.000;151.000,25498.000
vltD7ae0puVQgcj8VjlZ,J,helmet_loose,POLYGON,KEEP,CANONICAL_PROVIDER_SEGMENTATION,PHASE_5B_CANONICALIZATION,PROVIDER_SEGMENTATION,,913.000;291.000;243.000;155.000,26552.000
vltD7ae0puVQgcj8VjlZ,K,helmet_loose,POLYGON,KEEP,CANONICAL_PROVIDER_SEGMENTATION,PHASE_5B_CANONICALIZATION,PROVIDER_SEGMENTATION,,328.000;249.000;242.000;161.000,26590.000
vltD7ae0puVQgcj8VjlZ,L,helmet_loose,POLYGON,KEEP,CANONICAL_PROVIDER_SEGMENTATION,PHASE_5B_CANONICALIZATION,PROVIDER_SEGMENTATION,,78.000;376.000;248.000;159.000,27970.000
vltD7ae0puVQgcj8VjlZ,M,helmet_loose,POLYGON,KEEP,CANONICAL_PROVIDER_SEGMENTATION,PHASE_5B_CANONICALIZATION,PROVIDER_SEGMENTATION,,675.000;419.000;250.000;165.000,28801.000
vltD7ae0puVQgcj8VjlZ,N,helmet_loose,POLYGON,KEEP,CANONICAL_PROVIDER_SEGMENTATION,PHASE_5B_CANONICALIZATION,PROVIDER_SEGMENTATION,,1284.000;478.000;254.000;163.000,28813.000
vltD7ae0puVQgcj8VjlZ,O,helmet_loose,POLYGON,KEEP,CANONICAL_PROVIDER_SEGMENTATION,PHASE_5B_CANONICALIZATION,PROVIDER_SEGMENTATION,,425.000;560.000;256.000;165.000,30216.000
vltD7ae0puVQgcj8VjlZ,P,helmet_loose,POLYGON,KEEP,CANONICAL_PROVIDER_SEGMENTATION,PHASE_5B_CANONICALIZATION,PROVIDER_SEGMENTATION,,1049.000;617.000;258.000;170.000,31484.000
vltD7ae0puVQgcj8VjlZ,Q,helmet_loose,POLYGON,KEEP,CANONICAL_PROVIDER_SEGMENTATION,PHASE_5B_CANONICALIZATION,PROVIDER_SEGMENTATION,,161.000;703.000;264.000;170.000,31682.000
vltD7ae0puVQgcj8VjlZ,R,helmet_loose,POLYGON,KEEP,CANONICAL_PROVIDER_SEGMENTATION,PHASE_5B_CANONICALIZATION,PROVIDER_SEGMENTATION,,1386.000;1436.000;213.000;194.000,32689.000
vltD7ae0puVQgcj8VjlZ,S,helmet_loose,POLYGON,KEEP,CANONICAL_PROVIDER_SEGMENTATION,PHASE_5B_CANONICALIZATION,PROVIDER_SEGMENTATION,,797.000;765.000;267.000;173.000,32956.000
vltD7ae0puVQgcj8VjlZ,T,helmet_loose,POLYGON,KEEP,CANONICAL_PROVIDER_SEGMENTATION,PHASE_5B_CANONICALIZATION,PROVIDER_SEGMENTATION,,536.000;919.000;274.000;179.000,34984.000
vltD7ae0puVQgcj8VjlZ,U,helmet_loose,POLYGON,KEEP,CANONICAL_PROVIDER_SEGMENTATION,PHASE_5B_CANONICALIZATION,PROVIDER_SEGMENTATION,,1210.000;1012.000;278.000;182.000,36057.000
vltD7ae0puVQgcj8VjlZ,V,helmet_loose,POLYGON,KEEP,CANONICAL_PROVIDER_SEGMENTATION,PHASE_5B_CANONICALIZATION,PROVIDER_SEGMENTATION,,0.000;1254.000;260.000;190.000,37149.000
vltD7ae0puVQgcj8VjlZ,W,helmet_loose,POLYGON,KEEP,CANONICAL_PROVIDER_SEGMENTATION,PHASE_5B_CANONICALIZATION,PROVIDER_SEGMENTATION,,262.000;1082.000;280.000;185.000,37282.000
vltD7ae0puVQgcj8VjlZ,X,helmet_loose,POLYGON,KEEP,CANONICAL_PROVIDER_SEGMENTATION,PHASE_5B_CANONICALIZATION,PROVIDER_SEGMENTATION,,949.000;1178.000;286.000;187.000,38373.000
vltD7ae0puVQgcj8VjlZ,Y,helmet_loose,POLYGON,KEEP,CANONICAL_PROVIDER_SEGMENTATION,PHASE_5B_CANONICALIZATION,PROVIDER_SEGMENTATION,,673.000;1355.000;297.000;199.000,41198.000
vltD7ae0puVQgcj8VjlZ,Z,helmet_loose,POLYGON,KEEP,CANONICAL_PROVIDER_SEGMENTATION,PHASE_5B_CANONICALIZATION,PROVIDER_SEGMENTATION,,383.000;1542.000;303.000;203.000,43626.000
vltD7ae0puVQgcj8VjlZ,a,helmet_loose,POLYGON,KEEP,CANONICAL_PROVIDER_SEGMENTATION,PHASE_5B_CANONICALIZATION,PROVIDER_SEGMENTATION,,1112.000;1628.000;305.000;208.000,45322.000
vltD7ae0puVQgcj8VjlZ,b,helmet_loose,POLYGON,KEEP,CANONICAL_PROVIDER_SEGMENTATION,PHASE_5B_CANONICALIZATION,PROVIDER_SEGMENTATION,,77.000;1739.000;308.000;212.000,46753.000
vltD7ae0puVQgcj8VjlZ,c,helmet_loose,POLYGON,KEEP,CANONICAL_PROVIDER_SEGMENTATION,PHASE_5B_CANONICALIZATION,PROVIDER_SEGMENTATION,,821.000;1829.000;315.000;217.000,48780.000
vltD7ae0puVQgcj8VjlZ,d,helmet_loose,POLYGON,KEEP,CANONICAL_PROVIDER_SEGMENTATION,PHASE_5B_CANONICALIZATION,PROVIDER_SEGMENTATION,,515.000;2039.000;323.000;226.000,52156.000
vltD7ae0puVQgcj8VjlZ,e,helmet_loose,POLYGON,KEEP,CANONICAL_PROVIDER_SEGMENTATION,PHASE_5B_CANONICALIZATION,PROVIDER_SEGMENTATION,,1283.000;2102.000;316.000;228.000,52410.000
vz16uUIqOlsdLgROccQ3,1,vest_on_body,POLYGON,KEEP,CANONICAL_PROVIDER_SEGMENTATION,PHASE_5B_CANONICALIZATION,PROVIDER_SEGMENTATION,,226.000;675.000;414.000;550.000,128360.000
vz16uUIqOlsdLgROccQ3,3,person,RLE,KEEP,CANONICAL_PROVIDER_SEGMENTATION,PHASE_5B_CANONICALIZATION,PROVIDER_SEGMENTATION,,174.000;580.000;470.000;720.000,220642.000
wFFDRQDkZr4rERlpbwFV,1,helmet_loose,RLE,KEEP,CANONICAL_PROVIDER_SEGMENTATION,PHASE_5B_CANONICALIZATION,PROVIDER_SEGMENTATION,,206.000;379.000;571.000;486.000,196621.000
wS4knG95ig6T2ZEozbZe,1,helmet_loose,POLYGON,KEEP,CANONICAL_PROVIDER_SEGMENTATION,PHASE_5B_CANONICALIZATION,PROVIDER_SEGMENTATION,,850.000;688.000;193.000;247.000,36102.000
wS4knG95ig6T2ZEozbZe,2,helmet_loose,POLYGON,KEEP,CANONICAL_PROVIDER_SEGMENTATION,PHASE_5B_CANONICALIZATION,PROVIDER_SEGMENTATION,,1200.000;769.000;144.000;202.000,22869.000
wS4knG95ig6T2ZEozbZe,3,helmet_loose,POLYGON,KEEP,CANONICAL_PROVIDER_SEGMENTATION,PHASE_5B_CANONICALIZATION,PROVIDER_SEGMENTATION,,1125.000;580.000;141.000;198.000,20919.000
wS4knG95ig6T2ZEozbZe,4,helmet_loose,POLYGON,KEEP,CANONICAL_PROVIDER_SEGMENTATION,PHASE_5B_CANONICALIZATION,PROVIDER_SEGMENTATION,,1276.000;560.000;134.000;189.000,19369.000
wS4knG95ig6T2ZEozbZe,5,helmet_loose,POLYGON,KEEP,CANONICAL_PROVIDER_SEGMENTATION,PHASE_5B_CANONICALIZATION,PROVIDER_SEGMENTATION,,1420.000;681.000;102.000;144.000,11319.000
wS4knG95ig6T2ZEozbZe,6,helmet_loose,POLYGON,KEEP,CANONICAL_PROVIDER_SEGMENTATION,PHASE_5B_CANONICALIZATION,PROVIDER_SEGMENTATION,,1501.000;483.000;102.000;147.000,11534.000
wS4knG95ig6T2ZEozbZe,7,helmet_loose,POLYGON,KEEP,CANONICAL_PROVIDER_SEGMENTATION,PHASE_5B_CANONICALIZATION,PROVIDER_SEGMENTATION,,949.000;353.000;177.000;254.000,32764.000
wS4knG95ig6T2ZEozbZe,8,helmet_loose,POLYGON,KEEP,CANONICAL_PROVIDER_SEGMENTATION,PHASE_5B_CANONICALIZATION,PROVIDER_SEGMENTATION,,520.000;350.000;252.000;313.000,60082.000
wS4knG95ig6T2ZEozbZe,9,helmet_loose,POLYGON,KEEP,CANONICAL_PROVIDER_SEGMENTATION,PHASE_5B_CANONICALIZATION,PROVIDER_SEGMENTATION,,1527.000;683.000;103.000;136.000,10855.000
wYXa9TLh0h7ZFuKLZ9KA,1,person,POLYGON,KEEP,CANONICAL_PROVIDER_SEGMENTATION,PHASE_5B_CANONICALIZATION,PROVIDER_SEGMENTATION,,662.000;298.000;229.000;656.000,91433.000
wYXa9TLh0h7ZFuKLZ9KA,2,vest_on_body,POLYGON,KEEP,CANONICAL_PROVIDER_SEGMENTATION,PHASE_5B_CANONICALIZATION,PROVIDER_SEGMENTATION,,670.000;388.000;182.000;240.000,30121.000
wfDgURKw6U5nt33bmej0,1,person,POLYGON,KEEP,CANONICAL_PROVIDER_SEGMENTATION,PHASE_5B_CANONICALIZATION,PROVIDER_SEGMENTATION,,131.000;472.000;1468.000;1926.000,2127742.000
wfDgURKw6U5nt33bmej0,2,helmet_on_head,POLYGON,KEEP,CANONICAL_PROVIDER_SEGMENTATION,PHASE_5B_CANONICALIZATION,PROVIDER_SEGMENTATION,,442.000;467.000;815.000;539.000,250637.000
x9uzQ6SwddanWcvV1McI,1,vest_on_body,RLE,KEEP,CANONICAL_PROVIDER_SEGMENTATION,PHASE_5B_CANONICALIZATION,PROVIDER_SEGMENTATION,,1067.000;865.000;72.000;103.000,4616.000
x9uzQ6SwddanWcvV1McI,2,vest_on_body,RLE,KEEP,CANONICAL_PROVIDER_SEGMENTATION,PHASE_5B_CANONICALIZATION,PROVIDER_SEGMENTATION,,1407.000;803.000;61.000;79.000,1965.000
x9uzQ6SwddanWcvV1McI,3,vest_on_body,RLE,KEEP,CANONICAL_PROVIDER_SEGMENTATION,PHASE_5B_CANONICALIZATION,PROVIDER_SEGMENTATION,,594.000;819.000;61.000;107.000,2580.000
x9uzQ6SwddanWcvV1McI,4,vest_on_body,RLE,KEEP,CANONICAL_PROVIDER_SEGMENTATION,PHASE_5B_CANONICALIZATION,PROVIDER_SEGMENTATION,,973.000;743.000;70.000;115.000,4029.000
x9uzQ6SwddanWcvV1McI,5,vest_on_body,RLE,KEEP,CANONICAL_PROVIDER_SEGMENTATION,PHASE_5B_CANONICALIZATION,PROVIDER_SEGMENTATION,,863.000;507.000;47.000;96.000,1976.000
x9uzQ6SwddanWcvV1McI,6,vest_on_body,RLE,KEEP,CANONICAL_PROVIDER_SEGMENTATION,PHASE_5B_CANONICALIZATION,PROVIDER_SEGMENTATION,,979.000;630.000;70.000;87.000,2368.000
x9uzQ6SwddanWcvV1McI,7,vest_on_body,RLE,KEEP,CANONICAL_PROVIDER_SEGMENTATION,PHASE_5B_CANONICALIZATION,PROVIDER_SEGMENTATION,,968.000;230.000;54.000;86.000,3093.000
x9uzQ6SwddanWcvV1McI,A,person,RLE,KEEP,CANONICAL_PROVIDER_SEGMENTATION,PHASE_5B_CANONICALIZATION,PROVIDER_SEGMENTATION,,263.000;982.000;83.000;173.000,9325.000
x9uzQ6SwddanWcvV1McI,B,person,RLE,KEEP,CANONICAL_PROVIDER_SEGMENTATION,PHASE_5B_CANONICALIZATION,PROVIDER_SEGMENTATION,,582.000;719.000;73.000;313.000,11037.000
x9uzQ6SwddanWcvV1McI,C,person,RLE,KEEP,CANONICAL_PROVIDER_SEGMENTATION,PHASE_5B_CANONICALIZATION,PROVIDER_SEGMENTATION,,1375.000;772.000;132.000;260.000,15449.000
x9uzQ6SwddanWcvV1McI,D,person,RLE,KEEP,CANONICAL_PROVIDER_SEGMENTATION,PHASE_5B_CANONICALIZATION,PROVIDER_SEGMENTATION,,53.000;1029.000;109.000;136.000,8347.000
x9uzQ6SwddanWcvV1McI,E,person,RLE,KEEP,CANONICAL_PROVIDER_SEGMENTATION,PHASE_5B_CANONICALIZATION,PROVIDER_SEGMENTATION,,952.000;193.000;92.000;254.000,14223.000
x9uzQ6SwddanWcvV1McI,F,person,RLE,KEEP,CANONICAL_PROVIDER_SEGMENTATION,PHASE_5B_CANONICALIZATION,PROVIDER_SEGMENTATION,,1036.000;821.000;103.000;275.000,13313.000
x9uzQ6SwddanWcvV1McI,G,person,RLE,KEEP,CANONICAL_PROVIDER_SEGMENTATION,PHASE_5B_CANONICALIZATION,PROVIDER_SEGMENTATION,,909.000;706.000;137.000;294.000,17394.000
x9uzQ6SwddanWcvV1McI,H,person,RLE,KEEP,CANONICAL_PROVIDER_SEGMENTATION,PHASE_5B_CANONICALIZATION,PROVIDER_SEGMENTATION,,835.000;476.000;96.000;263.000,14879.000
x9uzQ6SwddanWcvV1McI,I,person,RLE,KEEP,CANONICAL_PROVIDER_SEGMENTATION,PHASE_5B_CANONICALIZATION,PROVIDER_SEGMENTATION,,802.000;0.000;135.000;268.000,15018.000
x9uzQ6SwddanWcvV1McI,J,person,RLE,KEEP,CANONICAL_PROVIDER_SEGMENTATION,PHASE_5B_CANONICALIZATION,PROVIDER_SEGMENTATION,,966.000;587.000;96.000;160.000,8027.000
x9uzQ6SwddanWcvV1McI,K,person,RLE,KEEP,CANONICAL_PROVIDER_SEGMENTATION,PHASE_5B_CANONICALIZATION,PROVIDER_SEGMENTATION,,917.000;1089.000;53.000;60.000,2201.000
x9uzQ6SwddanWcvV1McI,R,helmet_on_head,RLE,KEEP,CANONICAL_PROVIDER_SEGMENTATION,PHASE_5B_CANONICALIZATION,PROVIDER_SEGMENTATION,,979.000;192.000;34.000;38.000,1043.000
x9uzQ6SwddanWcvV1McI,Q,helmet_on_head,RLE,KEEP,CANONICAL_PROVIDER_SEGMENTATION,PHASE_5B_CANONICALIZATION,PROVIDER_SEGMENTATION,,996.000;586.000;25.000;42.000,824.000
x9uzQ6SwddanWcvV1McI,P,helmet_on_head,RLE,KEEP,CANONICAL_PROVIDER_SEGMENTATION,PHASE_5B_CANONICALIZATION,PROVIDER_SEGMENTATION,,950.000;722.000;44.000;43.000,1250.000
x9uzQ6SwddanWcvV1McI,O,helmet_on_head,RLE,KEEP,CANONICAL_PROVIDER_SEGMENTATION,PHASE_5B_CANONICALIZATION,PROVIDER_SEGMENTATION,,852.000;475.000;38.000;42.000,1309.000
x9uzQ6SwddanWcvV1McI,N,helmet_on_head,RLE,KEEP,CANONICAL_PROVIDER_SEGMENTATION,PHASE_5B_CANONICALIZATION,PROVIDER_SEGMENTATION,,917.000;1089.000;38.000;32.000,928.000
x9uzQ6SwddanWcvV1McI,M,helmet_on_head,RLE,KEEP,CANONICAL_PROVIDER_SEGMENTATION,PHASE_5B_CANONICALIZATION,PROVIDER_SEGMENTATION,,1092.000;821.000;44.000;36.000,1293.000
x9uzQ6SwddanWcvV1McI,T,helmet_on_head,POLYGON,KEEP,CANONICAL_PROVIDER_SEGMENTATION,PHASE_5B_CANONICALIZATION,PROVIDER_SEGMENTATION,,1398.000;773.000;33.000;27.000,491.000
x9uzQ6SwddanWcvV1McI,V,helmet_on_head,POLYGON,KEEP,CANONICAL_PROVIDER_SEGMENTATION,PHASE_5B_CANONICALIZATION,PROVIDER_SEGMENTATION,,890.000;0.000;31.000;7.000,132.000
xCsoN8tQQsB259iyGJJD,7,vest_loose,RLE,KEEP,CANONICAL_PROVIDER_SEGMENTATION,PHASE_5B_CANONICALIZATION,PROVIDER_SEGMENTATION,,0.000;141.000;1600.000;2259.000,2250665.000
xEWKVpjbfnBH9kQEaUbB,1,person,RLE,KEEP,CANONICAL_PROVIDER_SEGMENTATION,PHASE_5B_CANONICALIZATION,PROVIDER_SEGMENTATION,,118.000;578.000;72.000;73.000,2722.000
xEWKVpjbfnBH9kQEaUbB,2,person,RLE,KEEP,CANONICAL_PROVIDER_SEGMENTATION,PHASE_5B_CANONICALIZATION,PROVIDER_SEGMENTATION,,1267.000;574.000;59.000;160.000,2794.000
xEWKVpjbfnBH9kQEaUbB,3,person,RLE,KEEP,CANONICAL_PROVIDER_SEGMENTATION,PHASE_5B_CANONICALIZATION,PROVIDER_SEGMENTATION,,1216.000;553.000;30.000;35.000,758.000
xEWKVpjbfnBH9kQEaUbB,4,person,RLE,KEEP,CANONICAL_PROVIDER_SEGMENTATION,PHASE_5B_CANONICALIZATION,PROVIDER_SEGMENTATION,,693.000;581.000;35.000;94.000,1285.000
xEWKVpjbfnBH9kQEaUbB,5,person,RLE,KEEP,CANONICAL_PROVIDER_SEGMENTATION,PHASE_5B_CANONICALIZATION,PROVIDER_SEGMENTATION,,708.000;587.000;61.000;98.000,2601.000
xEWKVpjbfnBH9kQEaUbB,6,person,RLE,KEEP,CANONICAL_PROVIDER_SEGMENTATION,PHASE_5B_CANONICALIZATION,PROVIDER_SEGMENTATION,,1196.000;589.000;89.000;74.000,1264.000
xEWKVpjbfnBH9kQEaUbB,7,person,RLE,KEEP,CANONICAL_PROVIDER_SEGMENTATION,PHASE_5B_CANONICALIZATION,PROVIDER_SEGMENTATION,,492.000;625.000;107.000;153.000,10201.000
xEWKVpjbfnBH9kQEaUbB,8,person,RLE,KEEP,CANONICAL_PROVIDER_SEGMENTATION,PHASE_5B_CANONICALIZATION,PROVIDER_SEGMENTATION,,829.000;605.000;58.000;97.000,2494.000
xEWKVpjbfnBH9kQEaUbB,9,person,RLE,KEEP,CANONICAL_PROVIDER_SEGMENTATION,PHASE_5B_CANONICALIZATION,PROVIDER_SEGMENTATION,,1282.000;574.000;44.000;59.000,1100.000
xEWKVpjbfnBH9kQEaUbB,A,person,RLE,KEEP,CANONICAL_PROVIDER_SEGMENTATION,PHASE_5B_CANONICALIZATION,PROVIDER_SEGMENTATION,,952.000;557.000;54.000;112.000,1665.000
xEWKVpjbfnBH9kQEaUbB,B,person,RLE,KEEP,CANONICAL_PROVIDER_SEGMENTATION,PHASE_5B_CANONICALIZATION,PROVIDER_SEGMENTATION,,383.000;611.000;89.000;140.000,4009.000
xEWKVpjbfnBH9kQEaUbB,C,person,RLE,KEEP,CANONICAL_PROVIDER_SEGMENTATION,PHASE_5B_CANONICALIZATION,PROVIDER_SEGMENTATION,,704.000;581.000;24.000;65.000,784.000
xEWKVpjbfnBH9kQEaUbB,D,person,RLE,KEEP,CANONICAL_PROVIDER_SEGMENTATION,PHASE_5B_CANONICALIZATION,PROVIDER_SEGMENTATION,,1295.000;553.000;13.000;21.000,224.000
xEWKVpjbfnBH9kQEaUbB,E,person,RLE,KEEP,CANONICAL_PROVIDER_SEGMENTATION,PHASE_5B_CANONICALIZATION,PROVIDER_SEGMENTATION,,1308.000;550.000;31.000;49.000,1005.000
xEWKVpjbfnBH9kQEaUbB,F,person,RLE,KEEP,CANONICAL_PROVIDER_SEGMENTATION,PHASE_5B_CANONICALIZATION,PROVIDER_SEGMENTATION,,960.000;557.000;45.000;67.000,1025.000
xEWKVpjbfnBH9kQEaUbB,G,person,RLE,KEEP,CANONICAL_PROVIDER_SEGMENTATION,PHASE_5B_CANONICALIZATION,PROVIDER_SEGMENTATION,,914.000;540.000;35.000;59.000,1413.000
xEWKVpjbfnBH9kQEaUbB,H,person,RLE,KEEP,CANONICAL_PROVIDER_SEGMENTATION,PHASE_5B_CANONICALIZATION,PROVIDER_SEGMENTATION,,1055.000;551.000;37.000;41.000,877.000
xibnPIqURhNVJI3zP0bz,1,vest_on_body,POLYGON,KEEP,CANONICAL_PROVIDER_SEGMENTATION,PHASE_5B_CANONICALIZATION,PROVIDER_SEGMENTATION,,297.000;425.000;321.000;412.000,97556.000
xibnPIqURhNVJI3zP0bz,2,person,POLYGON,KEEP,CANONICAL_PROVIDER_SEGMENTATION,PHASE_5B_CANONICALIZATION,PROVIDER_SEGMENTATION,,292.000;211.000;424.000;1087.000,275620.000
xibnPIqURhNVJI3zP0bz,3,helmet_on_head,POLYGON,KEEP,CANONICAL_PROVIDER_SEGMENTATION,PHASE_5B_CANONICALIZATION,PROVIDER_SEGMENTATION,,379.000;210.000;158.000;101.000,11915.000
xnxssvkuDMAznbmlK9z8,1,person,POLYGON,KEEP,CANONICAL_PROVIDER_SEGMENTATION,PHASE_5B_CANONICALIZATION,PROVIDER_SEGMENTATION,,251.000;132.000;722.000;1166.000,491258.000
xnxssvkuDMAznbmlK9z8,4,vest_on_body,POLYGON,KEEP,CANONICAL_PROVIDER_SEGMENTATION,PHASE_5B_CANONICALIZATION,PROVIDER_SEGMENTATION,,294.000;528.000;558.000;770.000,190245.000
xnxssvkuDMAznbmlK9z8,6,helmet_loose,RLE,KEEP,CANONICAL_PROVIDER_SEGMENTATION,PHASE_5B_CANONICALIZATION,PROVIDER_SEGMENTATION,,513.000;908.000;393.000;392.000,74584.000
xwPbKAjD2vxaff0GdKp1,4,helmet_loose,POLYGON,KEEP,CANONICAL_PROVIDER_SEGMENTATION,PHASE_5B_CANONICALIZATION,PROVIDER_SEGMENTATION,,42.000;146.000;160.000;94.000,11156.000
xwPbKAjD2vxaff0GdKp1,6,helmet_loose,POLYGON,KEEP,CANONICAL_PROVIDER_SEGMENTATION,PHASE_5B_CANONICALIZATION,PROVIDER_SEGMENTATION,,63.000;106.000;151.000;108.000,5627.000
xwPbKAjD2vxaff0GdKp1,8,helmet_loose,POLYGON,KEEP,CANONICAL_PROVIDER_SEGMENTATION,PHASE_5B_CANONICALIZATION,PROVIDER_SEGMENTATION,,268.000;87.000;123.000;89.000,7255.000
xwPbKAjD2vxaff0GdKp1,A,helmet_loose,POLYGON,KEEP,CANONICAL_PROVIDER_SEGMENTATION,PHASE_5B_CANONICALIZATION,PROVIDER_SEGMENTATION,,395.000;92.000;103.000;93.000,4303.000
xwPbKAjD2vxaff0GdKp1,C,helmet_loose,POLYGON,KEEP,CANONICAL_PROVIDER_SEGMENTATION,PHASE_5B_CANONICALIZATION,PROVIDER_SEGMENTATION,,417.000;161.000;88.000;93.000,6419.000
xwPbKAjD2vxaff0GdKp1,E,helmet_loose,POLYGON,KEEP,CANONICAL_PROVIDER_SEGMENTATION,PHASE_5B_CANONICALIZATION,PROVIDER_SEGMENTATION,,265.000;223.000;116.000;96.000,9318.000
xwPbKAjD2vxaff0GdKp1,H,helmet_loose,POLYGON,KEEP,CANONICAL_PROVIDER_SEGMENTATION,PHASE_5B_CANONICALIZATION,PROVIDER_SEGMENTATION,,179.000;221.000;93.000;76.000,4808.000
xwPbKAjD2vxaff0GdKp1,J,helmet_loose,POLYGON,KEEP,CANONICAL_PROVIDER_SEGMENTATION,PHASE_5B_CANONICALIZATION,PROVIDER_SEGMENTATION,,555.000;161.000;122.000;66.000,5764.000
xwPbKAjD2vxaff0GdKp1,L,helmet_loose,POLYGON,KEEP,CANONICAL_PROVIDER_SEGMENTATION,PHASE_5B_CANONICALIZATION,PROVIDER_SEGMENTATION,,801.000;106.000;92.000;119.000,9178.000
xwPbKAjD2vxaff0GdKp1,N,helmet_loose,POLYGON,KEEP,CANONICAL_PROVIDER_SEGMENTATION,PHASE_5B_CANONICALIZATION,PROVIDER_SEGMENTATION,,894.000;152.000;120.000;73.000,7284.000
xwPbKAjD2vxaff0GdKp1,P,helmet_loose,POLYGON,KEEP,CANONICAL_PROVIDER_SEGMENTATION,PHASE_5B_CANONICALIZATION,PROVIDER_SEGMENTATION,,1380.000;129.000;150.000;64.000,6896.000
xwPbKAjD2vxaff0GdKp1,R,helmet_loose,POLYGON,KEEP,CANONICAL_PROVIDER_SEGMENTATION,PHASE_5B_CANONICALIZATION,PROVIDER_SEGMENTATION,,1160.000;139.000;130.000;51.000,4954.000
xwPbKAjD2vxaff0GdKp1,T,helmet_loose,POLYGON,KEEP,CANONICAL_PROVIDER_SEGMENTATION,PHASE_5B_CANONICALIZATION,PROVIDER_SEGMENTATION,,1181.000;411.000;117.000;63.000,5578.000
xwPbKAjD2vxaff0GdKp1,V,helmet_loose,POLYGON,KEEP,CANONICAL_PROVIDER_SEGMENTATION,PHASE_5B_CANONICALIZATION,PROVIDER_SEGMENTATION,,662.000;636.000;108.000;110.000,10012.000
xwPbKAjD2vxaff0GdKp1,X,helmet_loose,POLYGON,KEEP,CANONICAL_PROVIDER_SEGMENTATION,PHASE_5B_CANONICALIZATION,PROVIDER_SEGMENTATION,,555.000;634.000;105.000;116.000,9438.000
xwPbKAjD2vxaff0GdKp1,Z,helmet_loose,POLYGON,KEEP,CANONICAL_PROVIDER_SEGMENTATION,PHASE_5B_CANONICALIZATION,PROVIDER_SEGMENTATION,,273.000;499.000;120.000;90.000,7068.000
xwPbKAjD2vxaff0GdKp1,b,helmet_loose,POLYGON,KEEP,CANONICAL_PROVIDER_SEGMENTATION,PHASE_5B_CANONICALIZATION,PROVIDER_SEGMENTATION,,65.000;598.000;139.000;89.000,8957.000
xwPbKAjD2vxaff0GdKp1,d,helmet_loose,POLYGON,KEEP,CANONICAL_PROVIDER_SEGMENTATION,PHASE_5B_CANONICALIZATION,PROVIDER_SEGMENTATION,,0.000;818.000;121.000;86.000,6710.000
xwPbKAjD2vxaff0GdKp1,f,helmet_loose,POLYGON,KEEP,CANONICAL_PROVIDER_SEGMENTATION,PHASE_5B_CANONICALIZATION,PROVIDER_SEGMENTATION,,139.000;836.000;127.000;121.000,11854.000
xwPbKAjD2vxaff0GdKp1,h,helmet_loose,POLYGON,KEEP,CANONICAL_PROVIDER_SEGMENTATION,PHASE_5B_CANONICALIZATION,PROVIDER_SEGMENTATION,,266.000;797.000;125.000;127.000,12359.000
xwPbKAjD2vxaff0GdKp1,j,helmet_loose,POLYGON,KEEP,CANONICAL_PROVIDER_SEGMENTATION,PHASE_5B_CANONICALIZATION,PROVIDER_SEGMENTATION,,412.000;842.000;93.000;115.000,8277.000
xwPbKAjD2vxaff0GdKp1,l,helmet_loose,POLYGON,KEEP,CANONICAL_PROVIDER_SEGMENTATION,PHASE_5B_CANONICALIZATION,PROVIDER_SEGMENTATION,,366.000;761.000;120.000;96.000,8057.000
xwPbKAjD2vxaff0GdKp1,n,helmet_loose,POLYGON,KEEP,CANONICAL_PROVIDER_SEGMENTATION,PHASE_5B_CANONICALIZATION,PROVIDER_SEGMENTATION,,553.000;853.000;113.000;115.000,11118.000
xwPbKAjD2vxaff0GdKp1,p,helmet_loose,POLYGON,KEEP,CANONICAL_PROVIDER_SEGMENTATION,PHASE_5B_CANONICALIZATION,PROVIDER_SEGMENTATION,,667.000;910.000;101.000;62.000,5822.000
xwPbKAjD2vxaff0GdKp1,r,helmet_loose,POLYGON,KEEP,CANONICAL_PROVIDER_SEGMENTATION,PHASE_5B_CANONICALIZATION,PROVIDER_SEGMENTATION,,640.000;826.000;127.000;95.000,8720.000
xwPbKAjD2vxaff0GdKp1,t,helmet_loose,POLYGON,KEEP,CANONICAL_PROVIDER_SEGMENTATION,PHASE_5B_CANONICALIZATION,PROVIDER_SEGMENTATION,,862.000;780.000;129.000;105.000,10913.000
xwPbKAjD2vxaff0GdKp1,v,helmet_loose,POLYGON,KEEP,CANONICAL_PROVIDER_SEGMENTATION,PHASE_5B_CANONICALIZATION,PROVIDER_SEGMENTATION,,799.000;852.000;81.000;100.000,4718.000
xwPbKAjD2vxaff0GdKp1,x,helmet_loose,POLYGON,KEEP,CANONICAL_PROVIDER_SEGMENTATION,PHASE_5B_CANONICALIZATION,PROVIDER_SEGMENTATION,,808.000;880.000;126.000;92.000,8242.000
xwPbKAjD2vxaff0GdKp1,z,helmet_loose,POLYGON,KEEP,CANONICAL_PROVIDER_SEGMENTATION,PHASE_5B_CANONICALIZATION,PROVIDER_SEGMENTATION,,921.000;884.000;97.000;88.000,6440.000
xwPbKAjD2vxaff0GdKp1,12,helmet_loose,POLYGON,KEEP,CANONICAL_PROVIDER_SEGMENTATION,PHASE_5B_CANONICALIZATION,PROVIDER_SEGMENTATION,,1360.000;905.000;78.000;67.000,3538.000
xwPbKAjD2vxaff0GdKp1,14,helmet_loose,POLYGON,KEEP,CANONICAL_PROVIDER_SEGMENTATION,PHASE_5B_CANONICALIZATION,PROVIDER_SEGMENTATION,,110.000;823.000;69.000;72.000,2855.000
xwPbKAjD2vxaff0GdKp1,16,helmet_loose,POLYGON,KEEP,CANONICAL_PROVIDER_SEGMENTATION,PHASE_5B_CANONICALIZATION,PROVIDER_SEGMENTATION,,8.000;880.000;141.000;92.000,10373.000
xwPbKAjD2vxaff0GdKp1,18,helmet_loose,POLYGON,KEEP,CANONICAL_PROVIDER_SEGMENTATION,PHASE_5B_CANONICALIZATION,PROVIDER_SEGMENTATION,,130.000;952.000;111.000;20.000,1541.000
xwPbKAjD2vxaff0GdKp1,1A,helmet_loose,POLYGON,KEEP,CANONICAL_PROVIDER_SEGMENTATION,PHASE_5B_CANONICALIZATION,PROVIDER_SEGMENTATION,,293.000;592.000;111.000;92.000,7317.000
xwPbKAjD2vxaff0GdKp1,1C,helmet_loose,POLYGON,KEEP,CANONICAL_PROVIDER_SEGMENTATION,PHASE_5B_CANONICALIZATION,PROVIDER_SEGMENTATION,,268.000;185.000;133.000;30.000,2711.000
y3fseRK4akRrTNtrmPfb,1,person,POLYGON,KEEP,CANONICAL_PROVIDER_SEGMENTATION,PHASE_5B_CANONICALIZATION,PROVIDER_SEGMENTATION,,796.000;180.000;577.000;885.000,332073.000
y3fseRK4akRrTNtrmPfb,2,helmet_on_head,POLYGON,KEEP,CANONICAL_PROVIDER_SEGMENTATION,PHASE_5B_CANONICALIZATION,PROVIDER_SEGMENTATION,,934.000;180.000;218.000;161.000,20514.000
y3fseRK4akRrTNtrmPfb,5,vest_on_body,RLE,KEEP,CANONICAL_PROVIDER_SEGMENTATION,PHASE_5B_CANONICALIZATION,PROVIDER_SEGMENTATION,,823.000;487.000;474.000;580.000,117085.000
yE5PdkrjifxbV7QoD5xc,1,person,POLYGON,KEEP,CANONICAL_PROVIDER_SEGMENTATION,PHASE_5B_CANONICALIZATION,PROVIDER_SEGMENTATION,,426.000;154.000;204.000;702.000,65114.000
ySDlICqH087yeYmYSVbI,1,helmet_loose,POLYGON,KEEP,CANONICAL_PROVIDER_SEGMENTATION,PHASE_5B_CANONICALIZATION,PROVIDER_SEGMENTATION,,638.000;634.000;961.000;1062.000,783328.000
ySDlICqH087yeYmYSVbI,2,person,POLYGON,KEEP,CANONICAL_PROVIDER_SEGMENTATION,PHASE_5B_CANONICALIZATION,PROVIDER_SEGMENTATION,,0.000;0.000;800.000;2149.000,995097.000
yeO7WH7v2BmSeIvpsQxr,1,person,RLE,KEEP,CANONICAL_PROVIDER_SEGMENTATION,PHASE_5B_CANONICALIZATION,PROVIDER_SEGMENTATION,,691.000;0.000;909.000;763.000,239237.000
yeO7WH7v2BmSeIvpsQxr,3,helmet_loose,RLE,KEEP,CANONICAL_PROVIDER_SEGMENTATION,PHASE_5B_CANONICALIZATION,PROVIDER_SEGMENTATION,,96.000;356.000;381.000;311.000,82638.000
ymICdUCkVq8IfApx2TvK,1,person,POLYGON,KEEP,CANONICAL_PROVIDER_SEGMENTATION,PHASE_5B_CANONICALIZATION,PROVIDER_SEGMENTATION,,480.000;0.000;598.000;762.000,330651.000
ymICdUCkVq8IfApx2TvK,2,helmet_loose,POLYGON,KEEP,CANONICAL_PROVIDER_SEGMENTATION,PHASE_5B_CANONICALIZATION,PROVIDER_SEGMENTATION,,538.000;231.000;268.000;287.000,57718.000
ywH2LFvRJto6sV68hk5v,1,person,POLYGON,KEEP,CANONICAL_PROVIDER_SEGMENTATION,PHASE_5B_CANONICALIZATION,PROVIDER_SEGMENTATION,,212.000;482.000;430.000;816.000,224795.000
ywH2LFvRJto6sV68hk5v,3,helmet_on_head,POLYGON,KEEP,CANONICAL_PROVIDER_SEGMENTATION,PHASE_5B_CANONICALIZATION,PROVIDER_SEGMENTATION,,372.000;482.000;163.000;122.000,15419.000
ywH2LFvRJto6sV68hk5v,5,vest_on_body,POLYGON,KEEP,CANONICAL_PROVIDER_SEGMENTATION,PHASE_5B_CANONICALIZATION,PROVIDER_SEGMENTATION,,228.000;731.000;193.000;510.000,40951.000
ywH2LFvRJto6sV68hk5v,6,vest_on_body,POLYGON,KEEP,CANONICAL_PROVIDER_SEGMENTATION,PHASE_5B_CANONICALIZATION,PROVIDER_SEGMENTATION,,512.000;777.000;81.000;474.000,8475.000
ywH2LFvRJto6sV68hk5v,7,vest_on_body,POLYGON,KEEP,CANONICAL_PROVIDER_SEGMENTATION,PHASE_5B_CANONICALIZATION,PROVIDER_SEGMENTATION,,219.000;1140.000;9.000;30.000,164.000
yyV4SbiMGeqs0hjR2Nmk,1,person,POLYGON,KEEP,CANONICAL_PROVIDER_SEGMENTATION,PHASE_5B_CANONICALIZATION,PROVIDER_SEGMENTATION,,65.000;155.000;546.000;1143.000,415637.000
yyV4SbiMGeqs0hjR2Nmk,2,vest_on_body,POLYGON,KEEP,CANONICAL_PROVIDER_SEGMENTATION,PHASE_5B_CANONICALIZATION,PROVIDER_SEGMENTATION,,149.000;396.000;398.000;591.000,190719.000
zIjMWx3EGNSbPhJ6eyDE,1,helmet_on_head,POLYGON,KEEP,CANONICAL_PROVIDER_SEGMENTATION,PHASE_5B_CANONICALIZATION,PROVIDER_SEGMENTATION,,703.000;205.000;289.000;319.000,65142.000
zIjMWx3EGNSbPhJ6eyDE,3,vest_on_body,POLYGON,KEEP,CANONICAL_PROVIDER_SEGMENTATION,PHASE_5B_CANONICALIZATION,PROVIDER_SEGMENTATION,,784.000;255.000;646.000;594.000,140265.000
zIjMWx3EGNSbPhJ6eyDE,5,person,POLYGON,KEEP,CANONICAL_PROVIDER_SEGMENTATION,PHASE_5B_CANONICALIZATION,PROVIDER_SEGMENTATION,,701.000;202.000;737.000;800.000,415901.000
zIjMWx3EGNSbPhJ6eyDE,6,person,POLYGON,KEEP,CANONICAL_PROVIDER_SEGMENTATION,PHASE_5B_CANONICALIZATION,PROVIDER_SEGMENTATION,,987.000;987.000;412.000;57.000,16685.000
zIjMWx3EGNSbPhJ6eyDE,7,person,POLYGON,KEEP,CANONICAL_PROVIDER_SEGMENTATION,PHASE_5B_CANONICALIZATION,PROVIDER_SEGMENTATION,,964.000;1088.000;196.000;167.000,26540.000
zIjMWx3EGNSbPhJ6eyDE,8,person,POLYGON,KEEP,CANONICAL_PROVIDER_SEGMENTATION,PHASE_5B_CANONICALIZATION,PROVIDER_SEGMENTATION,,1181.000;1099.000;199.000;156.000,27323.000
zs9Fbr1mSnefWqSSmWcg,3,person,RLE,KEEP,CANONICAL_PROVIDER_SEGMENTATION,PHASE_5B_CANONICALIZATION,PROVIDER_SEGMENTATION,,4.000;0.000;1596.000;2400.000,2953647.000
