image_id,annotation_id,label,geometry_kind,enclosed_bbox,enclosed_mask,area_ratio,relative_image_area,absolute_area_px,container_id,is_v4_addition
0CHrBSJAmY24quC0QSYA,5,person,RLE,0.0,0.0,1.0,0.01085777,25577.0,,False
0CHrBSJAmY24quC0QSYA,4,person,RLE,0.0,0.0,1.0,0.11882418,279907.0,,False
0OEuk7X9WrM64hqQbedA,1,person,POLYGON,0.0,0.0,1.0,0.22707502,534907.0,,False
0OEuk7X9WrM64hqQbedA,2,vest_on_body,POLYGON,0.0,0.0,1.0,0.11055,260416.0,,False
0OEuk7X9WrM64hqQbedA,3,helmet_loose,POLYGON,0.0,0.0,1.0,0.01583731,37307.0,,False
0Orp0pwbiOU0MIg0a28r,3,person,RLE,0.0,0.0,1.0,0.32707061,414562.0,,False
0TCko19jiO1CcXl2vqsd,1,vest_on_body,RLE,0.087962,0.0,0.84223678,0.01303069,22246.0,3,False
0TCko19jiO1CcXl2vqsd,2,vest_on_body,RLE,0.101733,0.0,1.42976129,0.06525715,111407.0,4,False
0TCko19jiO1CcXl2vqsd,3,vest_on_body,RLE,0.094628,0.0,1.18731457,0.01547153,26413.0,1,False
0TCko19jiO1CcXl2vqsd,4,vest_on_body,RLE,0.179487,0.0,0.69941745,0.04564199,77920.0,2,False
0TCko19jiO1CcXl2vqsd,5,person,RLE,0.317141,0.0,1.2074831,0.04499063,76808.0,7,False
0TCko19jiO1CcXl2vqsd,6,person,RLE,0.11225,0.0,1.2471835,0.09396029,160409.0,8,False
0TCko19jiO1CcXl2vqsd,7,person,RLE,0.391304,0.0,0.82816894,0.03725984,63610.0,5,False
0TCko19jiO1CcXl2vqsd,8,person,RLE,0.16568,0.0,0.80180663,0.07533798,128617.0,6,False
0TCko19jiO1CcXl2vqsd,D,helmet_on_head,RLE,0.0,0.0,1.0,0.00254159,4339.0,,False
0TCko19jiO1CcXl2vqsd,C,helmet_on_head,RLE,0.0,0.0,1.0,0.0024549,4191.0,,False
0TCko19jiO1CcXl2vqsd,B,helmet_on_head,RLE,0.0,0.0,1.0,0.00259138,4424.0,,False
0TCko19jiO1CcXl2vqsd,A,helmet_on_head,RLE,0.0,0.0,1.0,0.00347821,5938.0,,False
0ajF0d1eniugei3qRqvl,1,helmet_on_head,POLYGON,0.0,0.0,1.0,0.00616017,14623.0,,False
0ajF0d1eniugei3qRqvl,3,person,POLYGON,0.0,0.0,1.0,0.0757785,179883.0,,False
0ajF0d1eniugei3qRqvl,5,vest_on_body,POLYGON,0.0,0.0,1.0,0.02049836,48659.0,,False
0ajF0d1eniugei3qRqvl,6,vest_on_body,POLYGON,0.0,0.0,1.0,0.00027424,651.0,,True
0ejTKqobP0Z7bG7iS1dF,1,person,POLYGON,0.0,0.0,1.0,0.33950094,579596.0,,False
0ejTKqobP0Z7bG7iS1dF,2,helmet_on_head,POLYGON,0.0,0.0,1.0,0.05620021,95945.0,,False
0ejTKqobP0Z7bG7iS1dF,4,helmet_loose,POLYGON,0.0,0.0,1.0,0.0324467,55393.0,,False
0fMloNWonp8DEQff6L2n,8,person,RLE,0.057692,0.0,0.47375761,0.00486791,18685.0,6,False
0fMloNWonp8DEQff6L2n,7,person,RLE,0.276481,0.0,0.97289554,0.00999661,38371.0,6,False
0fMloNWonp8DEQff6L2n,6,person,RLE,0.20107,0.0,1.02785958,0.01027511,39440.0,7,False
0g77gkQGLuqJIxRBDCMC,1,person,POLYGON,0.0,0.0,1.0,0.01843508,83887.0,,False
0g77gkQGLuqJIxRBDCMC,2,helmet_on_head,POLYGON,0.0,0.0,1.0,0.00315906,14375.0,,False
0sRAfq8grYqMA2xuCHP6,1,vest_on_body,RLE,0.146746,0.0,4.56288728,0.04054534,69219.0,4,False
0sRAfq8grYqMA2xuCHP6,2,vest_on_body,RLE,0.245668,0.0,1.18714568,0.01054885,18009.0,4,False
0sRAfq8grYqMA2xuCHP6,3,vest_on_body,RLE,0.061165,0.0,4.59092676,0.04842901,82678.0,2,False
0sRAfq8grYqMA2xuCHP6,4,vest_on_body,RLE,0.170124,0.0,0.21915948,0.0088859,15170.0,1,False
0sRAfq8grYqMA2xuCHP6,5,person,RLE,0.191032,0.0,2.33524542,0.06080776,103811.0,8,False
0sRAfq8grYqMA2xuCHP6,6,person,RLE,0.850089,5.9e-05,1.13911009,0.02966143,50638.0,8,False
0sRAfq8grYqMA2xuCHP6,7,person,RLE,0.064092,0.0,2.65115131,0.07863695,134249.0,6,False
0sRAfq8grYqMA2xuCHP6,8,person,RLE,0.43662,6.7e-05,0.87787827,0.02603913,44454.0,6,False
0sRAfq8grYqMA2xuCHP6,D,helmet_on_head,RLE,0.0,0.0,1.0,0.00227976,3892.0,,False
0sRAfq8grYqMA2xuCHP6,C,helmet_on_head,RLE,0.0,0.0,1.0,0.00250703,4280.0,,False
0sRAfq8grYqMA2xuCHP6,B,helmet_on_head,RLE,0.0,0.0,1.0,0.00317127,5414.0,,False
0sRAfq8grYqMA2xuCHP6,A,helmet_on_head,RLE,0.0,0.0,1.0,0.00188379,3216.0,,False
0vIelRhK7EUfEcEMkBV0,1,vest_on_body,RLE,0.216667,0.0,6.2169001,0.09394411,160682.0,3,False
0vIelRhK7EUfEcEMkBV0,2,vest_on_body,RLE,0.0,0.0,1.0,0.09421597,161147.0,,False
0vIelRhK7EUfEcEMkBV0,3,vest_on_body,RLE,0.646739,0.0,0.16085187,0.01511109,25846.0,1,False
0vIelRhK7EUfEcEMkBV0,4,helmet_on_head,RLE,0.0,0.0,1.0,0.02297533,39297.0,,False
0vIelRhK7EUfEcEMkBV0,5,helmet_on_head,RLE,0.052713,0.0,4.99987128,0.02271048,38844.0,6,False
0vIelRhK7EUfEcEMkBV0,6,helmet_on_head,RLE,0.279835,0.0,0.20000515,0.00454221,7769.0,5,False
0vIelRhK7EUfEcEMkBV0,7,person,RLE,0.242804,0.0,2.36105316,0.19519411,333860.0,9,False
0vIelRhK7EUfEcEMkBV0,8,person,RLE,0.189471,0.0,2.37816737,0.19660898,336280.0,9,False
0vIelRhK7EUfEcEMkBV0,9,person,RLE,0.232517,0.0,0.42049185,0.08267247,141403.0,8,False
1BVaqcupKpVSmlh5tncK,3,helmet_loose,RLE,0.0,0.0,1.0,0.32245548,550496.0,,False
1XJO4jpZ1EjuFK7M5WzU,1,helmet_loose,POLYGON,0.0,0.0,1.0,0.40243732,687041.0,,False
1dnS0NtMgQN35Eb4GNTe,6,vest_loose,RLE,0.0,0.0,1.0,0.18318533,312734.0,,False
1dnS0NtMgQN35Eb4GNTe,5,vest_loose,RLE,1.0,0.999767,0.62210991,0.04015874,68559.0,4,False
1dnS0NtMgQN35Eb4GNTe,4,vest_loose,RLE,0.684161,0.621965,1.60743301,0.06455248,110204.0,5,False
1zBF8eW6TRm4IBAb3Kwv,1,person,POLYGON,0.0,0.0,1.0,0.0534838,41589.0,,False
1zBF8eW6TRm4IBAb3Kwv,2,person,POLYGON,0.0,0.0,1.0,0.0290625,22599.0,,False
1zBF8eW6TRm4IBAb3Kwv,3,person,POLYGON,0.0,0.0,1.0,0.01522377,11838.0,,False
1zBF8eW6TRm4IBAb3Kwv,4,person,POLYGON,0.0,0.0,1.0,0.04340535,33752.0,,False
2Qh4yEmcE64JRJXTM10C,1,vest_on_body,POLYGON,0.0,0.0,1.0,0.05911394,45967.0,,False
2Qh4yEmcE64JRJXTM10C,2,person,POLYGON,0.0,0.0,1.0,0.13904707,108123.0,,False
2estUvSXu4usdh4plcAm,5,helmet_loose,POLYGON,0.0,0.0,1.0,0.04737406,80877.0,,False
2estUvSXu4usdh4plcAm,8,helmet_on_head,POLYGON,0.0,0.0,1.0,0.01083177,18492.0,,False
2estUvSXu4usdh4plcAm,9,helmet_on_head,POLYGON,0.0,0.0,1.0,0.0138859,23706.0,,False
2estUvSXu4usdh4plcAm,E,vest_on_body,RLE,0.0,0.0,1.0,0.0258757,44175.0,,False
2estUvSXu4usdh4plcAm,D,vest_on_body,RLE,0.0,0.0,1.0,0.01936563,33061.0,,False
2estUvSXu4usdh4plcAm,C,vest_on_body,RLE,0.0,0.0,1.0,0.05903761,100789.0,,False
2estUvSXu4usdh4plcAm,K,person,RLE,0.378283,0.0,0.89954363,0.06777296,115702.0,H,False
2estUvSXu4usdh4plcAm,J,person,RLE,0.977636,0.0,0.32119755,0.05933575,101298.0,G,False
2estUvSXu4usdh4plcAm,I,person,RLE,0.226866,0.0,0.9442832,0.05602976,95654.0,J,False
2estUvSXu4usdh4plcAm,H,person,RLE,0.31213,0.0,1.11167482,0.07534149,128623.0,K,False
2estUvSXu4usdh4plcAm,G,person,RLE,0.238543,0.0,3.11334873,0.1847329,315376.0,J,False
2qD9FzEoqf4Rsihf6kf7,1,person,POLYGON,0.0,0.0,1.0,0.49744388,560669.0,,False
2qD9FzEoqf4Rsihf6kf7,2,vest_on_body,POLYGON,0.0,0.0,1.0,0.21318605,240282.0,,False
35kJU6sOxBnL8qucfgHx,1,person,POLYGON,0.219805,0.000576,1.40582816,0.1260321,215162.0,3,False
35kJU6sOxBnL8qucfgHx,2,helmet_on_head,POLYGON,0.0,0.0,1.0,0.00427015,7290.0,,False
35kJU6sOxBnL8qucfgHx,3,person,POLYGON,0.440088,0.00081,0.71132449,0.08964972,153050.0,1,False
35kJU6sOxBnL8qucfgHx,4,helmet_on_head,POLYGON,0.0,0.0,1.0,0.00556174,9495.0,,False
3INKyAoeOEbPQKuxINbX,1,vest_on_body,RLE,0.0,0.0,1.0,0.14026535,239461.0,,False
3INKyAoeOEbPQKuxINbX,2,vest_on_body,RLE,0.963636,0.957005,0.65681691,0.00205717,3512.0,5,False
3INKyAoeOEbPQKuxINbX,3,vest_on_body,RLE,0.0,0.0,1.0,0.00485532,8289.0,,False
3INKyAoeOEbPQKuxINbX,4,vest_on_body,RLE,0.145294,0.0,1.59007139,0.00560977,9577.0,6,False
3INKyAoeOEbPQKuxINbX,5,vest_on_body,RLE,0.605876,0.628577,1.52249431,0.00313203,5347.0,2,False
3INKyAoeOEbPQKuxINbX,6,vest_on_body,RLE,0.205956,0.0,0.62890258,0.003528,6023.0,4,False
3INKyAoeOEbPQKuxINbX,7,vest_on_body,RLE,0.0,0.0,1.0,0.00378163,6456.0,,False
3INKyAoeOEbPQKuxINbX,8,person,RLE,0.136364,0.005723,0.70347547,0.00501523,8562.0,L,False
3INKyAoeOEbPQKuxINbX,9,person,RLE,0.173315,0.0,0.41634753,0.00630448,10763.0,P,False
3INKyAoeOEbPQKuxINbX,A,person,RLE,0.03552,0.0,21.52751087,0.24934688,425685.0,J,False
3INKyAoeOEbPQKuxINbX,B,person,RLE,0.206612,0.005771,0.78716841,0.00822165,14036.0,F,False
3INKyAoeOEbPQKuxINbX,C,person,RLE,0.0,0.0,1.0,0.00841846,14372.0,,False
3INKyAoeOEbPQKuxINbX,D,person,RLE,0.233259,0.000139,0.81884596,0.00840382,14347.0,I,False
3INKyAoeOEbPQKuxINbX,E,person,RLE,0.033809,0.0,0.82449131,0.00519799,8874.0,9,False
3INKyAoeOEbPQKuxINbX,F,person,RLE,0.317073,0.0,0.81245728,0.01044459,17831.0,O,False
3INKyAoeOEbPQKuxINbX,G,person,RLE,0.22973,9e-05,0.63694995,0.00653702,11160.0,I,False
3INKyAoeOEbPQKuxINbX,H,person,RLE,0.167924,0.002027,0.75134409,0.00491155,8385.0,G,False
3INKyAoeOEbPQKuxINbX,I,person,RLE,0.190359,0.000114,1.22123092,0.010263,17521.0,D,False
3INKyAoeOEbPQKuxINbX,J,person,RLE,1.0,0.0,0.04645219,0.01158271,19774.0,A,False
3INKyAoeOEbPQKuxINbX,K,person,RLE,0.179928,0.004506,0.52365479,0.00792936,13537.0,P,False
3INKyAoeOEbPQKuxINbX,L,person,RLE,0.617978,0.0,0.02859156,0.00712922,12171.0,A,False
3INKyAoeOEbPQKuxINbX,M,person,RLE,0.185714,0.0,0.05349496,0.0133388,22772.0,A,False
3INKyAoeOEbPQKuxINbX,N,person,RLE,0.244898,0.000607,0.67517201,0.00867971,14818.0,O,False
3INKyAoeOEbPQKuxINbX,O,person,RLE,0.234205,0.0,1.23083394,0.01285555,21947.0,F,False
3INKyAoeOEbPQKuxINbX,P,person,RLE,0.109144,0.00236,1.90965502,0.01514234,25851.0,K,False
3LUOWEww9aCx2Cx4B38y,1,person,POLYGON,0.0,0.0,1.0,0.09491127,73803.0,,False
3wdTWWyA3a9YrQ9EfLc9,1,vest_on_body,RLE,0.0,0.0,1.0,0.3044625,1169136.0,,False
3wdTWWyA3a9YrQ9EfLc9,2,helmet_on_head,RLE,0.0,0.0,1.0,0.0944349,362630.0,,False
3wdTWWyA3a9YrQ9EfLc9,3,person,RLE,0.656904,0.0,0.07249262,0.03397578,130467.0,4,False
3wdTWWyA3a9YrQ9EfLc9,4,person,RLE,0.0593,0.0,13.79450742,0.46867917,1799728.0,3,False
4UEcuYsspsOsSV0XYgSR,2,helmet_loose,RLE,0.0,0.0,1.0,0.37144271,634127.0,,False
4XETInqs70Y4H9ry55k3,1,person,POLYGON,0.0,0.0,1.0,0.02898682,35619.0,,False
4XETInqs70Y4H9ry55k3,2,vest_on_body,POLYGON,0.0,0.0,1.0,0.01034831,12716.0,,False
4ajEucaVD61th8hqHdux,1,person,POLYGON,0.0,0.0,1.0,0.05379758,41833.0,,False
4baqXpqm2eXB2CHZWkM9,1,person,RLE,0.0,0.0,1.0,0.00041413,707.0,,False
4baqXpqm2eXB2CHZWkM9,2,person,RLE,0.0,0.0,1.0,0.01764761,30128.0,,False
4baqXpqm2eXB2CHZWkM9,3,person,RLE,0.004753,0.0,9.50944386,0.0106168,18125.0,4,False
4baqXpqm2eXB2CHZWkM9,4,person,RLE,0.088235,0.0,0.10515862,0.00111645,1906.0,3,False
4baqXpqm2eXB2CHZWkM9,5,person,RLE,0.0,0.0,1.0,0.00457357,7808.0,,False
4ezyg6KhKI36ubNpMX1z,1,vest_on_body,RLE,0.0,0.0,1.0,0.02789421,47621.0,,False
4ezyg6KhKI36ubNpMX1z,2,helmet_on_head,RLE,0.0,0.0,1.0,0.00434396,7416.0,,False
4ezyg6KhKI36ubNpMX1z,3,person,RLE,0.0,0.0,1.0,0.05929417,101227.0,,False
5fj7MBBP6mq9NtLfV51m,1,person,POLYGON,0.0,0.0,1.0,0.22628472,175959.0,,False
5fj7MBBP6mq9NtLfV51m,3,vest_on_body,RLE,0.0,0.0,1.0,0.11483539,89296.0,,False
5p4hDwmBcrn3EI04GmlA,1,person,POLYGON,0.0,0.0,1.0,0.63856252,809378.0,,False
5p4hDwmBcrn3EI04GmlA,2,helmet_on_head,POLYGON,0.0,0.0,1.0,0.17416568,220755.0,,False
5p4hDwmBcrn3EI04GmlA,5,vest_on_body,POLYGON,0.0,0.0,1.0,0.10956607,138875.0,,True
5p4hDwmBcrn3EI04GmlA,6,vest_on_body,POLYGON,0.0,0.0,1.0,0.09669507,122561.0,,True
5tvMIxMJkb5Hp9bD8hBw,1,person,POLYGON,0.0,0.0,1.0,0.3731803,290185.0,,False
5xqkoD8kcbQ7JWIll2KF,1,vest_on_body,RLE,0.0,0.0,1.0,0.00137301,2344.0,,False
5xqkoD8kcbQ7JWIll2KF,2,vest_on_body,RLE,0.0,0.0,1.0,0.0012787,2183.0,,False
5xqkoD8kcbQ7JWIll2KF,3,vest_on_body,RLE,0.0,0.0,1.0,0.00124414,2124.0,,False
5xqkoD8kcbQ7JWIll2KF,4,vest_on_body,RLE,0.0,0.0,1.0,0.00090323,1542.0,,False
5xqkoD8kcbQ7JWIll2KF,5,vest_on_body,RLE,0.0,0.0,1.0,0.00143803,2455.0,,False
5xqkoD8kcbQ7JWIll2KF,6,vest_on_body,RLE,0.0,0.0,1.0,0.000987,1685.0,,False
5xqkoD8kcbQ7JWIll2KF,7,vest_on_body,RLE,0.0,0.0,1.0,0.00119494,2040.0,,False
5xqkoD8kcbQ7JWIll2KF,8,person,RLE,0.0,0.0,1.0,0.0004276,730.0,,False
5xqkoD8kcbQ7JWIll2KF,9,person,RLE,0.0,0.0,1.0,0.0033634,5742.0,,False
5xqkoD8kcbQ7JWIll2KF,A,person,RLE,0.0,0.0,1.0,0.00297563,5080.0,,False
5xqkoD8kcbQ7JWIll2KF,B,person,RLE,0.0,0.0,1.0,0.00368498,6291.0,,False
5xqkoD8kcbQ7JWIll2KF,C,person,RLE,0.0,0.0,1.0,0.00435743,7439.0,,False
5xqkoD8kcbQ7JWIll2KF,D,person,RLE,0.0,0.0,1.0,0.00348875,5956.0,,False
5xqkoD8kcbQ7JWIll2KF,E,person,RLE,0.0,0.0,1.0,0.00336985,5753.0,,False
5xqkoD8kcbQ7JWIll2KF,F,person,RLE,0.0,0.0,1.0,0.00266635,4552.0,,False
5xqkoD8kcbQ7JWIll2KF,M,helmet_on_head,RLE,0.0,0.0,1.0,0.00021497,367.0,,False
5xqkoD8kcbQ7JWIll2KF,L,helmet_on_head,RLE,0.0,0.0,1.0,0.00019096,326.0,,False
5xqkoD8kcbQ7JWIll2KF,K,helmet_on_head,RLE,0.0,0.0,1.0,0.00029229,499.0,,False
5xqkoD8kcbQ7JWIll2KF,J,helmet_on_head,RLE,0.0,0.0,1.0,0.00021731,371.0,,False
5xqkoD8kcbQ7JWIll2KF,I,helmet_on_head,RLE,0.0,0.0,1.0,0.0002261,386.0,,False
5xqkoD8kcbQ7JWIll2KF,H,helmet_on_head,RLE,0.0,0.0,1.0,0.0002753,470.0,,False
5xqkoD8kcbQ7JWIll2KF,O,helmet_on_head,POLYGON,0.0,0.0,1.0,0.00012828,219.0,,False
5z8XJfD2gto4gT3gwPAK,1,vest_on_body,RLE,0.0,0.0,1.0,0.07198932,276439.0,,False
5z8XJfD2gto4gT3gwPAK,2,person,RLE,0.192771,0.0,0.08200524,0.01017318,39065.0,3,False
5z8XJfD2gto4gT3gwPAK,3,person,RLE,0.009083,0.0,12.19434276,0.12405521,476372.0,2,False
5z8XJfD2gto4gT3gwPAK,5,helmet_on_head,RLE,0.0,0.0,1.0,0.01755703,67419.0,,False
619mdz3TlcOedTGFv0za,1,person,POLYGON,0.0,0.0,1.0,0.17565604,299880.0,,False
66p9gzaQFGcmQA2v40Of,1,vest_on_body,POLYGON,0.0,0.0,1.0,0.26905421,303251.0,,False
66p9gzaQFGcmQA2v40Of,3,person,RLE,0.0,0.0,1.0,0.3815917,430092.0,,False
6B8gSWbJYQFfVadXSWxT,2,person,RLE,1.0,0.999956,0.87759249,0.01340909,22892.0,4,False
6B8gSWbJYQFfVadXSWxT,3,person,RLE,0.0,0.0,1.0,0.00415066,7086.0,,False
6B8gSWbJYQFfVadXSWxT,4,person,RLE,0.682171,0.0,0.05443232,0.0152794,26085.0,5,False
6B8gSWbJYQFfVadXSWxT,5,person,RLE,0.169,0.0,18.37143952,0.28070466,479219.0,4,False
6R3F7WoZUjSohZEFSgXr,1,person,POLYGON,0.0,0.0,1.0,0.44544065,1485990.0,,False
6ZHpQueANukCh7UeL4s5,1,vest_on_body,RLE,0.0,0.0,1.0,0.01655975,57204.0,,False
6ZHpQueANukCh7UeL4s5,2,person,RLE,0.211442,0.000255,4.03685124,0.03634148,125538.0,3,False
6ZHpQueANukCh7UeL4s5,3,person,RLE,1.0,0.001029,0.24771782,0.00900243,31098.0,2,False
6fMvy2k97BSY0a3P9Fbg,1,person,RLE,1.0,1.0,0.4690518,0.00125176,2137.0,3,False
6fMvy2k97BSY0a3P9Fbg,2,person,RLE,0.848921,0.0,0.03927719,0.00693123,11833.0,5,False
6fMvy2k97BSY0a3P9Fbg,3,person,RLE,1.0,0.0,0.01500372,0.0026687,4556.0,4,False
6fMvy2k97BSY0a3P9Fbg,4,person,RLE,0.264781,0.0,3.54434251,0.17786903,303658.0,6,False
6fMvy2k97BSY0a3P9Fbg,5,person,RLE,0.201256,0.0,25.4600693,0.17646966,301269.0,2,False
6fMvy2k97BSY0a3P9Fbg,6,person,RLE,1.0,0.0,0.28213978,0.05018393,85674.0,4,False
6fMvy2k97BSY0a3P9Fbg,7,person,RLE,0.945392,0.0,0.10267236,0.01811856,30932.0,5,False
6fMvy2k97BSY0a3P9Fbg,8,person,RLE,0.871951,0.003216,0.05676986,0.01001816,17103.0,5,False
6fMvy2k97BSY0a3P9Fbg,9,person,RLE,1.0,0.0,0.01550099,0.00275715,4707.0,4,False
6fMvy2k97BSY0a3P9Fbg,A,person,RLE,0.46114,0.0,0.18012474,0.03178655,54266.0,5,False
6fMvy2k97BSY0a3P9Fbg,B,person,RLE,1.0,0.990236,0.95208316,0.00659911,11266.0,2,False
6hEWEvuUeZhYU514UX1O,2,person,RLE,0.0,0.0,1.0,0.54534089,2094109.0,,False
6hpR44qukoBLy0iFwzip,2,helmet_loose,POLYGON,0.0,0.0,1.0,0.37208205,289331.0,,False
6lWV6Qw0w487DgkyyVX9,1,vest_on_body,POLYGON,0.0,0.0,1.0,0.12764617,143870.0,,False
6lWV6Qw0w487DgkyyVX9,2,person,POLYGON,0.0,0.0,1.0,0.3146074,354594.0,,False
6lWV6Qw0w487DgkyyVX9,3,helmet_on_head,POLYGON,0.0,0.0,1.0,0.02163517,24385.0,,False
6nPmmdeGSmklKpfLZ04I,1,person,POLYGON,0.0,0.0,1.0,0.07244599,56334.0,,False
6nPmmdeGSmklKpfLZ04I,2,vest_on_body,POLYGON,0.0,0.0,1.0,0.01612011,12535.0,,False
6nPmmdeGSmklKpfLZ04I,3,helmet_on_head,POLYGON,0.0,0.0,1.0,0.00472094,3671.0,,False
6wbVR0oBIJ7D6xM1XfYh,2,person,RLE,0.0,0.0,1.0,0.68181768,1606117.0,,False
6wbVR0oBIJ7D6xM1XfYh,4,vest_on_body,RLE,0.0,0.0,1.0,0.36154378,851667.0,,False
6yISFDLTaSrGRErrVKUw,1,helmet_loose,POLYGON,0.040905,0.0,1.1231418,0.00770616,21306.0,5,False
6yISFDLTaSrGRErrVKUw,2,helmet_loose,POLYGON,0.035847,0.010483,1.0866735,0.00652091,18029.0,L,False
6yISFDLTaSrGRErrVKUw,3,helmet_loose,POLYGON,0.108361,0.006821,1.07403014,0.00556749,15393.0,8,False
6yISFDLTaSrGRErrVKUw,4,helmet_loose,POLYGON,0.01707,0.0,0.90827623,0.00623192,17230.0,5,False
6yISFDLTaSrGRErrVKUw,5,helmet_loose,POLYGON,0.045622,0.0,0.89035952,0.00686126,18970.0,1,False
6yISFDLTaSrGRErrVKUw,6,helmet_loose,POLYGON,0.116061,0.016126,1.07523802,0.00502423,13891.0,7,False
6yISFDLTaSrGRErrVKUw,7,helmet_loose,POLYGON,0.123167,0.017339,0.93002664,0.00467267,12919.0,6,False
6yISFDLTaSrGRErrVKUw,8,helmet_loose,POLYGON,0.115695,0.007326,0.93107257,0.00518374,14332.0,3,False
6yISFDLTaSrGRErrVKUw,9,helmet_loose,POLYGON,0.074864,0.009021,1.02260768,0.00569336,15741.0,3,False
6yISFDLTaSrGRErrVKUw,A,helmet_loose,POLYGON,0.015926,0.0,0.88104181,0.00644784,17827.0,E,False
6yISFDLTaSrGRErrVKUw,B,helmet_loose,POLYGON,0.023121,0.000401,0.88600721,0.00631402,17457.0,G,False
6yISFDLTaSrGRErrVKUw,C,helmet_loose,POLYGON,0.11994,0.0,0.96996672,0.00453234,12531.0,7,False
6yISFDLTaSrGRErrVKUw,D,helmet_loose,POLYGON,0.042508,0.0,1.0022904,0.00601454,16629.0,L,False
6yISFDLTaSrGRErrVKUw,E,helmet_loose,POLYGON,0.013706,0.0,1.13501991,0.00731843,20234.0,A,False
6yISFDLTaSrGRErrVKUw,F,helmet_loose,POLYGON,0.049002,0.0,0.97687366,0.0057751,15967.0,N,False
6yISFDLTaSrGRErrVKUw,G,helmet_loose,POLYGON,0.019998,0.000355,1.12865899,0.00712637,19703.0,B,False
6yISFDLTaSrGRErrVKUw,H,helmet_loose,POLYGON,0.064407,0.0,0.9222238,0.00469184,12972.0,R,False
6yISFDLTaSrGRErrVKUw,I,helmet_loose,POLYGON,0.09375,0.0,0.86763105,0.00403501,11156.0,O,False
6yISFDLTaSrGRErrVKUw,J,helmet_loose,POLYGON,0.074485,0.0,0.99000394,0.00454933,12578.0,V,False
6yISFDLTaSrGRErrVKUw,K,helmet_loose,POLYGON,0.078912,0.0,0.88179452,0.00416594,11518.0,W,False
6yISFDLTaSrGRErrVKUw,L,helmet_loose,POLYGON,0.054173,0.000301,1.04979752,0.0060008,16591.0,T,False
6yISFDLTaSrGRErrVKUw,M,helmet_loose,POLYGON,0.089701,0.00775,1.15115615,0.00583406,16130.0,Q,False
6yISFDLTaSrGRErrVKUw,N,helmet_loose,POLYGON,0.048332,0.0,1.02367383,0.00591182,16345.0,F,False
6yISFDLTaSrGRErrVKUw,O,helmet_loose,POLYGON,0.080866,0.0,1.15256364,0.00465061,12858.0,I,False
6yISFDLTaSrGRErrVKUw,P,helmet_loose,POLYGON,0.099229,0.0,1.10271547,0.00506727,14010.0,V,False
6yISFDLTaSrGRErrVKUw,Q,helmet_loose,POLYGON,0.103905,0.008921,0.86869188,0.005068,14012.0,M,False
6yISFDLTaSrGRErrVKUw,R,helmet_loose,POLYGON,0.060447,0.0,1.08433549,0.00508753,14066.0,H,False
6yISFDLTaSrGRErrVKUw,S,helmet_loose,POLYGON,0.06509,0.00594,0.95874462,0.00548032,15152.0,T,False
6yISFDLTaSrGRErrVKUw,T,helmet_loose,POLYGON,0.066438,0.005695,1.04303062,0.00571615,15804.0,S,False
6yISFDLTaSrGRErrVKUw,U,helmet_loose,POLYGON,0.078586,0.0,1.15354966,0.00465459,12869.0,I,False
6yISFDLTaSrGRErrVKUw,V,helmet_loose,POLYGON,0.10512,0.0,0.90685225,0.00459527,12705.0,P,False
6yISFDLTaSrGRErrVKUw,W,helmet_loose,POLYGON,0.06651,0.0,1.13405105,0.00472439,13062.0,K,False
6zcUFRrk82e1KtW3sxk6,1,person,POLYGON,0.0,0.0,1.0,0.43720625,1678872.0,,False
6zcUFRrk82e1KtW3sxk6,2,helmet_on_head,POLYGON,0.0,0.0,1.0,0.05557344,213402.0,,False
70XMYeBZO8t3mAXtu9ke,1,vest_on_body,RLE,0.0,0.0,1.0,0.03182463,54331.0,,False
70XMYeBZO8t3mAXtu9ke,2,person,RLE,0.0,0.0,1.0,0.12297329,209940.0,,False
70XMYeBZO8t3mAXtu9ke,4,helmet_on_head,RLE,0.0,0.0,1.0,0.01141401,19486.0,,False
77sSza06NSDiTCn9F0sb,2,vest_on_body,POLYGON,0.0,0.0,1.0,0.10290534,175680.0,,False
77sSza06NSDiTCn9F0sb,4,helmet_on_head,POLYGON,0.0,0.0,1.0,0.01783271,30444.0,,False
77sSza06NSDiTCn9F0sb,8,person,RLE,0.453441,0.0,0.60934554,0.10998594,187768.0,6,False
77sSza06NSDiTCn9F0sb,7,person,RLE,0.324825,0.0,1.31659814,0.14480729,247215.0,8,False
77sSza06NSDiTCn9F0sb,6,person,RLE,0.232328,0.0,1.64110498,0.18049848,308147.0,8,False
7Qa4QokXVymOY6hvk9CF,1,person,POLYGON,0.0,0.0,1.0,0.2533144,321076.0,,False
7Qa4QokXVymOY6hvk9CF,2,vest_on_body,POLYGON,0.0,0.0,1.0,0.09910138,125611.0,,False
7VMQ21x6vDuAvoY6Ku2F,1,vest_on_body,RLE,0.0,0.0,1.0,0.17144857,292697.0,,False
7VMQ21x6vDuAvoY6Ku2F,2,person,RLE,0.523465,0.0,2.42208923,0.12541179,214103.0,4,False
7VMQ21x6vDuAvoY6Ku2F,3,person,RLE,0.0,0.0,1.0,0.03416589,58328.0,,False
7VMQ21x6vDuAvoY6Ku2F,4,person,RLE,0.894161,0.0,0.4128667,0.05177835,88396.0,2,False
7VMQ21x6vDuAvoY6Ku2F,5,person,RLE,0.068458,0.0,4.92561881,0.25504042,435405.0,4,False
7VMQ21x6vDuAvoY6Ku2F,6,person,RLE,0.0,0.0,1.0,0.03041354,51922.0,,False
7aLiOz0V7KPglydbD5H7,1,person,POLYGON,0.0,0.0,1.0,0.04488578,76629.0,,False
7aLiOz0V7KPglydbD5H7,2,person,POLYGON,0.027097,0.0,1.38857859,0.02985298,50965.0,3,False
7aLiOz0V7KPglydbD5H7,3,person,POLYGON,0.045714,0.0,0.72016089,0.02149895,36703.0,2,False
7aLiOz0V7KPglydbD5H7,4,helmet_on_head,POLYGON,0.0,0.0,1.0,0.00310743,5305.0,,False
7aLiOz0V7KPglydbD5H7,6,helmet_on_head,POLYGON,0.0,0.0,1.0,0.00241682,4126.0,,False
7aLiOz0V7KPglydbD5H7,7,helmet_on_head,POLYGON,0.0,0.0,1.0,0.00268568,4585.0,,False
7aLiOz0V7KPglydbD5H7,E,vest_on_body,RLE,0.0,0.0,1.0,0.00361996,6180.0,,False
7aLiOz0V7KPglydbD5H7,D,vest_on_body,RLE,0.0,0.0,1.0,0.00692479,11822.0,,False
7aLiOz0V7KPglydbD5H7,C,vest_on_body,RLE,0.0,0.0,1.0,0.01052952,17976.0,,False
7fuygdEv6dS4UyQgImYj,1,person,POLYGON,0.0,0.0,1.0,0.02033622,34718.0,,False
7fuygdEv6dS4UyQgImYj,2,person,POLYGON,0.0,0.0,1.0,0.00783388,13374.0,,False
7fuygdEv6dS4UyQgImYj,3,person,POLYGON,0.0,0.0,1.0,0.01074859,18350.0,,False
7fuygdEv6dS4UyQgImYj,4,person,POLYGON,0.0,0.0,1.0,0.00830307,14175.0,,False
7fuygdEv6dS4UyQgImYj,5,vest_on_body,POLYGON,0.0,0.0,1.0,0.00373477,6376.0,,False
7fuygdEv6dS4UyQgImYj,7,vest_on_body,POLYGON,0.0,0.0,1.0,0.00252577,4312.0,,False
84V2JE8FINqroFaJRHRL,1,person,POLYGON,0.199825,0.0,1.32639342,0.10266354,394228.0,4,False
84V2JE8FINqroFaJRHRL,2,vest_on_body,POLYGON,0.33702,0.002099,0.59235611,0.03237396,124316.0,3,False
84V2JE8FINqroFaJRHRL,3,vest_on_body,POLYGON,0.188962,0.001244,1.68817369,0.05465286,209867.0,2,False
84V2JE8FINqroFaJRHRL,4,person,POLYGON,0.298734,0.0,0.75392413,0.07740052,297218.0,1,False
88HbrJU619doTzltW6lx,1,person,RLE,0.820276,0.0,0.13271229,0.02163448,36969.0,3,False
88HbrJU619doTzltW6lx,2,person,RLE,0.514788,0.92349,1.08262562,0.02148525,36714.0,6,False
88HbrJU619doTzltW6lx,3,person,RLE,0.165913,0.0,7.53509697,0.16301791,278565.0,1,False
88HbrJU619doTzltW6lx,4,person,RLE,0.311991,0.0,1.04853695,0.02919066,49881.0,5,False
88HbrJU619doTzltW6lx,5,person,RLE,0.569386,0.0,0.95370983,0.02783942,47572.0,4,False
88HbrJU619doTzltW6lx,6,person,RLE,1.0,0.999794,0.92368034,0.01984551,33912.0,2,False
88HbrJU619doTzltW6lx,7,person,RLE,0.726496,0.0,0.01634089,0.00266386,4552.0,3,False
8ClEJ3kbOB1pz5A9tOlh,9,person,RLE,0.0,0.0,1.0,0.06517977,153295.0,,False
8ClEJ3kbOB1pz5A9tOlh,8,person,RLE,0.0,0.0,1.0,0.00214127,5036.0,,False
8ClEJ3kbOB1pz5A9tOlh,B,vest_on_body,RLE,0.0,0.0,1.0,0.03360886,79044.0,,False
8JoO2wxDSeESnh5SmJpP,1,vest_on_body,RLE,0.079892,0.0,3.86714814,0.18881795,322350.0,3,False
8JoO2wxDSeESnh5SmJpP,2,vest_on_body,RLE,0.0,0.0,1.0,0.08501172,145132.0,,False
8JoO2wxDSeESnh5SmJpP,3,vest_on_body,RLE,0.345631,0.0,0.25858849,0.04882615,83356.0,1,False
8JoO2wxDSeESnh5SmJpP,4,person,RLE,0.590116,0.0,0.25304414,0.10741214,183374.0,9,False
8JoO2wxDSeESnh5SmJpP,5,person,RLE,1.0,0.197101,0.21228671,0.00860649,14693.0,7,False
8JoO2wxDSeESnh5SmJpP,6,person,RLE,0.0,0.0,1.0,0.12053304,205774.0,,False
8JoO2wxDSeESnh5SmJpP,7,person,RLE,0.260932,0.041842,4.71061049,0.04054182,69213.0,5,False
8JoO2wxDSeESnh5SmJpP,8,person,RLE,0.067073,0.0,0.10576923,0.04489691,76648.0,9,False
8JoO2wxDSeESnh5SmJpP,9,person,RLE,0.236873,0.0,3.95187976,0.42447985,724672.0,4,False
8LgvW2srLb751N5SJDxq,1,person,POLYGON,0.0,0.0,1.0,0.4314714,546890.0,,False
8LgvW2srLb751N5SJDxq,2,helmet_on_head,POLYGON,0.0,0.0,1.0,0.03374832,42776.0,,False
8LgvW2srLb751N5SJDxq,4,vest_on_body,POLYGON,0.0,0.0,1.0,0.26509112,336003.0,,False
8NK1Ihm4MCS1gRXK4WzH,1,person,POLYGON,0.0,0.0,1.0,0.20528246,321226.0,,False
8O2JjSJCb1ylJibwosnA,1,person,POLYGON,0.0,0.0,1.0,0.04401401,150211.0,,False
8O2JjSJCb1ylJibwosnA,2,vest_on_body,POLYGON,0.0,0.0,1.0,0.01623887,55420.0,,False
8O2JjSJCb1ylJibwosnA,3,helmet_on_head,POLYGON,0.0,0.0,1.0,0.00242704,8283.0,,False
8Ru4Ji0Klp7qaNJNZXqv,1,vest_on_body,RLE,0.0,0.0,1.0,0.02352443,106895.0,,False
8Ru4Ji0Klp7qaNJNZXqv,2,person,RLE,0.019822,0.0,6.5103179,0.00256888,11673.0,6,False
8Ru4Ji0Klp7qaNJNZXqv,3,person,RLE,0.562863,0.000231,0.30372924,0.02573129,116923.0,5,False
8Ru4Ji0Klp7qaNJNZXqv,4,person,RLE,0.720207,0.0,0.64867477,0.01669124,75845.0,3,False
8Ru4Ji0Klp7qaNJNZXqv,5,person,RLE,0.430279,7e-05,3.29240611,0.08471787,384958.0,3,False
8Ru4Ji0Klp7qaNJNZXqv,6,person,RLE,0.159091,0.0,0.15360233,0.00039459,1793.0,2,False
8kz63cbCBKbeeiebv7po,2,person,RLE,0.0,0.0,1.0,0.67605208,2596040.0,,False
9ImTEhfk6VqdMSI01r6x,3,helmet_loose,RLE,0.0,0.0,1.0,0.11601032,352857.0,,False
9RMi9YBhKa1nLz3ugIma,1,vest_on_body,RLE,0.0,0.0,1.0,0.01373854,52756.0,,False
9RMi9YBhKa1nLz3ugIma,2,person,RLE,0.0,0.0,1.0,0.04869427,186986.0,,False
9T2zKDdtXzGyeq44pjGp,1,person,RLE,0.0078,0.0,1.01038726,0.14248802,547154.0,2,False
9T2zKDdtXzGyeq44pjGp,2,person,RLE,0.00759,0.0,0.98971953,0.14102318,541529.0,1,False
9V8ayqofeUijfaI5tMrr,1,person,POLYGON,0.155457,0.0,0.48455197,0.06716021,114441.0,2,False
9V8ayqofeUijfaI5tMrr,2,person,POLYGON,0.123236,0.0,2.06376211,0.1386027,236179.0,1,False
9V8ayqofeUijfaI5tMrr,3,helmet_on_head,POLYGON,0.0,0.0,1.0,0.01714202,29210.0,,False
9V8ayqofeUijfaI5tMrr,4,helmet_on_head,POLYGON,0.0,0.0,1.0,0.01520833,25915.0,,False
9V8ayqofeUijfaI5tMrr,5,vest_on_body,POLYGON,0.0,0.0,1.0,0.05311561,90509.0,,False
9V8ayqofeUijfaI5tMrr,6,vest_on_body,POLYGON,0.0,0.0,1.0,0.01074824,18315.0,,False
9VzteFV9D5SnmZlhQHfL,1,person,POLYGON,0.0,0.0,1.0,0.09715436,229226.0,,False
9VzteFV9D5SnmZlhQHfL,4,vest_on_body,RLE,0.0,0.0,1.0,0.04543825,107207.0,,False
9jEW0aifcZKM5bRlaCWY,2,helmet_loose,POLYGON,0.007931,0.014851,67.33521657,0.06549494,71510.0,3,False
9jEW0aifcZKM5bRlaCWY,3,helmet_loose,POLYGON,1.0,1.0,0.01485107,0.00097267,1062.0,2,True
9uyGbpRuvoK6FWsiIhGx,1,helmet_on_head,POLYGON,0.0,0.0,1.0,0.00574625,9810.0,,False
9uyGbpRuvoK6FWsiIhGx,2,person,POLYGON,0.0,0.0,1.0,0.09522083,162561.0,,False
9uyGbpRuvoK6FWsiIhGx,3,person,POLYGON,0.0,0.0,1.0,0.00715909,12222.0,,False
9uyGbpRuvoK6FWsiIhGx,5,vest_on_body,RLE,0.0,0.0,1.0,0.0739392,126229.0,,False
9xNY90loilCLVSX84iwp,1,person,POLYGON,0.0,0.0,1.0,0.4755651,1826170.0,,False
9xNY90loilCLVSX84iwp,2,helmet_on_head,POLYGON,0.0,0.0,1.0,0.07586406,291318.0,,False
A2iSTnVfTHioOl73tkQd,1,helmet_on_head,RLE,0.0,0.0,1.0,0.00301875,9660.0,,False
A2iSTnVfTHioOl73tkQd,2,person,RLE,0.500491,0.0,0.28150988,0.00541625,17332.0,4,False
A2iSTnVfTHioOl73tkQd,3,person,RLE,0.393807,0.00887,1.29442649,0.00701094,22435.0,2,False
A2iSTnVfTHioOl73tkQd,4,person,RLE,0.09363,0.0,3.55227325,0.01924,61568.0,2,False
AIAwqRIKtkrSOj8atqNs,1,person,POLYGON,0.0,0.0,1.0,0.09232226,217478.0,,False
AIAwqRIKtkrSOj8atqNs,2,vest_on_body,POLYGON,0.0,0.0,1.0,0.04557403,107356.0,,False
AIAwqRIKtkrSOj8atqNs,3,helmet_on_head,POLYGON,0.0,0.0,1.0,0.00540957,12743.0,,False
Ai3fqVHdn3cSDpuEaa5l,1,person,POLYGON,0.0,0.0,1.0,0.06835872,116702.0,,False
Ai3fqVHdn3cSDpuEaa5l,2,helmet_on_head,POLYGON,0.0,0.0,1.0,0.00555471,9483.0,,False
Ais9TUGiL1MJDTRdjVnE,1,helmet_loose,POLYGON,0.0,0.0,1.0,0.01410345,15896.0,,False
AvvR6iF4C7rqEdb4F2SB,1,person,POLYGON,0.0,0.0,1.0,0.10232039,241030.0,,False
B28mQjiO7iQrGNpLEnKa,1,person,RLE,0.0,0.0,1.0,0.35469311,1360319.0,,False
B28mQjiO7iQrGNpLEnKa,3,helmet_loose,RLE,0.0,0.0,1.0,0.02722048,104396.0,,False
B2QiCIntf9RxLHCBKmVy,1,person,POLYGON,0.022468,0.0,62.05358104,0.1200349,460934.0,4,False
B2QiCIntf9RxLHCBKmVy,2,vest_on_body,POLYGON,0.0,0.0,1.0,0.00944089,36253.0,,False
B2QiCIntf9RxLHCBKmVy,3,helmet_on_head,POLYGON,0.0,0.0,1.0,0.00670495,25747.0,,False
B2QiCIntf9RxLHCBKmVy,4,person,POLYGON,1.0,0.0,0.01611511,0.00193437,7428.0,1,False
B2znvjHzOOKJdNuzNnwo,1,person,POLYGON,0.0,0.0,1.0,0.23193018,261107.0,,False
B2znvjHzOOKJdNuzNnwo,2,helmet_on_head,POLYGON,0.0,0.0,1.0,0.01572126,17699.0,,False
B2znvjHzOOKJdNuzNnwo,3,vest_on_body,POLYGON,0.0,0.0,1.0,0.07658998,86225.0,,False
B809pvlQ32XXT2akrDG5,1,person,POLYGON,0.122942,0.0,0.98898833,0.21011715,358712.0,2,False
B809pvlQ32XXT2akrDG5,2,person,POLYGON,0.084,0.0,1.01113428,0.21245665,362706.0,1,False
BFG4pp4pV1WkTUQUDVvc,1,vest_on_body,POLYGON,0.0,0.0,1.0,0.06830539,76987.0,,False
BFG4pp4pV1WkTUQUDVvc,5,person,RLE,0.0,0.0,1.0,0.18315323,206432.0,,False
BKQc0VOlqhWGIuqGozuK,1,helmet_loose,POLYGON,0.0,0.0,1.0,0.06359843,149815.0,,False
BTDhw7BCTG4sfwnaraKa,1,vest_on_body,RLE,0.0,0.0,1.0,0.14566875,559368.0,,False
BTDhw7BCTG4sfwnaraKa,2,person,RLE,0.0,0.0,1.0,0.23643333,907904.0,,False
BZkvs1U3ZhiNDdJ7EitR,1,helmet_loose,POLYGON,0.0,0.0,1.0,0.19102268,430355.0,,False
BgmyvUGHmaKd9YGpEfYd,1,person,POLYGON,0.0,0.0,1.0,0.18425824,207917.0,,False
BgmyvUGHmaKd9YGpEfYd,2,vest_on_body,POLYGON,0.0,0.0,1.0,0.058933,66500.0,,False
BgmyvUGHmaKd9YGpEfYd,3,helmet_on_head,POLYGON,0.0,0.0,1.0,0.00888337,10024.0,,False
BhdMkBrR1P1zUTVq9DaC,1,person,POLYGON,0.0,0.0,1.0,0.08742233,57405.0,,False
BhdMkBrR1P1zUTVq9DaC,4,helmet_loose,RLE,0.0,0.0,1.0,0.00892727,5862.0,,False
BqslKEg23m8hmDaQGJMo,1,helmet_on_head,POLYGON,0.0,0.0,1.0,0.13710551,308885.0,,False
BqslKEg23m8hmDaQGJMo,2,person,POLYGON,0.0,0.0,1.0,0.39051933,879801.0,,False
BqslKEg23m8hmDaQGJMo,8,vest_on_body,POLYGON,0.0,0.0,1.0,0.04048737,91214.0,,False
BqslKEg23m8hmDaQGJMo,9,vest_on_body,POLYGON,0.0,0.0,1.0,0.01013361,22830.0,,True
BwtdnuFIdhZLIWJuO3BZ,1,person,POLYGON,0.0,0.0,1.0,0.10113051,172650.0,,False
CDbWzCeakwV73xXd2qlq,1,person,POLYGON,0.0,0.0,1.0,0.22156064,249721.0,,False
CDbWzCeakwV73xXd2qlq,2,helmet_on_head,POLYGON,0.0,0.0,1.0,0.01116405,12583.0,,False
CDbWzCeakwV73xXd2qlq,5,vest_on_body,POLYGON,0.036199,0.0,0.47444133,0.02299973,25923.0,7,True
CDbWzCeakwV73xXd2qlq,6,vest_on_body,POLYGON,0.0,0.0,1.0,0.00183568,2069.0,,True
CDbWzCeakwV73xXd2qlq,7,vest_on_body,POLYGON,0.017145,0.0,2.10774216,0.04847751,54639.0,5,True
CDbWzCeakwV73xXd2qlq,8,vest_on_body,POLYGON,0.0,0.0,1.0,0.00832845,9387.0,,True
CF4PPPCAZgulnXoSl3hj,1,person,POLYGON,0.0,0.0,1.0,0.14836979,569740.0,,False
CF4PPPCAZgulnXoSl3hj,2,person,POLYGON,0.0,0.0,1.0,0.15898177,610490.0,,False
CF4PPPCAZgulnXoSl3hj,4,helmet_on_head,POLYGON,0.0,0.0,1.0,0.01032292,39640.0,,False
CF4PPPCAZgulnXoSl3hj,5,helmet_on_head,POLYGON,0.0,0.0,1.0,0.01334583,51248.0,,False
CF4PPPCAZgulnXoSl3hj,8,vest_on_body,RLE,0.0,0.0,1.0,0.09048333,347456.0,,False
CF4PPPCAZgulnXoSl3hj,7,vest_on_body,RLE,0.0,0.0,1.0,0.06257448,240286.0,,False
CGks86YYT3ldFKEyDmBe,1,person,POLYGON,0.0,0.0,1.0,0.33979887,371006.0,,False
CM5yr8YHsaaoIdidqtnU,1,vest_on_body,POLYGON,0.0,0.0,1.0,0.0070126,5453.0,,False
CM5yr8YHsaaoIdidqtnU,3,person,RLE,0.0,0.0,1.0,0.0115445,8977.0,,False
CSJxc0owYRXzhKLvpTQ9,1,person,POLYGON,0.0,0.0,1.0,0.27694353,472798.0,,False
CVIS4alNHovwaIjoYMxe,1,person,POLYGON,0.0,0.0,1.0,0.04680069,67393.0,,False
Cd1T5uyp8ZPWDdHbg0nr,1,person,RLE,0.536961,0.0,1.29411741,0.20238944,316699.0,3,False
Cd1T5uyp8ZPWDdHbg0nr,2,person,RLE,0.129969,0.0,0.70886206,0.11869951,185741.0,4,False
Cd1T5uyp8ZPWDdHbg0nr,3,person,RLE,0.889925,0.0,0.77272742,0.15639187,244722.0,1,False
Cd1T5uyp8ZPWDdHbg0nr,4,person,RLE,0.126823,0.0,1.07071289,0.16745079,262027.0,3,False
CoVIro6CIADvOn5LnoQw,1,person,POLYGON,0.0,0.0,1.0,0.85791458,3294392.0,,False
CoVIro6CIADvOn5LnoQw,4,helmet_on_head,RLE,0.0,0.0,1.0,0.16327526,626977.0,,False
D2TlRBeF3Z3XnwTXgwdf,1,vest_on_body,RLE,0.017173,0.0,1.69875468,0.06512125,111175.0,2,False
D2TlRBeF3Z3XnwTXgwdf,2,vest_on_body,RLE,0.027694,0.0,0.58866652,0.0383347,65445.0,1,False
D2TlRBeF3Z3XnwTXgwdf,3,person,RLE,0.056978,0.0,1.3439228,0.08883493,151659.0,4,False
D2TlRBeF3Z3XnwTXgwdf,4,person,RLE,0.084592,0.0,0.74409036,0.06610122,112848.0,3,False
D2TlRBeF3Z3XnwTXgwdf,8,helmet_on_head,POLYGON,0.0,0.0,1.0,0.01000527,17081.0,,False
D2TlRBeF3Z3XnwTXgwdf,9,helmet_on_head,POLYGON,0.0,0.0,1.0,0.01217959,20793.0,,False
DErEbvqFZXpWqvCNQa9N,1,person,POLYGON,0.0,0.0,1.0,0.1440901,469849.0,,False
DErEbvqFZXpWqvCNQa9N,2,helmet_on_head,POLYGON,0.0,0.0,1.0,0.01076055,35088.0,,False
DOt8L8n8BNwvRpo1BFy7,5,person,RLE,0.0,0.0,1.0,0.00939167,13524.0,,False
DOt8L8n8BNwvRpo1BFy7,4,person,RLE,0.0,0.0,1.0,0.01314375,18927.0,,False
DQK6LrJqCXecgKPqH5UV,1,person,POLYGON,0.0,0.0,1.0,0.16777993,285897.0,,False
DQK6LrJqCXecgKPqH5UV,2,helmet_on_head,POLYGON,0.0,0.0,1.0,0.00590669,10065.0,,False
DRtY5eg2m6BkQJHYfMJy,1,person,POLYGON,0.0,0.0,1.0,0.10278233,175470.0,,False
DRtY5eg2m6BkQJHYfMJy,2,helmet_on_head,POLYGON,0.0,0.0,1.0,0.00387535,6616.0,,False
DY7f9eSSIqF3cejIv59H,1,person,RLE,0.012692,0.0,1.60058591,0.04064374,69387.0,2,False
DY7f9eSSIqF3cejIv59H,2,person,RLE,0.028213,0.0,0.62477121,0.02539304,43351.0,1,False
DY7f9eSSIqF3cejIv59H,3,person,RLE,0.953728,0.0,0.21440446,0.01911317,32630.0,4,False
DY7f9eSSIqF3cejIv59H,4,person,RLE,0.138911,0.0,4.66408213,0.08914538,152189.0,3,False
DY7f9eSSIqF3cejIv59H,5,person,RLE,0.0,0.0,1.0,0.01500234,25612.0,,False
DY7f9eSSIqF3cejIv59H,6,person,RLE,0.10757,0.0,0.19088765,0.01701675,29051.0,4,False
DcP4LlxYQwLImU646IZ7,1,person,POLYGON,0.0,0.0,1.0,0.02433822,40657.0,,False
DcP4LlxYQwLImU646IZ7,2,helmet_on_head,POLYGON,0.0,0.0,1.0,0.0009123,1524.0,,False
DcP4LlxYQwLImU646IZ7,3,vest_on_body,POLYGON,0.0,0.0,1.0,0.00285962,4777.0,,False
DcP4LlxYQwLImU646IZ7,4,vest_on_body,POLYGON,0.0,0.0,1.0,0.00124035,2072.0,,False
Df656VZ1wmrTjmmkqq3j,1,person,POLYGON,0.0,0.0,1.0,0.30613375,979628.0,,False
DiZN18wef1vuHh6pVvtI,2,helmet_loose,POLYGON,0.0,0.0,1.0,0.02484148,84779.0,,False
Dl8EqAh6dPQw7Dq34TlH,1,helmet_loose,POLYGON,0.0,0.0,1.0,0.16376194,150923.0,,False
Dl8EqAh6dPQw7Dq34TlH,2,vest_on_body,POLYGON,0.0,0.0,1.0,0.17379123,160166.0,,False
Dl8EqAh6dPQw7Dq34TlH,4,person,RLE,0.0,0.0,1.0,0.18999349,175098.0,,False
Dny3q3vJmCFOBIzhGir1,1,person,POLYGON,0.0,0.0,1.0,0.2753989,470161.0,,False
Dny3q3vJmCFOBIzhGir1,2,helmet_on_head,POLYGON,0.0,0.0,1.0,0.09805822,167405.0,,False
EMcfZIuO2gmvi4krBUxS,7,person,POLYGON,0.0,0.0,1.0,0.07060833,77093.0,,True
EMcfZIuO2gmvi4krBUxS,6,person,POLYGON,0.0,0.0,1.0,0.01712705,18700.0,,True
EMcfZIuO2gmvi4krBUxS,8,vest_on_body,POLYGON,0.0,0.0,1.0,0.01150993,12567.0,,True
EMcfZIuO2gmvi4krBUxS,9,vest_on_body,POLYGON,0.0,0.0,1.0,0.02683635,29301.0,,False
EMcfZIuO2gmvi4krBUxS,B,helmet_on_head,POLYGON,0.0,0.0,1.0,0.00386595,4221.0,,False
EdR5Rau43iqKaPKbjsHM,1,person,POLYGON,0.0,0.0,1.0,0.6035503,765000.0,,False
EdR5Rau43iqKaPKbjsHM,4,vest_on_body,RLE,0.0,0.0,1.0,0.37942643,480923.0,,False
F75mTbxKUV3DbBpuTvZq,1,vest_on_body,RLE,0.0,0.0,1.0,0.01412146,23950.0,,False
F75mTbxKUV3DbBpuTvZq,2,helmet_on_head,RLE,0.0,0.0,1.0,0.07261675,123158.0,,False
F75mTbxKUV3DbBpuTvZq,3,person,RLE,0.315076,0.0,0.56134623,0.14770224,250503.0,4,False
F75mTbxKUV3DbBpuTvZq,4,person,RLE,0.109001,0.0,1.78143176,0.26312146,446254.0,3,False
F9BUOPsajE69txpyePoP,1,vest_on_body,RLE,0.0,0.0,1.0,0.12220096,208817.0,,False
F9BUOPsajE69txpyePoP,2,vest_on_body,RLE,0.0,0.0,1.0,0.12742802,217749.0,,False
F9BUOPsajE69txpyePoP,3,person,RLE,0.199195,0.0,1.02923158,0.25896184,442514.0,4,False
F9BUOPsajE69txpyePoP,4,person,RLE,0.246269,0.0,0.97159864,0.25160698,429946.0,3,False
F9BUOPsajE69txpyePoP,6,helmet_loose,RLE,0.0,0.0,1.0,0.03799508,64926.0,,False
FBzxttXYsNSZKcVNofUI,1,person,POLYGON,0.0,0.0,1.0,0.05700874,44330.0,,False
FBzxttXYsNSZKcVNofUI,2,person,POLYGON,0.0,0.0,1.0,0.05569573,43309.0,,False
FBzxttXYsNSZKcVNofUI,3,person,POLYGON,0.0,0.0,1.0,0.05865741,45612.0,,False
FbZqQM7gZbTKYNSbQPNc,1,vest_on_body,RLE,0.0,0.0,1.0,0.02882865,110702.0,,False
FbZqQM7gZbTKYNSbQPNc,2,vest_on_body,RLE,0.0,0.0,1.0,0.03718385,142786.0,,False
FbZqQM7gZbTKYNSbQPNc,3,helmet_on_head,RLE,0.0,0.0,1.0,0.00328203,12603.0,,False
FbZqQM7gZbTKYNSbQPNc,4,helmet_on_head,RLE,0.0,0.0,1.0,0.00439792,16888.0,,False
FbZqQM7gZbTKYNSbQPNc,5,person,RLE,0.241637,0.0,0.85666608,0.08288802,318290.0,7,False
FbZqQM7gZbTKYNSbQPNc,6,person,RLE,0.922078,0.0,0.07015839,0.00678828,26067.0,7,False
FbZqQM7gZbTKYNSbQPNc,7,person,RLE,0.162791,0.0,1.16731597,0.09675651,371545.0,5,False
FbZqQM7gZbTKYNSbQPNc,8,person,RLE,1.0,0.00053,0.10658736,0.01031302,39602.0,7,False
FbZqQM7gZbTKYNSbQPNc,9,person,RLE,1.0,0.012509,0.066807,0.0055375,21264.0,5,False
Fclex3JhZn6KA5UzhPqs,1,person,POLYGON,0.0,0.0,1.0,0.30881771,1185860.0,,False
Fclex3JhZn6KA5UzhPqs,2,vest_on_body,POLYGON,0.0,0.0,1.0,0.09534167,366112.0,,False
Fclex3JhZn6KA5UzhPqs,3,helmet_loose,POLYGON,0.0,0.0,1.0,0.02135469,82002.0,,False
FdDCioACvsve0FOYsuw2,4,vest_on_body,RLE,0.0,0.0,1.0,0.07241756,170862.0,,False
FdDCioACvsve0FOYsuw2,6,person,RLE,0.0,0.0,1.0,0.14717386,347242.0,,False
FnmvDGwRQ2lAaLFhuOWQ,1,person,POLYGON,0.0,0.0,1.0,0.4228915,722637.0,,False
FnmvDGwRQ2lAaLFhuOWQ,2,helmet_on_head,POLYGON,0.0,0.0,1.0,0.05390157,92107.0,,False
Foo1oq3oHF7pBhTWKpnL,1,person,POLYGON,0.0,0.0,1.0,0.49001815,621098.0,,False
Foo1oq3oHF7pBhTWKpnL,2,vest_on_body,POLYGON,0.0,0.0,1.0,0.29627061,375523.0,,False
Foo1oq3oHF7pBhTWKpnL,3,helmet_loose,POLYGON,0.0,0.0,1.0,0.07153452,90670.0,,False
FxSzogHP5qjTmbBVRQ5K,1,person,POLYGON,0.048768,0.0,5.20790574,0.13372549,150722.0,2,False
FxSzogHP5qjTmbBVRQ5K,2,person,POLYGON,0.373893,0.0,0.19201576,0.0256774,28941.0,1,False
FxSzogHP5qjTmbBVRQ5K,3,vest_on_body,POLYGON,0.0,0.0,1.0,0.04297667,48439.0,,False
FyyZcyYXsPHz2XgfCwAs,1,person,POLYGON,0.0,0.0,1.0,0.01975703,75867.0,,False
FyyZcyYXsPHz2XgfCwAs,2,helmet_on_head,POLYGON,0.0,0.0,1.0,0.00110208,4232.0,,False
FyyZcyYXsPHz2XgfCwAs,3,vest_on_body,POLYGON,0.0,0.0,1.0,0.00909479,34924.0,,False
G4gekWExHFiC5oxkqJg6,1,person,RLE,0.0,0.0,1.0,0.01926019,32881.0,,False
G4gekWExHFiC5oxkqJg6,2,person,RLE,0.232266,0.0,0.53020167,0.07595127,129664.0,5,False
G4gekWExHFiC5oxkqJg6,3,person,RLE,0.822482,0.0,0.28302311,0.04054299,69215.0,5,False
G4gekWExHFiC5oxkqJg6,4,person,RLE,0.504,0.003348,0.30410137,0.02309688,39431.0,2,False
G4gekWExHFiC5oxkqJg6,5,person,RLE,0.168064,0.0,3.53328036,0.14324977,244556.0,3,False
G4gekWExHFiC5oxkqJg6,6,person,RLE,0.546667,0.0,0.20529449,0.02940839,50206.0,5,False
G6t1yK9gNn0LIS4hbciD,1,person,POLYGON,0.0,0.0,1.0,0.3965997,677075.0,,False
G6t1yK9gNn0LIS4hbciD,2,vest_on_body,POLYGON,0.0,0.0,1.0,0.12692713,216690.0,,False
GAAQsDQ6cH9YB5cJ6aHb,1,vest_on_body,RLE,0.0,0.0,1.0,0.01805002,30815.0,,False
GAAQsDQ6cH9YB5cJ6aHb,2,helmet_on_head,RLE,0.0,0.0,1.0,0.00945759,16146.0,,False
GAAQsDQ6cH9YB5cJ6aHb,3,person,RLE,0.0,0.0,1.0,0.09908388,169156.0,,False
GF2RQ1mpGBJzlTjKoCHR,1,vest_on_body,RLE,0.0,0.0,1.0,0.04994787,85271.0,,False
GF2RQ1mpGBJzlTjKoCHR,2,vest_on_body,RLE,0.0,0.0,1.0,0.07999473,136567.0,,False
GF2RQ1mpGBJzlTjKoCHR,3,helmet_on_head,RLE,0.0,0.0,1.0,0.02926195,49956.0,,False
GF2RQ1mpGBJzlTjKoCHR,4,helmet_on_head,RLE,0.0,0.0,1.0,0.0266735,45537.0,,False
GF2RQ1mpGBJzlTjKoCHR,5,person,RLE,0.0,0.0,1.0,0.20245314,345628.0,,False
GF2RQ1mpGBJzlTjKoCHR,6,person,RLE,0.0,0.0,1.0,0.25086457,428276.0,,False
GI3xss1sRRS18wHohAkx,1,person,POLYGON,0.0,0.0,1.0,0.11451436,129218.0,,False
GI3xss1sRRS18wHohAkx,2,vest_on_body,POLYGON,0.0,0.0,1.0,0.03029599,34186.0,,False
GKGcxwlCacsz6brHHLRV,1,helmet_loose,POLYGON,0.0,0.0,1.0,0.22083907,846962.0,,False
Gbgzj50ZzCdiYvoAOmpo,1,vest_on_body,POLYGON,0.0,0.0,1.0,0.10450157,246561.0,,False
Gbgzj50ZzCdiYvoAOmpo,2,person,POLYGON,0.0,0.0,1.0,0.20691828,488203.0,,False
GgFocHO8SbtIBUGEFc8E,2,person,RLE,0.0,0.0,1.0,0.02133138,26212.0,,False
GpEW4sBKjwFabVZSUq2b,2,helmet_on_head,POLYGON,0.0,0.0,1.0,0.01675365,64334.0,,False
GpEW4sBKjwFabVZSUq2b,3,helmet_on_head,POLYGON,0.0,0.0,1.0,0.01336406,51318.0,,False
GpEW4sBKjwFabVZSUq2b,7,person,RLE,0.009275,0.0,1.13209957,0.19782526,759649.0,6,False
GpEW4sBKjwFabVZSUq2b,6,person,RLE,0.011129,0.0,0.88331453,0.17474193,671009.0,7,False
GpEW4sBKjwFabVZSUq2b,A,vest_on_body,RLE,0.0,0.0,1.0,0.10965885,421090.0,,False
GpEW4sBKjwFabVZSUq2b,9,vest_on_body,RLE,0.0,0.0,1.0,0.11349427,435818.0,,False
Gu6rHBgSwUF5mwFa6lfI,1,person,POLYGON,0.0,0.0,1.0,0.03030217,71381.0,,False
H6Qo9zKVlWVMqPD3713Z,2,person,POLYGON,0.0,0.0,1.0,0.00097204,2350.0,,False
HKL8h8X9rHt0XCXlAVNL,1,vest_on_body,RLE,0.0,0.0,1.0,0.08771887,149894.0,,False
HKL8h8X9rHt0XCXlAVNL,2,person,RLE,0.0,0.0,1.0,0.21109258,360715.0,,False
HKL8h8X9rHt0XCXlAVNL,4,helmet_on_head,RLE,0.0,0.0,1.0,0.01307292,22339.0,,False
HQnZU6tMxbfwgxWzc8mt,1,helmet_loose,POLYGON,0.0,0.0,1.0,0.05758083,98302.0,,False
HU0eUY9BAn3Cnsxt7y4r,1,person,POLYGON,0.0,0.0,1.0,0.03741573,88138.0,,False
HY3Mq3OzeaAt6PXtTxKq,1,person,POLYGON,0.0,0.0,1.0,0.39130606,704977.0,,False
HY3Mq3OzeaAt6PXtTxKq,5,helmet_loose,POLYGON,0.0,0.0,1.0,0.06800344,122515.0,,False
HYb9stwdqDCKBBrTeTLe,1,vest_on_body,RLE,0.0,0.0,1.0,0.10433048,178113.0,,False
HYb9stwdqDCKBBrTeTLe,2,person,RLE,0.0,0.0,1.0,0.24331596,415389.0,,False
HYb9stwdqDCKBBrTeTLe,4,helmet_on_head,RLE,0.0,0.0,1.0,0.05205658,88871.0,,False
HYomb2CyhaWUoXglExmz,1,vest_on_body,RLE,0.320284,0.0,2.34761873,0.10351277,176717.0,3,False
HYomb2CyhaWUoXglExmz,2,vest_on_body,RLE,0.384273,2.2e-05,1.84108934,0.08117854,138588.0,3,False
HYomb2CyhaWUoXglExmz,3,vest_on_body,RLE,0.256684,4e-05,0.54315669,0.04409267,75275.0,2,False
HYomb2CyhaWUoXglExmz,4,vest_on_body,RLE,0.674074,0.0,0.3396081,0.01497423,25564.0,3,False
HYomb2CyhaWUoXglExmz,5,person,RLE,0.325923,0.0,1.76263509,0.1376687,235028.0,8,False
HYomb2CyhaWUoXglExmz,6,person,RLE,0.577636,0.0,1.58104531,0.12348582,210815.0,8,False
HYomb2CyhaWUoXglExmz,7,person,RLE,0.913753,0.0,0.36728189,0.02868615,48973.0,8,False
HYomb2CyhaWUoXglExmz,8,person,RLE,0.330435,0.0,0.63249294,0.07810391,133339.0,6,False
HYomb2CyhaWUoXglExmz,D,helmet_on_head,RLE,0.2961,0.000527,0.34018541,0.00444939,7596.0,C,False
HYomb2CyhaWUoXglExmz,C,helmet_on_head,RLE,0.09635,0.000179,2.93957346,0.01307931,22329.0,D,False
HYomb2CyhaWUoXglExmz,B,helmet_on_head,RLE,0.0,0.0,1.0,0.01676078,28614.0,,False
HYomb2CyhaWUoXglExmz,A,helmet_on_head,RLE,0.0,0.0,1.0,0.00780635,13327.0,,False
HvvG43BEgtvO5Az8qBX5,1,person,POLYGON,0.156994,8.7e-05,1.01132604,0.12819529,218855.0,6,False
HvvG43BEgtvO5Az8qBX5,2,person,POLYGON,0.358384,0.0,2.00918652,0.25468369,434796.0,6,False
HvvG43BEgtvO5Az8qBX5,3,helmet_on_head,POLYGON,0.0,0.0,1.0,0.02893217,49393.0,,False
HvvG43BEgtvO5Az8qBX5,4,helmet_on_head,POLYGON,0.015611,0.0,0.77967139,0.02387652,40762.0,7,False
HvvG43BEgtvO5Az8qBX5,6,person,POLYGON,0.583596,0.0,0.49771387,0.12675961,216404.0,2,False
HvvG43BEgtvO5Az8qBX5,7,helmet_on_head,POLYGON,0.011296,0.0,1.28259163,0.03062383,52281.0,4,False
HvvG43BEgtvO5Az8qBX5,9,helmet_on_head,POLYGON,0.0,0.0,1.0,0.01541647,26319.0,,False
HvvG43BEgtvO5Az8qBX5,F,vest_on_body,RLE,0.258597,0.0,0.72469321,0.06835344,116693.0,E,False
HvvG43BEgtvO5Az8qBX5,E,vest_on_body,RLE,0.222961,0.0,1.37989425,0.09432052,161024.0,F,False
HvvG43BEgtvO5Az8qBX5,D,vest_on_body,RLE,0.1862,0.0,0.91161566,0.08598407,146792.0,E,False
HvvG43BEgtvO5Az8qBX5,C,vest_on_body,RLE,0.134512,0.0,1.70292991,0.11640112,198720.0,F,False
HwlufkrcXA9g8e3aNCm5,B,helmet_loose,RLE,0.366923,0.0,0.63203525,0.05065104,194500.0,A,False
HwlufkrcXA9g8e3aNCm5,A,helmet_loose,RLE,0.284672,0.0,1.58219023,0.08013958,307736.0,B,False
HwlufkrcXA9g8e3aNCm5,9,helmet_loose,RLE,0.406103,0.000104,0.73979949,0.03747161,143891.0,B,False
HwlufkrcXA9g8e3aNCm5,8,helmet_loose,RLE,0.401557,0.0,0.7349174,0.02753854,105748.0,9,False
HwlufkrcXA9g8e3aNCm5,V,vest_loose,POLYGON,0.11295,0.0,2.97418698,0.22134922,849981.0,b,False
HwlufkrcXA9g8e3aNCm5,X,vest_loose,POLYGON,0.872878,0.009965,0.21522869,0.02048932,78679.0,Z,False
HwlufkrcXA9g8e3aNCm5,Z,vest_loose,POLYGON,0.314269,0.002145,4.64622072,0.09519792,365560.0,X,False
HwlufkrcXA9g8e3aNCm5,b,vest_loose,POLYGON,0.270492,0.0,0.33622634,0.07442344,285786.0,V,False
IGdAVWEbTKrgM8llrZbm,1,person,POLYGON,0.0,0.0,1.0,0.47006791,1059016.0,,False
IGdAVWEbTKrgM8llrZbm,2,vest_on_body,POLYGON,0.0,0.0,1.0,0.18171779,409392.0,,False
IGdAVWEbTKrgM8llrZbm,3,helmet_on_head,POLYGON,0.0,0.0,1.0,0.07083492,159584.0,,False
IUKDvF2wZjRXWHNvujtd,1,person,POLYGON,0.077036,0.0,1.02268962,0.04774922,122238.0,2,False
IUKDvF2wZjRXWHNvujtd,2,person,POLYGON,0.07439,0.0,0.97781377,0.04668984,119526.0,1,False
IUKDvF2wZjRXWHNvujtd,7,vest_on_body,RLE,0.101301,0.001558,1.73243365,0.00752187,19256.0,6,False
IUKDvF2wZjRXWHNvujtd,6,vest_on_body,RLE,0.094426,0.002699,0.57722268,0.0043418,11115.0,7,False
IdQmnhilWUB8CW2LFhdD,2,helmet_loose,RLE,0.0,0.0,1.0,0.10023782,171126.0,,False
IdlpHmd45MACc3eXTRqN,1,person,POLYGON,0.0,0.0,1.0,0.22645254,478381.0,,False
IxZ3C1K7vs4I43UcFG63,2,helmet_on_head,POLYGON,0.0,0.0,1.0,0.00323762,5491.0,,False
IxZ3C1K7vs4I43UcFG63,5,helmet_on_head,POLYGON,0.0,0.0,1.0,0.00349351,5925.0,,False
IxZ3C1K7vs4I43UcFG63,6,helmet_on_head,POLYGON,0.0,0.0,1.0,0.00216509,3672.0,,False
IxZ3C1K7vs4I43UcFG63,7,helmet_on_head,POLYGON,0.0,0.0,1.0,0.00126002,2137.0,,False
IxZ3C1K7vs4I43UcFG63,F,person,RLE,0.0,0.0,1.0,0.00396462,6724.0,,False
IxZ3C1K7vs4I43UcFG63,E,person,RLE,0.0,0.0,1.0,0.06796167,115263.0,,False
IxZ3C1K7vs4I43UcFG63,D,person,RLE,0.755435,0.000352,0.64167043,0.03352123,56852.0,B,False
IxZ3C1K7vs4I43UcFG63,C,person,RLE,0.0,0.0,1.0,0.00370873,6290.0,,False
IxZ3C1K7vs4I43UcFG63,B,person,RLE,0.369699,0.000226,1.55843242,0.05224057,88600.0,D,False
IxZ3C1K7vs4I43UcFG63,A,person,RLE,0.0,0.0,1.0,0.00206014,3494.0,,False
IxZ3C1K7vs4I43UcFG63,9,person,RLE,0.0,0.0,1.0,0.01179835,20010.0,,False
IyVJr4DcosMWf0wZS1uN,1,helmet_loose,POLYGON,0.0,0.0,1.0,0.17109053,149670.0,,False
J1TlMOzR3PfvLVrD3kL2,1,person,POLYGON,0.0,0.0,1.0,0.11220068,191549.0,,False
J3hznbBPysK0tWYT9WUi,1,vest_on_body,POLYGON,0.0,0.0,1.0,0.04775191,112217.0,,False
J3hznbBPysK0tWYT9WUi,2,person,POLYGON,0.0,0.0,1.0,0.12668,297698.0,,False
J43xY0jaSQexxzdN3Uoe,1,person,POLYGON,0.0,0.0,1.0,0.65352821,828347.0,,False
J43xY0jaSQexxzdN3Uoe,5,vest_on_body,RLE,0.0,0.0,1.0,0.24146509,306057.0,,False
J8VVYL7NFqag8Q2h1LdU,1,helmet_on_head,RLE,0.0,0.0,1.0,0.00166296,2839.0,,False
J8VVYL7NFqag8Q2h1LdU,2,person,RLE,1.0,0.0,0.0346287,0.00097294,1661.0,3,False
J8VVYL7NFqag8Q2h1LdU,3,person,RLE,0.020655,0.0,28.87778447,0.0280963,47966.0,2,False
J8VVYL7NFqag8Q2h1LdU,4,person,RLE,0.0,0.0,1.0,0.00232076,3962.0,,False
J8VVYL7NFqag8Q2h1LdU,5,person,RLE,0.0,0.0,1.0,0.00105612,1803.0,,False
J8VVYL7NFqag8Q2h1LdU,6,person,RLE,0.666667,0.0,0.042822,0.00120314,2054.0,3,False
J8VVYL7NFqag8Q2h1LdU,7,person,RLE,0.0,0.0,1.0,0.00209173,3571.0,,False
JFPLvXzjr38rcbgvCedz,2,helmet_on_head,RLE,0.0,0.0,1.0,0.00170058,6503.0,,False
JFPLvXzjr38rcbgvCedz,3,person,RLE,0.0,0.0,1.0,0.03337343,127620.0,,False
JQnSkF4L5Wmw2aJj0nae,1,person,POLYGON,0.0,0.0,1.0,0.41957318,1611161.0,,False
JQnSkF4L5Wmw2aJj0nae,5,helmet_on_head,POLYGON,0.0,0.0,1.0,0.0280224,107606.0,,False
JSKtWAeEIHCqkNcipvGH,1,person,POLYGON,0.0,0.0,1.0,0.01512769,25826.0,,False
JSKtWAeEIHCqkNcipvGH,2,person,POLYGON,0.0,0.0,1.0,0.01150012,19633.0,,False
JSKtWAeEIHCqkNcipvGH,3,vest_on_body,POLYGON,0.0,0.0,1.0,0.00303245,5177.0,,False
JSKtWAeEIHCqkNcipvGH,4,helmet_on_head,POLYGON,0.0,0.0,1.0,0.00065429,1117.0,,False
JSKtWAeEIHCqkNcipvGH,5,vest_on_body,POLYGON,0.0,0.0,1.0,0.00208821,3565.0,,False
JSKtWAeEIHCqkNcipvGH,6,helmet_on_head,POLYGON,0.0,0.0,1.0,0.00060098,1026.0,,False
Jn53NESS4TbEWJbuvG70,1,person,POLYGON,0.0,0.0,1.0,0.02001347,34167.0,,False
Jn53NESS4TbEWJbuvG70,2,helmet_on_head,POLYGON,0.0,0.0,1.0,0.00177191,3025.0,,False
Jn53NESS4TbEWJbuvG70,5,vest_on_body,RLE,0.0,0.0,1.0,0.00441307,7534.0,,False
JtlLc8vU4kkL2Jz7ctjA,1,person,POLYGON,0.0,0.0,1.0,0.08881681,340346.0,,False
JtlLc8vU4kkL2Jz7ctjA,2,helmet_on_head,POLYGON,0.0,0.0,1.0,0.00452897,17355.0,,False
K0CnIma3AqzHtRo2VNdu,1,vest_on_body,RLE,0.0,0.0,1.0,0.01687851,28815.0,,False
K0CnIma3AqzHtRo2VNdu,2,vest_on_body,RLE,0.0,0.0,1.0,0.03714738,63418.0,,False
K0CnIma3AqzHtRo2VNdu,3,helmet_on_head,RLE,0.0,0.0,1.0,0.01195583,20411.0,,False
K0CnIma3AqzHtRo2VNdu,4,helmet_on_head,RLE,0.0,0.0,1.0,0.01088332,18580.0,,False
K0CnIma3AqzHtRo2VNdu,5,person,RLE,0.055449,0.0,0.61956362,0.08155108,139224.0,6,False
K0CnIma3AqzHtRo2VNdu,6,person,RLE,0.062325,0.0,1.61403925,0.13162664,224713.0,5,False
KMRRC0uoR29Yq6wEaJrP,6,helmet_loose,RLE,0.196629,9e-06,1.88440702,0.03088168,105393.0,3,False
KMRRC0uoR29Yq6wEaJrP,5,helmet_loose,RLE,0.233192,0.0,0.9388868,0.01538649,52511.0,3,False
KMRRC0uoR29Yq6wEaJrP,4,helmet_loose,RLE,0.288177,0.0,0.52368181,0.0085821,29289.0,3,False
KMRRC0uoR29Yq6wEaJrP,3,helmet_loose,RLE,0.30409,1.8e-05,0.53067092,0.01638801,55929.0,6,False
KMRRC0uoR29Yq6wEaJrP,2,helmet_loose,RLE,0.0,0.0,1.0,0.07950539,271336.0,,False
KN9YcUjf4MbiILNfF6d1,1,person,POLYGON,0.019108,0.0,0.79628283,0.07375644,125917.0,3,False
KN9YcUjf4MbiILNfF6d1,2,person,POLYGON,0.009615,0.0,0.91891533,0.08511539,145309.0,3,False
KN9YcUjf4MbiILNfF6d1,3,person,POLYGON,0.015888,0.0,1.25583519,0.09262594,158131.0,1,False
KN9YcUjf4MbiILNfF6d1,4,helmet_on_head,POLYGON,0.0,0.0,1.0,0.0064761,11056.0,,False
KN9YcUjf4MbiILNfF6d1,5,helmet_on_head,POLYGON,0.0,0.0,1.0,0.00455424,7775.0,,False
KN9YcUjf4MbiILNfF6d1,6,helmet_on_head,POLYGON,0.0,0.0,1.0,0.00553421,9448.0,,False
KyqVojaz6oaARWVjEAyG,1,vest_on_body,RLE,0.0,0.0,1.0,0.00560743,9573.0,,False
KyqVojaz6oaARWVjEAyG,2,vest_on_body,RLE,0.0,0.0,1.0,0.01711282,29215.0,,False
KyqVojaz6oaARWVjEAyG,3,vest_on_body,RLE,0.0,0.0,1.0,0.00829018,14153.0,,False
KyqVojaz6oaARWVjEAyG,4,helmet_on_head,RLE,0.0,0.0,1.0,0.00133552,2280.0,,False
KyqVojaz6oaARWVjEAyG,5,helmet_on_head,RLE,0.0,0.0,1.0,0.00221122,3775.0,,False
KyqVojaz6oaARWVjEAyG,6,helmet_on_head,RLE,0.0,0.0,1.0,0.00186504,3184.0,,False
KyqVojaz6oaARWVjEAyG,7,person,RLE,0.404858,0.0,0.693024,0.02545865,43463.0,8,False
KyqVojaz6oaARWVjEAyG,8,person,RLE,0.40398,0.0,1.44295148,0.03673559,62715.0,7,False
KyqVojaz6oaARWVjEAyG,9,person,RLE,0.009616,0.0,1.46687395,0.05388648,91995.0,8,False
L51HLb9pTcXWg0hlY2eI,1,helmet_loose,POLYGON,0.116297,1.6e-05,4.52577733,0.17827671,304354.0,2,False
L51HLb9pTcXWg0hlY2eI,2,helmet_loose,POLYGON,0.380435,7.4e-05,0.22095652,0.0393914,67249.0,1,False
LECJ0QrWJeyWICbOqamy,5,helmet_on_head,RLE,0.334821,0.003116,2.44763599,0.00562968,9629.0,7,False
LECJ0QrWJeyWICbOqamy,6,helmet_on_head,RLE,0.0,0.0,1.0,0.00363482,6217.0,,False
LECJ0QrWJeyWICbOqamy,7,helmet_on_head,RLE,0.535714,0.007626,0.40855748,0.00230005,3934.0,5,False
LECJ0QrWJeyWICbOqamy,8,helmet_on_head,RLE,0.0,0.0,1.0,0.01109273,18973.0,,False
LECJ0QrWJeyWICbOqamy,I,person,RLE,0.271426,4e-05,3.19712127,0.11752748,201019.0,H,False
LECJ0QrWJeyWICbOqamy,H,person,RLE,0.598765,0.000127,0.31278138,0.03676041,62875.0,I,False
LECJ0QrWJeyWICbOqamy,G,person,RLE,0.793814,0.000257,0.24741153,0.00909495,15556.0,H,False
LECJ0QrWJeyWICbOqamy,F,person,RLE,0.793651,0.0,0.42786481,0.01572848,26902.0,H,False
LSzsvsjaUz4782epO92M,1,vest_on_body,RLE,0.0,0.0,1.0,0.00087219,1489.0,,False
LSzsvsjaUz4782epO92M,2,vest_on_body,RLE,0.0,0.0,1.0,0.00152472,2603.0,,False
LSzsvsjaUz4782epO92M,3,vest_on_body,RLE,0.0,0.0,1.0,0.00137652,2350.0,,False
LSzsvsjaUz4782epO92M,4,person,RLE,0.260274,0.001996,0.73028138,0.00293404,5009.0,6,False
LSzsvsjaUz4782epO92M,5,person,RLE,0.0,0.0,1.0,0.00343486,5864.0,,False
LSzsvsjaUz4782epO92M,6,person,RLE,0.226275,0.001458,1.3693352,0.00401769,6859.0,4,False
LSzsvsjaUz4782epO92M,7,person,RLE,0.0,0.0,1.0,0.00387418,6614.0,,False
LSzsvsjaUz4782epO92M,C,helmet_on_head,RLE,0.0,0.0,1.0,0.00019857,339.0,,False
LSzsvsjaUz4782epO92M,B,helmet_on_head,RLE,0.0,0.0,1.0,0.00023547,402.0,,False
LSzsvsjaUz4782epO92M,A,helmet_on_head,RLE,0.0,0.0,1.0,0.00053362,911.0,,False
LSzsvsjaUz4782epO92M,9,helmet_on_head,RLE,0.0,0.0,1.0,0.00024895,425.0,,False
LUvZ2w5JsB8sHFevCPRy,1,person,POLYGON,0.0,0.0,1.0,0.00139792,2013.0,,False
LVQG21gdyYgR1aZBE6h9,1,person,POLYGON,0.0,0.0,1.0,0.09847938,168124.0,,False
LgO9XnFYKArvgSB2viem,1,helmet_on_head,POLYGON,0.0,0.0,1.0,0.01710324,18674.0,,False
LgO9XnFYKArvgSB2viem,2,person,POLYGON,0.0,0.0,1.0,0.17139599,187137.0,,False
LgO9XnFYKArvgSB2viem,3,vest_on_body,POLYGON,0.0,0.0,1.0,0.07474447,81609.0,,False
LkPWuopeX4IeCkstwBpU,1,vest_on_body,RLE,0.0,0.0,1.0,0.0125656,21452.0,,False
LkPWuopeX4IeCkstwBpU,2,vest_on_body,RLE,0.0,0.0,1.0,0.02906982,49628.0,,False
LkPWuopeX4IeCkstwBpU,3,helmet_on_head,RLE,0.0,0.0,1.0,0.01006912,17190.0,,False
LkPWuopeX4IeCkstwBpU,4,helmet_on_head,RLE,0.0,0.0,1.0,0.00902823,15413.0,,False
LkPWuopeX4IeCkstwBpU,5,person,RLE,0.068852,0.0,0.67817954,0.05567889,95055.0,6,False
LkPWuopeX4IeCkstwBpU,6,person,RLE,0.034493,0.0,1.4745358,0.08210052,140162.0,5,False
MBuNKaZBdNlilQvSv3zC,D,person,RLE,0.0,0.0,1.0,0.00181941,3109.0,,False
MBuNKaZBdNlilQvSv3zC,C,person,RLE,0.12766,0.000482,0.17630549,0.0036394,6219.0,6,False
MBuNKaZBdNlilQvSv3zC,B,person,RLE,0.0,0.0,1.0,0.00125527,2145.0,,False
MBuNKaZBdNlilQvSv3zC,A,person,RLE,0.269231,0.0,0.03918204,0.00032069,548.0,9,False
MBuNKaZBdNlilQvSv3zC,9,person,RLE,0.008763,0.0,25.52189781,0.00818469,13986.0,A,False
MBuNKaZBdNlilQvSv3zC,8,person,RLE,0.13357,0.0,0.61746234,0.00880267,15042.0,7,False
MBuNKaZBdNlilQvSv3zC,7,person,RLE,0.087064,0.0,1.61953198,0.0142562,24361.0,8,False
MBuNKaZBdNlilQvSv3zC,6,person,RLE,0.02618,8.5e-05,5.67197299,0.02064256,35274.0,C,False
MUAB7pAwP5R5mAfVEWsH,1,person,POLYGON,0.0,0.0,1.0,0.07616214,130024.0,,False
MUAB7pAwP5R5mAfVEWsH,2,vest_on_body,POLYGON,0.0,0.0,1.0,0.02724988,46521.0,,False
MUAB7pAwP5R5mAfVEWsH,3,helmet_on_head,POLYGON,0.0,0.0,1.0,0.00265874,4539.0,,False
Mbgd4Kw22vX5vdWxqfRn,H,vest_loose,POLYGON,0.39885,0.015102,1.34491784,0.1071388,203478.0,N,False
Mbgd4Kw22vX5vdWxqfRn,J,vest_loose,POLYGON,0.383886,0.014937,0.6639735,0.07113732,135104.0,H,False
Mbgd4Kw22vX5vdWxqfRn,L,vest_loose,POLYGON,0.212831,0.0,1.13183918,0.08051601,152916.0,J,False
Mbgd4Kw22vX5vdWxqfRn,N,vest_loose,POLYGON,0.734824,0.0,0.53665198,0.07966196,151294.0,P,False
Mbgd4Kw22vX5vdWxqfRn,P,vest_loose,POLYGON,0.539427,0.0036,0.86013455,0.1484425,281922.0,R,False
Mbgd4Kw22vX5vdWxqfRn,R,vest_loose,POLYGON,0.527111,0.003097,1.16260881,0.17258056,327765.0,P,False
Mbgd4Kw22vX5vdWxqfRn,T,vest_loose,POLYGON,1.0,0.194848,0.29714582,0.05128159,97394.0,R,False
Mbgd4Kw22vX5vdWxqfRn,V,vest_loose,POLYGON,0.098039,0.0,0.66349499,0.05342197,101459.0,L,False
MkxXQ8wmfbTbRbgDBAK1,1,helmet_on_head,POLYGON,0.0,0.0,1.0,0.05284256,119049.0,,False
MkxXQ8wmfbTbRbgDBAK1,2,vest_on_body,POLYGON,0.0,0.0,1.0,0.10012784,225578.0,,False
MkxXQ8wmfbTbRbgDBAK1,5,person,POLYGON,0.0,0.0,1.0,0.32508944,732394.0,,False
MkxXQ8wmfbTbRbgDBAK1,6,person,POLYGON,0.0,0.0,1.0,0.00036309,818.0,,True
MkxXQ8wmfbTbRbgDBAK1,7,person,POLYGON,0.0,0.0,1.0,9.32e-06,21.0,,True
MkxXQ8wmfbTbRbgDBAK1,8,person,POLYGON,0.0,0.0,1.0,0.02912246,65610.0,,True
MqWRDetc1VZN6mHw7iwA,5,helmet_on_head,POLYGON,0.0,0.0,1.0,0.07297077,79579.0,,False
MqWRDetc1VZN6mHw7iwA,6,vest_on_body,POLYGON,0.0,0.0,1.0,0.22002549,239951.0,,False
MqWRDetc1VZN6mHw7iwA,9,person,POLYGON,0.0,0.0,1.0,0.4099912,447120.0,,False
MvvtCo7VlWi4U7eiAk9x,1,helmet_on_head,RLE,0.0,0.0,1.0,0.00183458,3132.0,,False
MvvtCo7VlWi4U7eiAk9x,2,helmet_on_head,RLE,0.0,0.0,1.0,0.00588918,10054.0,,False
MvvtCo7VlWi4U7eiAk9x,3,helmet_on_head,RLE,0.0,0.0,1.0,0.00320525,5472.0,,False
MvvtCo7VlWi4U7eiAk9x,4,person,RLE,0.0,0.0,1.0,0.07772669,132695.0,,False
MvvtCo7VlWi4U7eiAk9x,5,person,RLE,0.0,0.0,1.0,0.03644916,62226.0,,False
MvvtCo7VlWi4U7eiAk9x,6,person,RLE,0.0,0.0,1.0,0.03337629,56980.0,,False
NCdN7Jz3Eoh0ICakh5Cx,1,person,POLYGON,0.0,0.0,1.0,0.31283056,352998.0,,False
NCdN7Jz3Eoh0ICakh5Cx,2,vest_on_body,POLYGON,0.0,0.0,1.0,0.1458738,164604.0,,False
NL3zUnIqUyNKhcch1hNK,1,person,POLYGON,0.0,0.0,1.0,0.13080691,308134.0,,False
NL3zUnIqUyNKhcch1hNK,2,helmet_on_head,POLYGON,0.0,0.0,1.0,0.01134214,26718.0,,False
NL3zUnIqUyNKhcch1hNK,4,vest_on_body,POLYGON,0.0,0.0,1.0,0.08237294,194041.0,,False
NSxOF60pUyiloAjZa1zY,1,person,RLE,0.714286,0.0,0.01170933,0.00225596,3938.0,3,False
NSxOF60pUyiloAjZa1zY,2,person,RLE,1.0,0.0,0.02825642,0.00544397,9503.0,3,False
NSxOF60pUyiloAjZa1zY,3,person,RLE,0.295607,0.0,4.06268347,0.19266327,336313.0,4,False
NSxOF60pUyiloAjZa1zY,4,person,RLE,1.0,0.0,0.24614273,0.04742266,82781.0,3,False
Npv1zPbAHshMBBa1mbY4,3,helmet_loose,POLYGON,0.0,0.0,1.0,0.31204114,340699.0,,False
OQJwjQoYsf1KUgr9G0V8,1,person,POLYGON,0.0,0.0,1.0,0.00532188,10218.0,,False
OQJwjQoYsf1KUgr9G0V8,2,person,POLYGON,0.0,0.0,1.0,0.00776458,14908.0,,False
OQJwjQoYsf1KUgr9G0V8,3,helmet_on_head,POLYGON,0.0,0.0,1.0,0.00058281,1119.0,,False
OQJwjQoYsf1KUgr9G0V8,5,person,POLYGON,0.0,0.0,1.0,0.00531094,10197.0,,False
OQJwjQoYsf1KUgr9G0V8,7,helmet_on_head,POLYGON,0.0,0.0,1.0,0.00036198,695.0,,False
OQJwjQoYsf1KUgr9G0V8,8,helmet_on_head,POLYGON,0.0,0.0,1.0,9.115e-05,175.0,,False
OQJwjQoYsf1KUgr9G0V8,C,vest_on_body,RLE,0.0,0.0,1.0,0.00029427,565.0,,False
OQJwjQoYsf1KUgr9G0V8,B,vest_on_body,RLE,0.0,0.0,1.0,0.0018349,3523.0,,False
OQJwjQoYsf1KUgr9G0V8,A,vest_on_body,RLE,0.0,0.0,1.0,0.0020776,3989.0,,False
OQJwjQoYsf1KUgr9G0V8,G,helmet_on_head,POLYGON,0.0,0.0,1.0,2.292e-05,44.0,,False
OQJwjQoYsf1KUgr9G0V8,I,helmet_on_head,UNSUPPORTED,0.0,0.0,1.0,0.0,0.0,,False
OQJwjQoYsf1KUgr9G0V8,J,vest_on_body,UNSUPPORTED,0.0,0.0,1.0,0.0,0.0,,False
OQJwjQoYsf1KUgr9G0V8,M,person,POLYGON,0.0,0.0,1.0,0.00113229,2174.0,,False
OgbeepjjlVIRghzAMurI,1,person,POLYGON,0.0,0.0,1.0,0.02187629,17011.0,,False
OgbeepjjlVIRghzAMurI,2,helmet_on_head,POLYGON,0.0,0.0,1.0,0.0013876,1079.0,,False
OgbeepjjlVIRghzAMurI,3,vest_on_body,POLYGON,0.0,0.0,1.0,0.0020679,1608.0,,False
Onxr5fVm9Rf4SRgJSUwU,1,person,POLYGON,0.0,0.0,1.0,0.21479561,308962.0,,False
OugGxvkSv1brFNywY26P,1,helmet_loose,POLYGON,0.0,0.0,1.0,0.03572165,60984.0,,False
P2bOf45tvhUMqEYK8wqW,1,vest_on_body,POLYGON,0.0,0.0,1.0,0.01456123,32805.0,,False
P2bOf45tvhUMqEYK8wqW,2,person,POLYGON,0.0,0.0,1.0,0.03799858,85607.0,,False
P2bOf45tvhUMqEYK8wqW,3,helmet_on_head,POLYGON,0.0,0.0,1.0,0.00134049,3020.0,,False
P4kyoAALuWE7lYtori2d,3,person,RLE,0.0,0.0,1.0,0.00570408,9738.0,,False
P7zAHwjb68yXM9zLAlb1,1,person,POLYGON,0.0,0.0,1.0,0.05192001,40373.0,,False
P9Jz8sNsaNTHaD6dqhKc,1,vest_on_body,RLE,0.062882,0.0,0.79534271,0.00530166,9051.0,4,False
P9Jz8sNsaNTHaD6dqhKc,2,vest_on_body,RLE,0.0,0.0,1.0,0.01709934,29192.0,,False
P9Jz8sNsaNTHaD6dqhKc,3,vest_on_body,RLE,0.0,0.0,1.0,0.0112213,19157.0,,False
P9Jz8sNsaNTHaD6dqhKc,4,vest_on_body,RLE,0.0568,0.0,1.25731963,0.00666589,11380.0,1,False
P9Jz8sNsaNTHaD6dqhKc,5,person,RLE,0.004674,0.0,1.28873069,0.03117502,53222.0,8,False
P9Jz8sNsaNTHaD6dqhKc,6,person,RLE,0.045844,0.0,0.68959756,0.0166817,28479.0,8,False
P9Jz8sNsaNTHaD6dqhKc,7,person,RLE,0.0,0.0,1.0,0.01964738,33542.0,,False
P9Jz8sNsaNTHaD6dqhKc,8,person,RLE,0.02388,0.0,1.45012114,0.02419049,41298.0,6,False
P9Jz8sNsaNTHaD6dqhKc,B,helmet_on_head,RLE,0.0,0.0,1.0,0.0014146,2415.0,,False
P9Jz8sNsaNTHaD6dqhKc,A,helmet_on_head,RLE,0.0,0.0,1.0,0.00142573,2434.0,,False
P9Jz8sNsaNTHaD6dqhKc,D,helmet_on_head,POLYGON,0.0,0.0,1.0,0.00073161,1249.0,,False
P9Jz8sNsaNTHaD6dqhKc,E,helmet_on_head,POLYGON,0.0,0.0,1.0,0.00075152,1283.0,,False
PIo6f9EGJ9nINHXHAGy7,1,person,POLYGON,0.0,0.0,1.0,0.27590972,621597.0,,False
PIo6f9EGJ9nINHXHAGy7,2,vest_on_body,POLYGON,0.0,0.0,1.0,0.1313871,296002.0,,False
PIo6f9EGJ9nINHXHAGy7,3,helmet_loose,POLYGON,0.0,0.0,1.0,0.01171557,26394.0,,False
PTpMxjS814v4U28HlRcf,1,person,POLYGON,0.0,0.0,1.0,0.13263865,122070.0,,False
PqhswFNoQbq1qKOEBp5u,1,helmet_loose,POLYGON,0.13498,1.8e-05,4.65299468,0.0650379,54226.0,B,False
PqhswFNoQbq1qKOEBp5u,2,helmet_loose,POLYGON,0.11356,0.00164,2.85759681,0.06363582,53057.0,A,False
PqhswFNoQbq1qKOEBp5u,3,helmet_loose,POLYGON,0.100242,0.0,0.66697526,0.04147716,34582.0,4,False
PqhswFNoQbq1qKOEBp5u,4,helmet_loose,POLYGON,0.182038,7.7e-05,3.89695603,0.06218696,51849.0,C,False
PqhswFNoQbq1qKOEBp5u,5,helmet_loose,POLYGON,0.29277,0.0,0.54239903,0.04300758,35858.0,7,False
PqhswFNoQbq1qKOEBp5u,6,helmet_loose,POLYGON,0.119553,0.0,0.60240508,0.04776554,39825.0,7,False
PqhswFNoQbq1qKOEBp5u,7,helmet_loose,POLYGON,0.2639,0.004538,3.27715263,0.0792914,66110.0,J,False
PqhswFNoQbq1qKOEBp5u,8,helmet_loose,POLYGON,0.139313,0.0,0.75508059,0.04910886,40945.0,1,False
PqhswFNoQbq1qKOEBp5u,9,helmet_loose,POLYGON,0.46485,0.027761,1.09101274,0.02639728,22009.0,J,False
PqhswFNoQbq1qKOEBp5u,A,helmet_loose,POLYGON,0.546743,0.001616,1.03322204,0.022269,18567.0,H,False
PqhswFNoQbq1qKOEBp5u,B,helmet_loose,POLYGON,0.424616,0.0133,0.7022174,0.01397764,11654.0,F,False
PqhswFNoQbq1qKOEBp5u,C,helmet_loose,POLYGON,0.435253,0.000301,0.25661054,0.01595783,13305.0,4,False
PqhswFNoQbq1qKOEBp5u,D,helmet_loose,POLYGON,0.301775,0.0,1.3048478,0.02082254,17361.0,C,False
PqhswFNoQbq1qKOEBp5u,F,helmet_loose,POLYGON,0.313057,0.00934,1.42406041,0.01990501,16596.0,B,False
PqhswFNoQbq1qKOEBp5u,H,helmet_loose,POLYGON,0.446931,0.001669,0.96784618,0.02155296,17970.0,A,False
PqhswFNoQbq1qKOEBp5u,J,helmet_loose,POLYGON,0.466463,0.014871,0.30514294,0.02419521,20173.0,7,False
Pto3IbY2BV6RjJJsxw4T,3,helmet_loose,RLE,0.0,0.0,1.0,0.16397292,236121.0,,False
QUQENHzkWEHi5igbSpA1,1,person,POLYGON,0.0,0.0,1.0,0.43280387,777662.0,,False
QUQENHzkWEHi5igbSpA1,2,helmet_on_head,POLYGON,0.0,0.0,1.0,0.05492876,98696.0,,False
QVvTSJRWlcfwVnFYCOJ9,1,person,POLYGON,0.0,0.0,1.0,0.14729147,251456.0,,False
QVvTSJRWlcfwVnFYCOJ9,5,vest_on_body,RLE,0.0,0.0,1.0,0.05008845,85511.0,,False
QYjn7wMnjUSLcCSRwwn1,1,person,POLYGON,0.0,0.0,1.0,0.16476146,632684.0,,False
QYjn7wMnjUSLcCSRwwn1,2,person,POLYGON,0.0,0.0,1.0,0.00472161,18131.0,,False
QiKJqc8mjFL8EnIf105y,1,person,POLYGON,0.0,0.0,1.0,0.08535345,201062.0,,False
QmjHa7u0ZQG0cE5HadWX,1,person,POLYGON,0.0,0.0,1.0,0.15451813,494458.0,,False
R32m4IeILycIsDayiufx,1,person,POLYGON,0.0,0.0,1.0,0.06912962,77916.0,,False
R32m4IeILycIsDayiufx,6,vest_on_body,RLE,0.0,0.0,1.0,0.04757697,53624.0,,False
RGHYIrvH4ypjKeh0X9jI,1,vest_on_body,RLE,0.0,0.0,1.0,0.00864808,14764.0,,False
RGHYIrvH4ypjKeh0X9jI,2,person,RLE,0.085687,0.0,2.11185881,0.04871427,83165.0,8,False
RGHYIrvH4ypjKeh0X9jI,3,person,RLE,0.0,0.0,1.0,0.07956244,135829.0,,False
RGHYIrvH4ypjKeh0X9jI,4,person,RLE,0.660714,0.003052,0.09984764,0.00230319,3932.0,8,False
RGHYIrvH4ypjKeh0X9jI,5,person,RLE,1.0,0.031689,0.12100051,0.00279112,4765.0,8,False
RGHYIrvH4ypjKeh0X9jI,6,person,RLE,0.023753,0.0,11.23652085,0.0258798,44182.0,4,False
RGHYIrvH4ypjKeh0X9jI,7,person,RLE,0.0,0.0,1.0,0.01152765,19680.0,,False
RGHYIrvH4ypjKeh0X9jI,8,person,RLE,0.135161,0.0,0.4735165,0.02306701,39380.0,2,False
RKuAbxAitj0j4NzRD0Px,1,person,POLYGON,0.0,0.0,1.0,0.01639965,27945.0,,False
RKuAbxAitj0j4NzRD0Px,2,vest_on_body,POLYGON,0.0,0.0,1.0,0.00539965,9201.0,,False
RKuAbxAitj0j4NzRD0Px,3,vest_on_body,POLYGON,0.0,0.0,1.0,0.00345892,5894.0,,False
RKuAbxAitj0j4NzRD0Px,4,person,POLYGON,0.0,0.0,1.0,0.00854167,14555.0,,False
RKuAbxAitj0j4NzRD0Px,5,helmet_on_head,POLYGON,0.0,0.0,1.0,0.00062324,1062.0,,False
RL2s7RdAmeNec6fLrJez,1,helmet_loose,POLYGON,0.0,0.0,1.0,0.03388672,44273.0,,False
RL2s7RdAmeNec6fLrJez,2,helmet_loose,POLYGON,0.0,0.0,1.0,0.03025871,39533.0,,False
RL2s7RdAmeNec6fLrJez,3,helmet_loose,POLYGON,0.0,0.0,1.0,0.03282587,42887.0,,False
RL2s7RdAmeNec6fLrJez,4,helmet_loose,POLYGON,0.0,0.0,1.0,0.0281439,36770.0,,False
RL2s7RdAmeNec6fLrJez,5,helmet_loose,POLYGON,0.0,0.0,1.0,0.03049292,39839.0,,False
RL2s7RdAmeNec6fLrJez,6,helmet_loose,POLYGON,0.0,0.0,1.0,0.03292843,43021.0,,False
RL2s7RdAmeNec6fLrJez,7,helmet_loose,POLYGON,0.0,0.0,1.0,0.03086338,40323.0,,False
RL2s7RdAmeNec6fLrJez,8,helmet_loose,POLYGON,0.0,0.0,1.0,0.02674091,34937.0,,False
RL2s7RdAmeNec6fLrJez,9,helmet_loose,POLYGON,0.0,0.0,1.0,0.02966322,38755.0,,False
RRlPrUJXfRWGGJ6CeKIL,2,person,POLYGON,0.0,0.0,1.0,0.28103866,633152.0,,False
RRlPrUJXfRWGGJ6CeKIL,3,helmet_on_head,POLYGON,0.0,0.0,1.0,0.04618802,104057.0,,False
RRlPrUJXfRWGGJ6CeKIL,5,vest_on_body,POLYGON,0.145833,0.0,0.43914397,0.02854543,64310.0,7,True
RRlPrUJXfRWGGJ6CeKIL,6,vest_on_body,POLYGON,0.316518,0.0,0.62685395,0.04074704,91799.0,7,True
RRlPrUJXfRWGGJ6CeKIL,7,vest_on_body,POLYGON,0.185189,0.0,1.59526792,0.06500244,146444.0,6,True
RdJdZdkvlh1EvYQcyy98,1,vest_on_body,POLYGON,0.0,0.0,1.0,0.07413073,284662.0,,False
RdJdZdkvlh1EvYQcyy98,2,person,POLYGON,0.0,0.0,1.0,0.17155651,658777.0,,False
RpNbe3NA9Ewqpz10Tid7,1,person,POLYGON,0.21107,0.0,1.03336555,0.04760309,81268.0,2,False
RpNbe3NA9Ewqpz10Tid7,2,person,POLYGON,0.284268,0.0,0.96771177,0.04606607,78644.0,1,False
RpNbe3NA9Ewqpz10Tid7,3,vest_on_body,POLYGON,0.0,0.0,1.0,0.01640991,28015.0,,False
RpNbe3NA9Ewqpz10Tid7,4,vest_on_body,POLYGON,0.0,0.0,1.0,0.02031514,34682.0,,False
RpNbe3NA9Ewqpz10Tid7,5,helmet_on_head,POLYGON,0.0,0.0,1.0,0.00614222,10486.0,,False
SA6z7RB5PM7Ij8AwZgp1,1,vest_on_body,RLE,0.0,0.0,1.0,0.0881168,150433.0,,False
SA6z7RB5PM7Ij8AwZgp1,2,person,RLE,0.0,0.0,1.0,0.18791179,320803.0,,False
SA6z7RB5PM7Ij8AwZgp1,4,helmet_on_head,RLE,0.0,0.0,1.0,0.01208119,20625.0,,False
SAxTZz7s67P7PHgPiVQD,O,person,RLE,1.0,0.0,0.0762889,0.00799496,13649.0,N,False
SAxTZz7s67P7PHgPiVQD,N,person,RLE,0.920123,6.1e-05,0.92687551,0.1047985,178912.0,H,False
SAxTZz7s67P7PHgPiVQD,M,person,RLE,1.0,0.000802,0.18116728,0.01898606,32413.0,N,False
SAxTZz7s67P7PHgPiVQD,L,person,RLE,0.569307,0.0,0.26506056,0.0352261,60138.0,G,False
SAxTZz7s67P7PHgPiVQD,K,person,RLE,0.81407,0.00016,0.22013011,0.02925492,49944.0,G,False
SAxTZz7s67P7PHgPiVQD,J,person,RLE,1.0,0.0,0.01894227,0.00198512,3389.0,N,False
SAxTZz7s67P7PHgPiVQD,I,person,RLE,0.842975,0.001027,0.12950215,0.00456186,7788.0,L,False
SAxTZz7s67P7PHgPiVQD,H,person,RLE,0.872211,5.7e-05,1.07889353,0.11306642,193027.0,N,False
SAxTZz7s67P7PHgPiVQD,G,person,RLE,0.345154,3.5e-05,4.5427679,0.13289831,226884.0,K,False
SAxTZz7s67P7PHgPiVQD,F,person,RLE,0.960526,0.0,0.05398185,0.00565722,9658.0,N,False
SAxTZz7s67P7PHgPiVQD,V,helmet_on_head,RLE,0.115686,0.000903,0.35095392,0.00324332,5537.0,S,False
SAxTZz7s67P7PHgPiVQD,T,helmet_on_head,RLE,0.0,0.0,1.0,0.00702671,11996.0,,False
SAxTZz7s67P7PHgPiVQD,S,helmet_on_head,RLE,0.052121,0.000317,2.84937692,0.00924145,15777.0,V,False
SAxTZz7s67P7PHgPiVQD,R,helmet_on_head,RLE,0.0,0.0,1.0,0.0043463,7420.0,,False
SAxTZz7s67P7PHgPiVQD,c,vest_on_body,RLE,0.602564,0.013798,0.59430298,0.00241975,4131.0,b,False
SAxTZz7s67P7PHgPiVQD,b,vest_on_body,RLE,0.156716,0.0,0.06208246,0.00407158,6951.0,Y,False
SAxTZz7s67P7PHgPiVQD,a,vest_on_body,RLE,0.57377,0.0,0.03275885,0.00146966,2509.0,Z,False
SAxTZz7s67P7PHgPiVQD,Z,vest_on_body,RLE,0.08033,0.0,30.52610602,0.04486293,76590.0,a,False
SAxTZz7s67P7PHgPiVQD,Y,vest_on_body,RLE,0.042086,0.0,16.10761042,0.06558341,111964.0,b,False
SAxTZz7s67P7PHgPiVQD,X,vest_on_body,RLE,0.0,0.0,1.0,0.00186504,3184.0,,False
SAxTZz7s67P7PHgPiVQD,e,helmet_loose,POLYGON,0.0,0.0,1.0,0.00073102,1248.0,,False
SJJJI5U15RfnloEUpsCl,1,person,POLYGON,0.0,0.0,1.0,0.189975,729504.0,,False
SOVx70YdnCwZQTD0yb1N,1,person,POLYGON,0.0,0.0,1.0,0.1446745,183563.0,,False
SOVx70YdnCwZQTD0yb1N,2,vest_on_body,POLYGON,0.0,0.0,1.0,0.05026561,63777.0,,False
SOVx70YdnCwZQTD0yb1N,3,helmet_on_head,POLYGON,0.0,0.0,1.0,0.01260167,15989.0,,False
SPkjTewbo5B0mADZT61m,1,person,POLYGON,0.0,0.0,1.0,0.58615621,742953.0,,False
SPkjTewbo5B0mADZT61m,2,vest_on_body,POLYGON,0.0,0.0,1.0,0.15530651,196851.0,,False
SPkjTewbo5B0mADZT61m,4,helmet_on_head,POLYGON,0.0,0.0,1.0,0.06426746,81459.0,,False
STq4QNtivjTEw93pnzUf,1,person,POLYGON,0.0,0.0,1.0,0.40040458,451296.0,,False
STq4QNtivjTEw93pnzUf,2,helmet_on_head,POLYGON,0.0,0.0,1.0,0.0550315,62026.0,,False
SkRWCmGhaCswgUNKIAos,1,person,POLYGON,0.0,0.0,1.0,0.09108326,349614.0,,False
SkRWCmGhaCswgUNKIAos,2,helmet_on_head,POLYGON,0.0,0.0,1.0,0.00686093,26335.0,,False
SoyYOpTgmlQWlluJOZEE,1,person,POLYGON,0.0,0.0,1.0,0.37955702,855104.0,,False
SoyYOpTgmlQWlluJOZEE,2,vest_on_body,POLYGON,0.0,0.0,1.0,0.15848861,357059.0,,False
SpqTKP1HgPTfRMf3kjMw,F,helmet_loose,RLE,0.299393,0.0,0.90798448,0.02972387,37675.0,D,False
SpqTKP1HgPTfRMf3kjMw,D,helmet_loose,RLE,0.248095,0.0,1.10134041,0.03273609,41493.0,F,False
SpqTKP1HgPTfRMf3kjMw,H,vest_on_body,RLE,0.0,0.0,1.0,0.15860592,201033.0,,False
SpqTKP1HgPTfRMf3kjMw,J,helmet_on_head,RLE,0.218789,0.000525,2.94859774,0.05557554,70442.0,L,False
SpqTKP1HgPTfRMf3kjMw,L,helmet_on_head,POLYGON,0.45718,0.001549,0.33914426,0.01884813,23890.0,J,False
SpqTKP1HgPTfRMf3kjMw,N,person,RLE,0.0,0.0,1.0,0.35485917,449784.0,,False
SurmZufksfn5NllTtjD8,4,person,RLE,0.72,0.008599,0.12964209,0.01856141,43724.0,3,False
SurmZufksfn5NllTtjD8,3,person,RLE,0.158217,0.001115,7.71354405,0.14317425,337267.0,4,False
Sx8zzDNF7sd2E0aaDtN8,3,vest_on_body,POLYGON,0.0,0.0,1.0,0.01461692,24954.0,,False
Sx8zzDNF7sd2E0aaDtN8,4,helmet_on_head,POLYGON,0.0,0.0,1.0,0.08170982,139495.0,,False
Sx8zzDNF7sd2E0aaDtN8,A,person,RLE,0.384686,0.0,2.82058091,0.27934688,476901.0,9,False
Sx8zzDNF7sd2E0aaDtN8,9,person,RLE,0.558945,0.0,0.3545369,0.09903878,169079.0,A,False
Sx8zzDNF7sd2E0aaDtN8,8,person,RLE,0.214914,0.0,0.28727765,0.08025012,137003.0,A,False
Sx8zzDNF7sd2E0aaDtN8,7,person,RLE,0.0,0.0,1.0,0.05113519,87298.0,,False
Sxg7i96XAHXonWrVAV8Q,1,person,POLYGON,0.0,0.0,1.0,0.03645833,62475.0,,False
T6C7HiZwQDa07dlanhBF,1,person,POLYGON,0.082155,0.0,0.92308266,0.0218862,37119.0,2,False
T6C7HiZwQDa07dlanhBF,2,person,POLYGON,0.086957,0.0,1.0833266,0.02370991,40212.0,1,False
T6C7HiZwQDa07dlanhBF,3,helmet_on_head,POLYGON,0.0,0.0,1.0,0.00206427,3501.0,,False
T6C7HiZwQDa07dlanhBF,4,vest_on_body,POLYGON,0.0,0.0,1.0,0.00834434,14152.0,,False
T6C7HiZwQDa07dlanhBF,5,vest_on_body,POLYGON,0.0,0.0,1.0,0.00865507,14679.0,,False
THaelQmgDKdUwfSFIAx5,1,person,POLYGON,0.0,0.0,1.0,0.40134892,726281.0,,False
THaelQmgDKdUwfSFIAx5,2,helmet_loose,POLYGON,0.0,0.0,1.0,0.06982759,126360.0,,False
TRn9Bx3c2kyqm0x9Suct,1,vest_on_body,RLE,0.0,0.0,1.0,0.20810964,799141.0,,False
TRn9Bx3c2kyqm0x9Suct,2,person,RLE,0.0,0.0,1.0,0.41070443,1577105.0,,False
TfT34mr30shVLpJdQuu4,1,vest_on_body,RLE,0.0,0.0,1.0,0.10639727,177726.0,,False
TfT34mr30shVLpJdQuu4,2,person,RLE,0.0,0.0,1.0,0.16004191,267334.0,,False
TqbtZYtTWiEhg5zB0duU,1,person,POLYGON,0.0,0.0,1.0,0.16414948,280236.0,,False
Tw3kcCGIMX2DmGQevfCR,2,person,RLE,0.0,0.0,1.0,0.0938336,221391.0,,False
Tw3kcCGIMX2DmGQevfCR,4,vest_on_body,RLE,0.0,0.0,1.0,0.04849157,114411.0,,False
TwF1Rahc7CIP2gpmlbLS,1,helmet_loose,POLYGON,0.07198,0.0,1.30548548,0.02332329,18111.0,2,False
TwF1Rahc7CIP2gpmlbLS,2,helmet_loose,POLYGON,0.086275,0.0,0.76599856,0.01786561,13873.0,1,False
TwF1Rahc7CIP2gpmlbLS,3,helmet_loose,POLYGON,0.020297,0.0,1.19960245,0.02797867,21726.0,1,False
TwF1Rahc7CIP2gpmlbLS,4,helmet_loose,POLYGON,0.0,0.0,1.0,0.04684619,36377.0,,False
TwF1Rahc7CIP2gpmlbLS,5,helmet_loose,POLYGON,0.0,0.0,1.0,0.03168238,24602.0,,False
TwF1Rahc7CIP2gpmlbLS,A,vest_loose,POLYGON,0.607692,0.0,0.49045373,0.01379488,10712.0,C,False
TwF1Rahc7CIP2gpmlbLS,C,vest_loose,POLYGON,0.484368,0.0,2.0389283,0.02812677,21841.0,A,False
TwF1Rahc7CIP2gpmlbLS,E,vest_loose,POLYGON,0.23871,0.0,0.70230364,0.02799284,21737.0,G,False
TwF1Rahc7CIP2gpmlbLS,G,vest_loose,POLYGON,0.17727,0.0,1.42388554,0.0398586,30951.0,E,False
TwF1Rahc7CIP2gpmlbLS,I,vest_loose,POLYGON,0.011791,0.0,1.34444768,0.0535878,41612.0,G,False
TwF1Rahc7CIP2gpmlbLS,K,vest_loose,POLYGON,0.0,0.0,1.0,0.0670646,52077.0,,False
TypXpPM2GOKRXVcgFCjR,1,vest_on_body,POLYGON,0.0,0.0,1.0,0.05090398,55579.0,,False
TypXpPM2GOKRXVcgFCjR,2,person,POLYGON,0.0,0.0,1.0,0.11288192,123249.0,,False
TypXpPM2GOKRXVcgFCjR,3,helmet_on_head,POLYGON,0.0,0.0,1.0,0.0018336,2002.0,,False
U0AseIcul3Oj2l27WnM8,1,person,POLYGON,0.0,0.0,1.0,0.5336599,2049254.0,,False
U0AseIcul3Oj2l27WnM8,2,helmet_on_head,POLYGON,0.0,0.0,1.0,0.04702292,180568.0,,False
U1qd4okczSBsE3VT6pzg,1,person,POLYGON,0.0,0.0,1.0,0.0841694,143694.0,,False
U8OKPL7BU1Y2lII5M7Ui,1,person,POLYGON,0.0,0.0,1.0,0.25601011,288549.0,,False
UCdf01APuQuNPLZxO7Vb,H,helmet_loose,RLE,0.0,0.0,1.0,0.01997542,76386.0,,False
UCdf01APuQuNPLZxO7Vb,G,helmet_loose,RLE,0.0,0.0,1.0,0.02382819,91119.0,,False
UCdf01APuQuNPLZxO7Vb,F,helmet_loose,RLE,0.0,0.0,1.0,0.01379655,52758.0,,False
UCdf01APuQuNPLZxO7Vb,E,helmet_loose,RLE,0.0,0.0,1.0,0.01329524,50841.0,,False
UCdf01APuQuNPLZxO7Vb,D,helmet_loose,RLE,0.0,0.0,1.0,0.01767129,67575.0,,False
UCdf01APuQuNPLZxO7Vb,C,helmet_loose,RLE,0.0,0.0,1.0,0.01607244,61461.0,,False
UCdf01APuQuNPLZxO7Vb,B,helmet_loose,RLE,0.0,0.0,1.0,0.02682793,102590.0,,False
UCdf01APuQuNPLZxO7Vb,A,helmet_loose,RLE,0.0,0.0,1.0,0.01126726,43086.0,,False
UCdf01APuQuNPLZxO7Vb,9,helmet_loose,RLE,0.0,0.0,1.0,0.02878007,110055.0,,False
UCdf01APuQuNPLZxO7Vb,8,helmet_loose,RLE,0.0,0.0,1.0,0.00703949,26919.0,,False
UCdf01APuQuNPLZxO7Vb,7,helmet_loose,RLE,0.0,0.0,1.0,0.00106747,4082.0,,False
UCdf01APuQuNPLZxO7Vb,6,helmet_loose,RLE,0.0,0.0,1.0,0.01877798,71807.0,,False
UCdf01APuQuNPLZxO7Vb,5,helmet_loose,RLE,0.0,0.0,1.0,0.0222806,85201.0,,False
UCdf01APuQuNPLZxO7Vb,4,helmet_loose,RLE,0.0,0.0,1.0,0.02052223,78477.0,,False
UCdf01APuQuNPLZxO7Vb,3,helmet_loose,RLE,0.0,0.0,1.0,0.00513886,19651.0,,False
UCdf01APuQuNPLZxO7Vb,2,helmet_loose,RLE,0.0,0.0,1.0,0.01588808,60756.0,,False
UUktj1unQEF7oxAAKuge,1,person,POLYGON,0.0,0.0,1.0,0.12563252,295945.0,,False
Ud5BlYIB2FSpmLDEEq9z,1,vest_on_body,RLE,0.0,0.0,1.0,0.00195408,3336.0,,False
Ud5BlYIB2FSpmLDEEq9z,2,helmet_on_head,RLE,0.0,0.0,1.0,0.00171567,2929.0,,False
Ud5BlYIB2FSpmLDEEq9z,3,person,RLE,0.0,0.0,1.0,0.02033915,34723.0,,False
Um5Oft7wh92nWZzcd33C,1,person,POLYGON,0.0,0.0,1.0,0.05675726,96896.0,,False
Um5Oft7wh92nWZzcd33C,2,person,POLYGON,0.004253,0.0,1.04621909,0.05953374,101636.0,3,False
Um5Oft7wh92nWZzcd33C,3,person,POLYGON,0.003784,0.0,0.95582274,0.0569037,97146.0,2,False
Um5Oft7wh92nWZzcd33C,4,helmet_on_head,POLYGON,0.0,0.0,1.0,0.00152823,2609.0,,False
UzXLvGMEvzoOvv29dkyY,4,helmet_loose,POLYGON,0.0,0.0,1.0,0.01385719,23657.0,,False
UzXLvGMEvzoOvv29dkyY,5,helmet_loose,POLYGON,0.0,0.0,1.0,0.01590148,27147.0,,False
UzXLvGMEvzoOvv29dkyY,6,helmet_loose,POLYGON,0.0,0.0,1.0,0.0181578,30999.0,,False
V2ZGAcXVfLD8h3Nv7zCq,2,person,POLYGON,0.182869,0.000122,1.36188353,0.13189815,450142.0,3,False
V2ZGAcXVfLD8h3Nv7zCq,3,person,POLYGON,0.20936,0.000166,0.73427718,0.0968498,330529.0,2,False
V2ZGAcXVfLD8h3Nv7zCq,5,helmet_on_head,POLYGON,0.0,0.0,1.0,0.00979401,33425.0,,False
V2ZGAcXVfLD8h3Nv7zCq,7,helmet_on_head,POLYGON,0.0,0.0,1.0,0.00403335,13765.0,,False
V2ZGAcXVfLD8h3Nv7zCq,8,helmet_on_head,POLYGON,0.0,0.0,1.0,0.01600533,54623.0,,False
V2ZGAcXVfLD8h3Nv7zCq,9,person,POLYGON,0.0,0.0,1.0,0.17133673,584738.0,,False
V2ZGAcXVfLD8h3Nv7zCq,A,person,POLYGON,1.0,0.0,0.03674413,0.00355866,12145.0,3,False
V2ZGAcXVfLD8h3Nv7zCq,E,vest_on_body,RLE,0.049316,0.0,1.70603373,0.04739832,161761.0,D,False
V2ZGAcXVfLD8h3Nv7zCq,D,vest_on_body,RLE,0.083333,0.0,0.58615488,0.02778276,94817.0,E,False
V2ZGAcXVfLD8h3Nv7zCq,C,vest_on_body,RLE,0.0,0.0,1.0,0.07423816,253360.0,,False
VBtNhSPdKWG9aB5UwSAp,1,person,POLYGON,0.0,0.0,1.0,0.38346464,432203.0,,False
VBtNhSPdKWG9aB5UwSAp,3,helmet_loose,POLYGON,0.0,0.0,1.0,0.02196788,24760.0,,False
VBtNhSPdKWG9aB5UwSAp,5,vest_on_body,RLE,0.0,0.0,1.0,0.08736492,98469.0,,False
VKyk8uoMs024kVF0SQRN,1,person,POLYGON,0.0,0.0,1.0,0.19051892,448794.0,,False
Vtt35PA66TdcCFU5LqWG,1,helmet_loose,POLYGON,0.0,0.0,1.0,0.00752449,17725.0,,False
Vtt35PA66TdcCFU5LqWG,2,helmet_loose,POLYGON,0.0,0.0,1.0,0.01086499,25594.0,,False
Vtt35PA66TdcCFU5LqWG,3,helmet_loose,POLYGON,0.0,0.0,1.0,0.00887445,20905.0,,False
Vtt35PA66TdcCFU5LqWG,4,helmet_loose,POLYGON,0.0,0.0,1.0,0.00968654,22818.0,,False
Vtt35PA66TdcCFU5LqWG,5,helmet_loose,POLYGON,0.0,0.0,1.0,0.0109864,25880.0,,False
Vtt35PA66TdcCFU5LqWG,6,helmet_loose,POLYGON,0.0,0.0,1.0,0.00815575,19212.0,,False
Vtt35PA66TdcCFU5LqWG,7,helmet_loose,POLYGON,0.0,0.0,1.0,0.01002742,23621.0,,False
Vtt35PA66TdcCFU5LqWG,8,helmet_loose,POLYGON,0.0,0.0,1.0,0.00962923,22683.0,,False
Vtt35PA66TdcCFU5LqWG,9,helmet_loose,POLYGON,0.0,0.0,1.0,0.00533188,12560.0,,False
Vtt35PA66TdcCFU5LqWG,F,helmet_loose,POLYGON,0.149566,0.151159,6.47615527,0.00743662,17518.0,I,False
Vtt35PA66TdcCFU5LqWG,I,helmet_loose,POLYGON,0.962963,0.978928,0.1544126,0.00114831,2705.0,F,False
Vtt35PA66TdcCFU5LqWG,K,helmet_loose,POLYGON,0.182927,0.0,1.37130271,0.00092501,2179.0,M,False
Vtt35PA66TdcCFU5LqWG,M,helmet_loose,POLYGON,0.208333,0.0,0.72923359,0.00067455,1589.0,K,False
Vtt35PA66TdcCFU5LqWG,O,helmet_loose,POLYGON,1.0,0.756146,0.05805457,0.00043173,1017.0,F,False
Vtt35PA66TdcCFU5LqWG,e,vest_loose,RLE,1.0,0.991536,0.28824418,0.02949007,69468.0,U,False
Vtt35PA66TdcCFU5LqWG,d,vest_loose,RLE,0.0,0.0,1.0,0.00818376,19278.0,,False
Vtt35PA66TdcCFU5LqWG,c,vest_loose,RLE,1.0,0.988352,0.16771947,0.01811312,42668.0,Y,False
Vtt35PA66TdcCFU5LqWG,b,vest_loose,RLE,1.0,0.99893,0.21307699,0.02301158,54207.0,Y,False
Vtt35PA66TdcCFU5LqWG,a,vest_loose,RLE,0.988235,0.308986,0.20104231,0.02056851,48452.0,U,False
Vtt35PA66TdcCFU5LqWG,Z,vest_loose,RLE,0.9975,0.982842,0.17319507,0.01870447,44061.0,Y,False
Vtt35PA66TdcCFU5LqWG,Y,vest_loose,RLE,0.453002,0.545556,1.83134291,0.10799655,254401.0,S,False
Vtt35PA66TdcCFU5LqWG,X,vest_loose,RLE,0.981353,0.937772,0.299522,0.0306439,72186.0,U,False
Vtt35PA66TdcCFU5LqWG,W,vest_loose,RLE,1.0,0.969262,0.22635131,0.02444516,57584.0,Y,False
Vtt35PA66TdcCFU5LqWG,V,vest_loose,RLE,1.0,0.998504,0.3634587,0.03718522,87595.0,U,False
Vtt35PA66TdcCFU5LqWG,U,vest_loose,RLE,0.275571,0.362915,2.75134425,0.10230935,241004.0,V,False
Vtt35PA66TdcCFU5LqWG,T,vest_loose,RLE,0.975016,0.944045,0.22550226,0.02435347,57368.0,Y,False
Vtt35PA66TdcCFU5LqWG,S,vest_loose,RLE,1.0,0.9991,0.54604738,0.05897123,138915.0,Y,False
VzapfWdPlwdZ5ZjvR9Lz,1,vest_on_body,RLE,0.0,0.0,1.0,0.08037552,308642.0,,False
VzapfWdPlwdZ5ZjvR9Lz,2,helmet_loose,RLE,0.0,0.0,1.0,0.09832214,377557.0,,False
VzapfWdPlwdZ5ZjvR9Lz,3,person,RLE,0.578829,6.8e-05,1.11391045,0.19245443,739025.0,4,False
VzapfWdPlwdZ5ZjvR9Lz,4,person,RLE,0.614953,7.5e-05,0.89773824,0.1727737,663451.0,3,False
WDUbla9aKXNSFb1VPo3Y,1,person,POLYGON,0.0,0.0,1.0,0.43846233,555751.0,,False
WDUbla9aKXNSFb1VPo3Y,2,vest_on_body,POLYGON,0.0,0.0,1.0,0.21389034,271106.0,,False
WDUbla9aKXNSFb1VPo3Y,3,helmet_on_head,POLYGON,0.0,0.0,1.0,0.12515819,158638.0,,False
WK7rSXorlMi85h9asAR3,1,helmet_on_head,POLYGON,0.0,0.0,1.0,0.11725602,148622.0,,False
WK7rSXorlMi85h9asAR3,2,vest_on_body,POLYGON,0.0,0.0,1.0,0.1361002,172507.0,,False
WK7rSXorlMi85h9asAR3,5,person,POLYGON,0.0,0.0,1.0,0.53446627,677436.0,,False
WRFgtFooB6kjdViPXWHk,1,helmet_loose,POLYGON,0.123492,9.1e-05,4.46360851,0.18090792,308846.0,2,False
WRFgtFooB6kjdViPXWHk,2,helmet_loose,POLYGON,0.396491,0.000405,0.22403398,0.04052952,69192.0,1,False
WeIamb2srt7SBgcfAFq1,1,person,POLYGON,0.131115,0.0,0.75683212,0.07503987,58351.0,2,False
WeIamb2srt7SBgcfAFq1,2,person,POLYGON,0.109422,0.0,1.32129698,0.09914995,77099.0,1,False
WeIamb2srt7SBgcfAFq1,3,person,POLYGON,0.0,0.0,1.0,0.04494342,34948.0,,False
WfgDXbNWgS61DtELPPR9,1,person,POLYGON,0.0,0.0,1.0,0.09247246,315590.0,,False
WiRPJkDVQdPSvkqMW8Rh,1,helmet_loose,POLYGON,0.0,0.0,1.0,0.0136971,15438.0,,False
WizgfRCkmeL3P8qusBOI,1,vest_on_body,RLE,0.994118,0.998781,0.75260202,0.02423095,40204.0,4,False
WizgfRCkmeL3P8qusBOI,2,vest_on_body,RLE,0.0,0.0,1.0,0.01666526,27651.0,,False
WizgfRCkmeL3P8qusBOI,3,vest_on_body,RLE,0.0,0.0,1.0,0.02891514,47976.0,,False
WizgfRCkmeL3P8qusBOI,4,vest_on_body,RLE,0.685564,0.751685,1.32872351,0.03219624,53420.0,1,False
WizgfRCkmeL3P8qusBOI,5,helmet_on_head,RLE,0.0,0.0,1.0,0.00819431,13596.0,,False
WizgfRCkmeL3P8qusBOI,6,helmet_on_head,RLE,0.0,0.0,1.0,0.00860294,14274.0,,False
WizgfRCkmeL3P8qusBOI,7,helmet_on_head,RLE,0.0,0.0,1.0,0.00576181,9560.0,,False
WizgfRCkmeL3P8qusBOI,8,person,RLE,0.0,0.0,1.0,0.00032486,539.0,,False
WizgfRCkmeL3P8qusBOI,9,person,RLE,0.0,0.0,1.0,0.00097276,1614.0,,False
WizgfRCkmeL3P8qusBOI,A,person,RLE,0.28465,0.000363,5.60320741,0.09476013,157226.0,C,False
WizgfRCkmeL3P8qusBOI,B,person,RLE,0.0,0.0,1.0,0.00110113,1827.0,,False
WizgfRCkmeL3P8qusBOI,C,person,RLE,0.728571,0.002031,0.17846921,0.01691176,28060.0,A,False
WizgfRCkmeL3P8qusBOI,D,person,RLE,0.087746,0.0,1.80320975,0.09717575,161234.0,E,False
WizgfRCkmeL3P8qusBOI,E,person,RLE,0.148148,0.0,0.56870365,0.05389043,89415.0,A,False
WmrVhZUFxNgrZvYUWnIJ,1,person,POLYGON,0.0,0.0,1.0,0.52470927,665069.0,,False
WmrVhZUFxNgrZvYUWnIJ,2,helmet_on_head,POLYGON,0.0,0.0,1.0,0.03036134,38483.0,,False
WmrVhZUFxNgrZvYUWnIJ,4,vest_on_body,POLYGON,0.356777,0.0,1.55930038,0.15502091,196489.0,5,False
WmrVhZUFxNgrZvYUWnIJ,5,vest_on_body,POLYGON,0.76178,0.0,0.64131325,0.09941696,126011.0,4,True
WrxzGNad1ocUQmr32npK,1,person,POLYGON,0.0,0.0,1.0,0.54419297,2089701.0,,False
WrxzGNad1ocUQmr32npK,2,vest_on_body,POLYGON,0.0,0.0,1.0,0.14123047,542325.0,,False
WrxzGNad1ocUQmr32npK,3,helmet_on_head,POLYGON,0.0,0.0,1.0,0.03723932,142999.0,,False
Wv9gMcKNBNTvFlSRuZe3,1,person,POLYGON,0.0,0.0,1.0,0.02354817,55471.0,,False
Wv9gMcKNBNTvFlSRuZe3,2,helmet_loose,POLYGON,0.0,0.0,1.0,0.16773531,395124.0,,False
Wv9gMcKNBNTvFlSRuZe3,4,vest_on_body,RLE,0.0,0.0,1.0,0.01271077,29942.0,,False
WvGmeXrUqULTXbaSGJgZ,1,helmet_on_head,POLYGON,0.0,0.0,1.0,0.02198935,51799.0,,False
WvGmeXrUqULTXbaSGJgZ,2,person,POLYGON,0.0,0.0,1.0,0.12501783,294497.0,,False
WvGmeXrUqULTXbaSGJgZ,5,vest_on_body,POLYGON,0.036032,0.0,1.55912943,0.00687287,16190.0,6,True
WvGmeXrUqULTXbaSGJgZ,6,vest_on_body,POLYGON,0.047619,0.0,0.64138357,0.00440814,10384.0,5,True
WvGmeXrUqULTXbaSGJgZ,7,vest_on_body,POLYGON,0.0,0.0,1.0,0.00231996,5465.0,,True
Wxlj5YOPuTXsUopMH7bg,1,person,POLYGON,0.0,0.0,1.0,0.07192901,55932.0,,False
WzTgGIeyuH1B3BYfY7tf,1,person,POLYGON,0.0,0.0,1.0,0.05862986,84427.0,,False
X5ZA7xQ8Kzl1xm0xBcdd,1,vest_on_body,RLE,0.0,0.0,1.0,0.50641518,864552.0,,False
X5ZA7xQ8Kzl1xm0xBcdd,2,person,RLE,0.0,0.0,1.0,0.02857603,48785.0,,False
X8B97hWGbmozigS9fEf4,1,person,POLYGON,0.0,0.0,1.0,0.20441494,481528.0,,False
X8B97hWGbmozigS9fEf4,2,vest_on_body,POLYGON,0.0,0.0,1.0,0.12150753,286228.0,,False
XJ12x7QMBoWQ5JDrvK1E,1,person,POLYGON,0.0,0.0,1.0,0.00212135,4073.0,,False
XJ12x7QMBoWQ5JDrvK1E,2,helmet_on_head,POLYGON,0.0,0.0,1.0,0.00067656,1299.0,,False
XJ12x7QMBoWQ5JDrvK1E,4,vest_on_body,RLE,0.0,0.0,1.0,0.00224271,4306.0,,False
XQUau6Bs9iWpTYrXHtq0,1,person,POLYGON,0.0,0.0,1.0,0.05756277,64879.0,,False
XR2eyVIj5HC0jcNt3TaF,1,person,POLYGON,0.0,0.0,1.0,0.22168463,378460.0,,False
XR2eyVIj5HC0jcNt3TaF,3,helmet_on_head,POLYGON,0.0,0.0,1.0,0.02496017,42612.0,,False
XR2eyVIj5HC0jcNt3TaF,5,vest_on_body,RLE,0.0,0.0,1.0,0.02039421,34817.0,,False
XakHn7NQJzcdCBMuA4V1,2,person,POLYGON,1.0,0.999537,0.45454189,0.03109729,127474.0,6,False
XakHn7NQJzcdCBMuA4V1,3,person,POLYGON,1.0,0.801794,0.48956755,0.01631904,66895.0,5,False
XakHn7NQJzcdCBMuA4V1,6,person,RLE,0.379257,0.0,2.05242204,0.06841457,280445.0,5,False
XakHn7NQJzcdCBMuA4V1,5,person,RLE,0.526178,0.0,0.48722922,0.03333358,136641.0,6,False
XglPXJS02oKjbtcYMeG1,1,person,POLYGON,0.0,0.0,1.0,0.19068844,384733.0,,False
XglPXJS02oKjbtcYMeG1,2,helmet_loose,POLYGON,0.0,0.0,1.0,0.02987559,60277.0,,False
XvqBrAuKPXCrvqEIjBai,1,vest_on_body,RLE,0.0,0.0,1.0,0.03568358,60919.0,,False
XvqBrAuKPXCrvqEIjBai,2,helmet_on_head,RLE,0.0,0.0,1.0,0.01125293,19211.0,,False
XvqBrAuKPXCrvqEIjBai,3,person,RLE,0.023982,0.0,24.37283587,0.27129627,463157.0,4,False
XvqBrAuKPXCrvqEIjBai,4,person,RLE,0.796053,0.0,0.04102928,0.01113109,19003.0,3,False
Y1meTyz9qAlTOKqcMF21,1,person,POLYGON,0.0,0.0,1.0,0.11219679,126457.0,,False
Y1meTyz9qAlTOKqcMF21,3,helmet_on_head,POLYGON,0.0,0.0,1.0,0.00491083,5535.0,,False
Y1meTyz9qAlTOKqcMF21,5,vest_on_body,POLYGON,0.0,0.0,1.0,0.0039819,4488.0,,True
Y1meTyz9qAlTOKqcMF21,6,vest_on_body,POLYGON,0.0,0.0,1.0,0.00323929,3651.0,,True
Y1meTyz9qAlTOKqcMF21,7,vest_on_body,POLYGON,0.0,0.0,1.0,0.01046136,11791.0,,True
Y1meTyz9qAlTOKqcMF21,8,vest_on_body,POLYGON,0.0,0.0,1.0,0.02066276,23289.0,,True
Y8Qx4RUxXlcq5dm2gx4n,1,person,POLYGON,0.024322,0.0,12.77194548,0.24314726,415101.0,2,False
Y8Qx4RUxXlcq5dm2gx4n,2,person,POLYGON,0.271318,0.0,0.07829661,0.01903761,32501.0,1,False
Y8Qx4RUxXlcq5dm2gx4n,3,person,POLYGON,0.005943,0.0,1.402603,0.0267022,45586.0,2,False
Y8Qx4RUxXlcq5dm2gx4n,4,helmet_on_head,POLYGON,0.0,0.0,1.0,0.01928538,32924.0,,False
Y8Qx4RUxXlcq5dm2gx4n,5,helmet_on_head,POLYGON,0.0,0.0,1.0,0.00109478,1869.0,,False
Y8Qx4RUxXlcq5dm2gx4n,6,helmet_on_head,POLYGON,0.0,0.0,1.0,0.0012787,2183.0,,False
Y8Qx4RUxXlcq5dm2gx4n,B,vest_on_body,RLE,0.191899,0.0,0.05053139,0.0082855,14145.0,A,False
Y8Qx4RUxXlcq5dm2gx4n,A,vest_on_body,RLE,0.011105,0.0,19.78967833,0.16396731,279925.0,B,False
YEZrZA7GrbvlyKBA7z5q,1,person,POLYGON,0.0,0.0,1.0,0.58117315,1309325.0,,False
YEZrZA7GrbvlyKBA7z5q,4,helmet_loose,POLYGON,0.0,0.0,1.0,0.0185259,41737.0,,False
YEZrZA7GrbvlyKBA7z5q,5,helmet_loose,POLYGON,0.0,0.0,1.0,0.0557193,125530.0,,False
YUsaUSUsoTg1Dhf5PVRS,1,person,POLYGON,0.0,0.0,1.0,0.02937022,22870.0,,False
YUsaUSUsoTg1Dhf5PVRS,2,vest_on_body,POLYGON,0.0,0.0,1.0,0.00621565,4840.0,,False
YUsaUSUsoTg1Dhf5PVRS,4,helmet_on_head,POLYGON,0.0,0.0,1.0,0.00022346,174.0,,False
Ye8ccAU3zvBw2RWzUr4w,1,person,POLYGON,0.033303,0.0,3.32265603,0.12243147,209015.0,2,False
Ye8ccAU3zvBw2RWzUr4w,2,person,POLYGON,0.111675,0.0,0.30096405,0.03684747,62906.0,1,False
Ye8ccAU3zvBw2RWzUr4w,7,vest_on_body,RLE,0.0,0.0,1.0,0.01910672,32619.0,,False
Ye8ccAU3zvBw2RWzUr4w,6,vest_on_body,RLE,0.0,0.0,1.0,0.03280986,56013.0,,False
Yus4GG8O9bfML35pe2Xg,1,person,POLYGON,0.130125,0.0,2.12064964,0.20123067,343541.0,5,False
Yus4GG8O9bfML35pe2Xg,2,person,POLYGON,0.430704,0.0,3.59742713,0.34136364,582776.0,5,False
Yus4GG8O9bfML35pe2Xg,3,helmet_on_head,POLYGON,0.242781,0.0,2.91811786,0.10836282,184997.0,7,False
Yus4GG8O9bfML35pe2Xg,5,person,POLYGON,0.695433,0.0,0.27797644,0.09489105,161998.0,2,False
Yus4GG8O9bfML35pe2Xg,6,helmet_on_head,POLYGON,0.0,0.0,1.0,0.05591436,95457.0,,False
Yus4GG8O9bfML35pe2Xg,7,helmet_on_head,POLYGON,0.527371,0.0,0.34268664,0.03713449,63396.0,3,False
Yus4GG8O9bfML35pe2Xg,8,person,POLYGON,1.0,0.004039,0.247608,0.02349578,40112.0,5,False
Yus4GG8O9bfML35pe2Xg,K,vest_on_body,RLE,0.40061,0.0,0.12159347,0.01182873,20194.0,I,False
Yus4GG8O9bfML35pe2Xg,J,vest_on_body,RLE,0.0,0.0,1.0,0.10374824,177119.0,,False
Yus4GG8O9bfML35pe2Xg,I,vest_on_body,RLE,0.078548,0.0,8.22412598,0.09728093,166078.0,K,False
ZBOFTpRZenVU4pLo2qvs,3,helmet_loose,POLYGON,0.227825,3.4e-05,1.08797616,0.0502199,118300.0,B,False
ZBOFTpRZenVU4pLo2qvs,5,helmet_loose,POLYGON,0.351113,0.004242,3.27061574,0.02672013,62943.0,7,False
ZBOFTpRZenVU4pLo2qvs,7,helmet_loose,POLYGON,0.96,0.013874,0.30575282,0.00816975,19245.0,5,False
ZBOFTpRZenVU4pLo2qvs,B,helmet_loose,POLYGON,0.229167,3.7e-05,0.91913779,0.04615901,108734.0,3,False
ZC5U6cHpgTUpFTtOQWiW,2,vest_on_body,POLYGON,0.0,0.0,1.0,0.022375,38127.0,,False
ZC5U6cHpgTUpFTtOQWiW,5,person,RLE,1.0,0.0,0.34071186,0.09116901,155352.0,4,False
ZC5U6cHpgTUpFTtOQWiW,4,person,RLE,0.381183,0.0,2.93503141,0.26758392,455963.0,5,False
ZSEtO1xi7ojj6XTirEb1,1,vest_on_body,RLE,0.0,0.0,1.0,0.00064974,2495.0,,False
ZSEtO1xi7ojj6XTirEb1,2,vest_on_body,RLE,0.982456,0.459328,0.46519701,0.00209375,8040.0,3,False
ZSEtO1xi7ojj6XTirEb1,3,vest_on_body,RLE,0.382329,0.213678,2.14962687,0.00450078,17283.0,2,False
ZSEtO1xi7ojj6XTirEb1,4,vest_on_body,RLE,0.990164,0.117857,0.17818155,0.00378724,14543.0,5,False
ZSEtO1xi7ojj6XTirEb1,5,vest_on_body,RLE,0.391916,0.021,5.61225332,0.02125495,81619.0,4,False
ZSEtO1xi7ojj6XTirEb1,6,vest_on_body,RLE,0.484211,0.0,0.05773166,0.00122708,4712.0,5,False
ZSEtO1xi7ojj6XTirEb1,8,person,RLE,0.580786,0.0,0.32747615,0.01831641,70335.0,B,False
ZSEtO1xi7ojj6XTirEb1,9,person,RLE,0.0,0.0,1.0,0.00419089,16093.0,,False
ZSEtO1xi7ojj6XTirEb1,A,person,RLE,0.609137,0.000226,0.32999967,0.01845755,70877.0,B,False
ZSEtO1xi7ojj6XTirEb1,B,person,RLE,0.184153,0.0,3.0536575,0.05593203,214779.0,8,False
ZSEtO1xi7ojj6XTirEb1,G,helmet_on_head,RLE,0.0,0.0,1.0,0.00342734,13161.0,,False
ZSEtO1xi7ojj6XTirEb1,F,helmet_on_head,RLE,0.0,0.0,1.0,0.00107917,4144.0,,False
ZSEtO1xi7ojj6XTirEb1,E,helmet_on_head,RLE,0.0,0.0,1.0,0.00040677,1562.0,,False
ZSEtO1xi7ojj6XTirEb1,D,helmet_on_head,RLE,0.0,0.0,1.0,0.0022862,8779.0,,False
ZtkHwixUGYxprWRUjVfK,1,person,POLYGON,0.0,0.0,1.0,0.72781603,2782004.0,,False
ZtkHwixUGYxprWRUjVfK,2,helmet_on_head,POLYGON,0.0,0.0,1.0,0.11417303,436415.0,,False
ZyE71IGsDLI6OG9aIUwV,1,person,POLYGON,0.240291,0.0,0.84647797,0.17981472,689050.0,3,False
ZyE71IGsDLI6OG9aIUwV,3,person,POLYGON,0.261261,0.0,1.18136565,0.21242693,814020.0,1,False
ZyE71IGsDLI6OG9aIUwV,B,vest_on_body,RLE,0.0,0.0,1.0,0.02635908,101008.0,,False
aEsSiryCIhDl2uLhyYVc,3,helmet_loose,POLYGON,0.0,0.0,1.0,0.05396782,208618.0,,False
ahfMFVQYlwiC5qDCiYTe,1,vest_on_body,POLYGON,0.0,0.0,1.0,0.01062215,8581.0,,False
ahfMFVQYlwiC5qDCiYTe,2,person,POLYGON,0.0,0.0,1.0,0.02262082,18274.0,,False
ajCO2t9BGFENy5GElzHf,1,vest_on_body,RLE,0.0,0.0,1.0,0.06024375,231336.0,,False
ajCO2t9BGFENy5GElzHf,2,person,RLE,0.0,0.0,1.0,0.19346849,742919.0,,False
ajcbQPBpsaCua5ocPPgp,4,person,RLE,0.0,0.0,1.0,0.03737049,127538.0,,False
ajcbQPBpsaCua5ocPPgp,3,person,RLE,0.0,0.0,1.0,0.05566456,189972.0,,False
bQfpZl7W2IH4XyIddjOY,1,person,RLE,0.434635,0.0,2.0946333,0.04240921,72401.0,5,False
bQfpZl7W2IH4XyIddjOY,2,person,RLE,0.30608,0.0,10.80943151,0.21885426,373628.0,5,False
bQfpZl7W2IH4XyIddjOY,3,person,RLE,0.201171,0.0,1.29344582,0.05280459,90148.0,4,False
bQfpZl7W2IH4XyIddjOY,4,person,RLE,0.263305,0.0,0.77312863,0.04082474,69696.0,3,False
bQfpZl7W2IH4XyIddjOY,5,person,RLE,0.808937,0.0,0.0925118,0.0202466,34565.0,2,False
bQfpZl7W2IH4XyIddjOY,6,person,RLE,0.257178,0.0,0.65244777,0.02663601,45473.0,4,False
bQfpZl7W2IH4XyIddjOY,7,person,RLE,0.854978,0.0,0.17808087,0.03897376,66536.0,2,False
bQh3X6QEPcT50H0QeLPP,8,person,RLE,0.772387,6.3e-05,0.2059491,0.03490844,111707.0,6,False
bQh3X6QEPcT50H0QeLPP,7,person,RLE,0.260023,0.0,9.03541407,0.31541219,1009319.0,8,False
bQh3X6QEPcT50H0QeLPP,6,person,RLE,0.491718,1.3e-05,4.85556859,0.16950031,542401.0,8,False
bya4T8yTfPXtyN71EGq6,3,person,RLE,0.0,0.0,1.0,0.15565749,366673.0,,False
cR6jQqnXlXEih0YeParx,1,helmet_loose,POLYGON,0.074776,0.005766,0.27960637,0.00501083,8325.0,4,False
cR6jQqnXlXEih0YeParx,2,helmet_loose,POLYGON,0.369231,0.0,0.93291692,0.01105754,18371.0,9,False
cR6jQqnXlXEih0YeParx,3,helmet_loose,POLYGON,0.405063,0.014827,0.93727531,0.01051402,17468.0,5,False
cR6jQqnXlXEih0YeParx,4,helmet_loose,POLYGON,0.0263,0.0,1.59757472,0.01792103,29774.0,5,False
cR6jQqnXlXEih0YeParx,5,helmet_loose,POLYGON,0.292638,0.013897,1.06692237,0.01121765,18637.0,3,False
cR6jQqnXlXEih0YeParx,6,helmet_loose,POLYGON,0.009929,0.0,0.70054054,0.00351029,5832.0,1,False
cR6jQqnXlXEih0YeParx,7,helmet_loose,POLYGON,0.010823,0.0,0.39934842,0.00140183,2329.0,6,False
cR6jQqnXlXEih0YeParx,9,helmet_loose,POLYGON,0.491395,0.0,1.07190681,0.01185265,19692.0,2,False
cR6jQqnXlXEih0YeParx,B,helmet_loose,POLYGON,0.0,0.0,1.0,0.01047249,17399.0,,False
cYheOItaMXJ9X72dU5u4,1,person,POLYGON,0.38705,0.088267,0.86029356,0.21893393,373764.0,2,False
cYheOItaMXJ9X72dU5u4,2,person,POLYGON,0.351529,0.075935,1.16239392,0.25448746,434461.0,1,False
cYheOItaMXJ9X72dU5u4,3,helmet_on_head,POLYGON,0.0,0.0,1.0,0.03832591,65430.0,,False
cYheOItaMXJ9X72dU5u4,4,helmet_on_head,POLYGON,0.0,0.0,1.0,0.02367619,40420.0,,False
d1LRdQbKYoIKVWX76Mj1,1,person,POLYGON,0.0,0.0,1.0,0.50158632,2105860.0,,False
dOdZyD1R1kVyKKu9TD1D,1,vest_loose,POLYGON,0.794996,2.6e-05,1.51909852,0.3039458,622481.0,2,False
dOdZyD1R1kVyKKu9TD1D,2,vest_loose,POLYGON,0.590095,3.9e-05,0.65828515,0.20008301,409770.0,1,False
dOdZyD1R1kVyKKu9TD1D,3,vest_loose,POLYGON,0.697616,0.0,0.85164116,0.17039893,348977.0,2,False
dV0CbyCSJtXWWMuNiUBb,1,person,POLYGON,0.041853,0.0,2.44224035,0.22374653,322195.0,2,False
dV0CbyCSJtXWWMuNiUBb,2,person,POLYGON,0.137306,0.0,0.40946011,0.09161528,131926.0,1,False
dV0CbyCSJtXWWMuNiUBb,3,helmet_on_head,POLYGON,0.0,0.0,1.0,0.03458056,49796.0,,False
dV0CbyCSJtXWWMuNiUBb,4,vest_on_body,POLYGON,0.0,0.0,1.0,0.03496458,50349.0,,False
dV0CbyCSJtXWWMuNiUBb,5,vest_on_body,POLYGON,0.0,0.0,1.0,0.03055625,44001.0,,False
dVaKcGZ9EJmsN6TEqTdZ,1,person,RLE,0.0,0.0,1.0,0.38311483,1469322.0,,False
dYU1JnyrMTQu4U60pGK9,1,person,POLYGON,0.0,0.0,1.0,0.14131489,332887.0,,False
dcveFfgBcxZdfrcwfGt2,1,vest_on_body,RLE,0.0,0.0,1.0,0.01880096,32097.0,,False
dcveFfgBcxZdfrcwfGt2,2,vest_on_body,RLE,0.008824,0.0,1.23962605,0.03098993,52906.0,3,False
dcveFfgBcxZdfrcwfGt2,3,vest_on_body,RLE,0.012569,0.0,0.80669489,0.02499941,42679.0,2,False
dcveFfgBcxZdfrcwfGt2,4,person,RLE,0.081073,0.0,0.93466148,0.0312459,53343.0,6,False
dcveFfgBcxZdfrcwfGt2,5,person,RLE,0.141453,0.0,1.30035744,0.04347118,74214.0,6,False
dcveFfgBcxZdfrcwfGt2,6,person,RLE,0.228499,0.0,0.76901932,0.03343018,57072.0,5,False
dcveFfgBcxZdfrcwfGt2,A,helmet_on_head,RLE,0.0,0.0,1.0,0.00818065,13966.0,,False
dcveFfgBcxZdfrcwfGt2,9,helmet_on_head,RLE,0.0,0.0,1.0,0.00570466,9739.0,,False
dcveFfgBcxZdfrcwfGt2,8,helmet_on_head,RLE,0.0,0.0,1.0,0.00648899,11078.0,,False
dkDUAa5JcRqtBp6op5UD,1,person,POLYGON,0.132743,0.0,1.17379764,0.12330307,210503.0,2,False
dkDUAa5JcRqtBp6op5UD,2,person,POLYGON,0.155056,0.0,0.8519356,0.10504627,179335.0,1,False
dkDUAa5JcRqtBp6op5UD,3,helmet_on_head,POLYGON,0.0,0.0,1.0,0.00620197,10588.0,,False
dkDUAa5JcRqtBp6op5UD,4,helmet_on_head,POLYGON,0.0,0.0,1.0,0.00686504,11720.0,,False
dkDUAa5JcRqtBp6op5UD,7,vest_on_body,RLE,0.017202,0.0,1.09535534,0.05576675,95205.0,6,False
dkDUAa5JcRqtBp6op5UD,6,vest_on_body,RLE,0.023575,0.0,0.91294575,0.05091202,86917.0,7,False
dwz8H6tUE91TOzWAqabt,2,helmet_on_head,POLYGON,0.0,0.0,1.0,0.09317081,118094.0,,False
dwz8H6tUE91TOzWAqabt,5,person,POLYGON,0.07369,0.041991,23.81476157,0.77107219,977334.0,C,False
dwz8H6tUE91TOzWAqabt,7,vest_on_body,POLYGON,7.2e-05,0.0,18204.35714286,0.40214753,509722.0,8,False
dwz8H6tUE91TOzWAqabt,8,vest_on_body,POLYGON,1.0,0.0,5.493e-05,2.209e-05,28.0,7,True
dwz8H6tUE91TOzWAqabt,9,vest_on_body,POLYGON,1.0,0.0,1.177e-05,4.73e-06,6.0,7,True
dwz8H6tUE91TOzWAqabt,A,person,POLYGON,1.0,1.0,0.00303479,0.00234004,2966.0,5,True
dwz8H6tUE91TOzWAqabt,B,person,POLYGON,1.0,1.0,8.19e-06,6.31e-06,8.0,5,True
dwz8H6tUE91TOzWAqabt,C,person,POLYGON,1.0,1.0,0.04199076,0.03237791,41039.0,5,True
dwz8H6tUE91TOzWAqabt,D,person,POLYGON,1.0,1.0,0.00053718,0.0004142,525.0,5,True
dwz8H6tUE91TOzWAqabt,E,person,POLYGON,1.0,1.0,1.023e-05,7.89e-06,10.0,5,True
dwz8H6tUE91TOzWAqabt,F,person,POLYGON,1.0,1.0,0.00023943,0.00018462,234.0,5,True
dwz8H6tUE91TOzWAqabt,G,person,POLYGON,1.0,1.0,0.00020771,0.00016016,203.0,5,True
dwz8H6tUE91TOzWAqabt,H,person,POLYGON,1.0,0.0,4.09e-06,3.16e-06,4.0,5,True
eAKrlJVl2YEdaogp9yez,1,person,RLE,0.0,0.0,1.0,0.03264798,125316.0,,False
eAKrlJVl2YEdaogp9yez,2,person,RLE,0.043956,0.0,0.26570007,0.02888886,110887.0,3,False
eAKrlJVl2YEdaogp9yez,3,person,RLE,0.070248,0.0,1.65260519,0.10872733,417339.0,4,False
eAKrlJVl2YEdaogp9yez,4,person,RLE,0.138728,0.0,0.6051052,0.06579148,252534.0,3,False
eK6ftnVVMa7WC57HMKWj,1,person,RLE,0.071898,0.0,20.41263069,0.31106783,531055.0,2,False
eK6ftnVVMa7WC57HMKWj,2,person,RLE,1.0,0.0,0.04898928,0.01523899,26016.0,1,False
eZW0CBCWqoYoxqYPQphx,1,person,POLYGON,0.0,0.0,1.0,0.07166706,122350.0,,False
eZW0CBCWqoYoxqYPQphx,2,helmet_on_head,POLYGON,0.0,0.0,1.0,0.00283798,4845.0,,False
euCQjjUlEThJqziS0g9T,1,vest_on_body,RLE,0.0,0.0,1.0,0.09933868,169591.0,,False
euCQjjUlEThJqziS0g9T,2,person,RLE,0.0,0.0,1.0,0.21886891,373653.0,,False
euCQjjUlEThJqziS0g9T,4,helmet_on_head,RLE,0.0,0.0,1.0,0.01660731,28352.0,,False
f0Z2QQcy1PolmwGQXPzx,3,vest_on_body,POLYGON,0.0,0.0,1.0,0.03934742,67048.0,,False
f0Z2QQcy1PolmwGQXPzx,9,person,RLE,0.832584,0.0,0.02861175,0.00203462,3467.0,7,False
f0Z2QQcy1PolmwGQXPzx,8,person,RLE,0.479874,0.0,0.09486121,0.00777934,13256.0,5,False
f0Z2QQcy1PolmwGQXPzx,7,person,RLE,0.036663,0.0,34.95067782,0.0711115,121174.0,9,False
f0Z2QQcy1PolmwGQXPzx,6,person,RLE,0.73224,0.001752,0.04493313,0.00368486,6279.0,5,False
f0Z2QQcy1PolmwGQXPzx,5,person,RLE,0.05127,7.9e-05,22.25529543,0.08200763,139741.0,6,False
f1CUR1R0AXa8BF8OuBa2,M,helmet_loose,RLE,0.0,0.0,1.0,0.00654225,13566.0,,False
f1CUR1R0AXa8BF8OuBa2,L,helmet_loose,RLE,0.154135,9.1e-05,1.1680966,0.00531829,11028.0,I,False
f1CUR1R0AXa8BF8OuBa2,K,helmet_loose,RLE,0.018827,0.00147,0.80682544,0.00426408,8842.0,9,False
f1CUR1R0AXa8BF8OuBa2,J,helmet_loose,RLE,0.145,0.01078,2.49525316,0.00228154,4731.0,H,False
f1CUR1R0AXa8BF8OuBa2,I,helmet_loose,RLE,0.16507,0.000106,0.85609358,0.00455295,9441.0,L,False
f1CUR1R0AXa8BF8OuBa2,H,helmet_loose,RLE,0.345114,0.026899,0.40076094,0.00091435,1896.0,J,False
f1CUR1R0AXa8BF8OuBa2,G,helmet_loose,RLE,0.0,0.0,1.0,0.00131318,2723.0,,False
f1CUR1R0AXa8BF8OuBa2,F,helmet_loose,RLE,0.0,0.0,1.0,0.00188657,3912.0,,False
f1CUR1R0AXa8BF8OuBa2,E,helmet_loose,RLE,0.0,0.0,1.0,0.00384259,7968.0,,False
f1CUR1R0AXa8BF8OuBa2,D,helmet_loose,RLE,0.11811,0.002389,1.19701303,0.00544994,11301.0,I,False
f1CUR1R0AXa8BF8OuBa2,C,helmet_loose,RLE,0.0,0.0,1.0,0.00098717,2047.0,,False
f1CUR1R0AXa8BF8OuBa2,B,helmet_loose,RLE,0.0,0.0,1.0,0.00163725,3395.0,,False
f1CUR1R0AXa8BF8OuBa2,A,helmet_loose,RLE,0.399866,0.001387,0.16010363,0.00104311,2163.0,5,False
f1CUR1R0AXa8BF8OuBa2,9,helmet_loose,RLE,0.016173,0.001186,1.23942547,0.00528501,10959.0,K,False
f1CUR1R0AXa8BF8OuBa2,8,helmet_loose,RLE,0.0,0.0,1.0,0.00056858,1179.0,,False
f1CUR1R0AXa8BF8OuBa2,7,helmet_loose,RLE,0.016116,0.0,0.94518879,0.00074846,1552.0,O,False
f1CUR1R0AXa8BF8OuBa2,6,helmet_loose,RLE,0.0,0.0,1.0,0.00512587,10629.0,,False
f1CUR1R0AXa8BF8OuBa2,5,helmet_loose,RLE,0.140728,0.000222,6.24595469,0.00651524,13510.0,A,False
f1CUR1R0AXa8BF8OuBa2,4,helmet_loose,RLE,0.041606,0.00456,2.91648936,0.00264419,5483.0,3,False
f1CUR1R0AXa8BF8OuBa2,3,helmet_loose,RLE,0.142857,0.013298,0.34287799,0.00090664,1880.0,4,False
f1CUR1R0AXa8BF8OuBa2,2,helmet_loose,RLE,0.048952,0.0,5.03534778,0.00212963,4416.0,a,False
f1CUR1R0AXa8BF8OuBa2,O,helmet_loose,POLYGON,0.310863,0.000609,0.80293399,0.00079186,1642.0,Q,False
f1CUR1R0AXa8BF8OuBa2,Q,helmet_loose,POLYGON,0.375267,0.000489,1.2454324,0.00098621,2045.0,O,False
f1CUR1R0AXa8BF8OuBa2,S,helmet_loose,POLYGON,0.0,0.0,1.0,0.00109086,2262.0,,False
f1CUR1R0AXa8BF8OuBa2,U,helmet_loose,POLYGON,0.0,0.0,1.0,0.00067757,1405.0,,False
f1CUR1R0AXa8BF8OuBa2,W,helmet_loose,POLYGON,0.126977,0.0,0.38315217,0.00081597,1692.0,2,False
f1CUR1R0AXa8BF8OuBa2,Y,helmet_loose,POLYGON,0.078571,0.002635,2.5963512,0.00109809,2277.0,a,False
f1CUR1R0AXa8BF8OuBa2,a,helmet_loose,POLYGON,0.209098,0.0,0.19859601,0.00042294,877.0,2,False
f9lN7loqzgrkrUl5cotk,3,helmet_on_head,RLE,0.0,0.0,1.0,0.00224403,3831.0,,False
f9lN7loqzgrkrUl5cotk,4,helmet_on_head,RLE,0.0,0.0,1.0,0.00223465,3815.0,,False
f9lN7loqzgrkrUl5cotk,6,person,RLE,0.0,0.0,1.0,0.03497364,59707.0,,False
f9lN7loqzgrkrUl5cotk,5,person,RLE,0.0,0.0,1.0,0.02850574,48665.0,,False
fACVNCxfZ1UpWLOyW5Un,4,person,RLE,0.0,0.0,1.0,0.16059271,616676.0,,False
fCguAs4b5u4OAThWLpsh,1,person,POLYGON,0.287145,0.0,1.39827899,0.18779463,320603.0,2,False
fCguAs4b5u4OAThWLpsh,2,person,POLYGON,0.395215,0.0,0.71516486,0.13430412,229284.0,1,False
fCguAs4b5u4OAThWLpsh,3,helmet_on_head,POLYGON,0.0,0.0,1.0,0.01653409,28227.0,,False
fCguAs4b5u4OAThWLpsh,4,person,POLYGON,0.449131,0.0,0.49024494,0.09206537,157174.0,1,False
fCguAs4b5u4OAThWLpsh,5,helmet_on_head,POLYGON,0.0,0.0,1.0,0.00922622,15751.0,,False
fCguAs4b5u4OAThWLpsh,6,helmet_on_head,POLYGON,0.0,0.0,1.0,0.00767866,13109.0,,False
fLAAu4V914vaOBpzi2jz,1,person,POLYGON,0.0,0.0,1.0,0.19300318,454646.0,,False
fUSboNBF7gsWxFhJcana,2,helmet_on_head,POLYGON,0.0,0.0,1.0,0.00337579,6811.0,,False
fUSboNBF7gsWxFhJcana,4,vest_on_body,RLE,0.0,0.0,1.0,0.00514076,10372.0,,False
fUSboNBF7gsWxFhJcana,6,person,RLE,0.0,0.0,1.0,0.05804074,117103.0,,False
fVfuf7cWPnRyw4D9x1vo,1,person,POLYGON,0.0,0.0,1.0,0.23163601,395449.0,,False
fZbJypRfWdeUfPmPJbv2,1,helmet_loose,POLYGON,0.167012,0.0,4.13704109,0.08637746,294789.0,H,False
fZbJypRfWdeUfPmPJbv2,2,helmet_loose,POLYGON,0.270302,0.0,0.95712381,0.06310713,215372.0,7,False
fZbJypRfWdeUfPmPJbv2,3,helmet_loose,POLYGON,0.177463,0.000986,5.29741174,0.0879782,300252.0,B,False
fZbJypRfWdeUfPmPJbv2,4,helmet_loose,POLYGON,0.287826,0.001591,3.91813468,0.13483972,460181.0,D,False
fZbJypRfWdeUfPmPJbv2,5,helmet_loose,POLYGON,0.061936,0.0,1.88840548,0.12451037,424929.0,7,False
fZbJypRfWdeUfPmPJbv2,6,helmet_loose,POLYGON,0.275794,0.0,0.41924156,0.05653041,192927.0,4,False
fZbJypRfWdeUfPmPJbv2,7,helmet_loose,POLYGON,0.273083,0.0,1.04479691,0.06593413,225020.0,2,False
fZbJypRfWdeUfPmPJbv2,9,helmet_loose,POLYGON,0.464299,0.0,0.21189923,0.02857243,97512.0,4,False
fZbJypRfWdeUfPmPJbv2,B,helmet_loose,POLYGON,0.568686,0.005222,0.18877143,0.01660777,56679.0,3,False
fZbJypRfWdeUfPmPJbv2,D,helmet_loose,POLYGON,0.677586,0.023695,0.75539133,0.03441426,117449.0,F,False
fZbJypRfWdeUfPmPJbv2,F,helmet_loose,POLYGON,0.732603,0.017899,1.32381715,0.04555819,155481.0,D,False
fZbJypRfWdeUfPmPJbv2,H,helmet_loose,POLYGON,0.788863,0.000702,0.45829394,0.02087904,71256.0,F,False
fZbJypRfWdeUfPmPJbv2,J,helmet_loose,POLYGON,0.511392,0.0,0.34260721,0.02162096,73788.0,2,False
fZbJypRfWdeUfPmPJbv2,L,helmet_loose,POLYGON,0.474026,0.0,0.16931635,0.01068507,36466.0,2,False
feq9UuxoWtVRBPUnMr4G,1,person,RLE,0.0,0.0,1.0,0.12990403,221980.0,,False
feq9UuxoWtVRBPUnMr4G,2,person,RLE,0.093746,0.0,1.29722828,0.08323502,142232.0,3,False
feq9UuxoWtVRBPUnMr4G,3,person,RLE,0.131222,0.0,0.77087435,0.06416374,109643.0,2,False
fh9ZLK61WWobTGZsxZtb,1,vest_on_body,RLE,0.0,0.0,1.0,0.00868298,21895.0,,False
fh9ZLK61WWobTGZsxZtb,2,helmet_on_head,RLE,0.0,0.0,1.0,0.00103704,2615.0,,False
fh9ZLK61WWobTGZsxZtb,3,person,RLE,0.0,0.0,1.0,0.02100174,52958.0,,False
fttALlrksUCBwd1P1uxT,1,vest_on_body,RLE,0.0,0.0,1.0,0.02762887,47168.0,,False
fttALlrksUCBwd1P1uxT,2,vest_on_body,RLE,0.0,0.0,1.0,0.00064843,1107.0,,False
fttALlrksUCBwd1P1uxT,3,helmet_on_head,RLE,0.0,0.0,1.0,0.02082826,35558.0,,False
fttALlrksUCBwd1P1uxT,4,person,RLE,0.008583,0.0,90.75550122,0.15219834,259833.0,5,False
fttALlrksUCBwd1P1uxT,5,person,RLE,1.0,0.0,0.01101862,0.00167701,2863.0,4,False
fttALlrksUCBwd1P1uxT,6,person,RLE,0.04,0.0,0.01537141,0.0023395,3994.0,4,False
g1wRtvNq6gOrnSakm4aj,1,person,RLE,0.188066,0.0,2.14980315,0.00639702,10921.0,7,False
g1wRtvNq6gOrnSakm4aj,2,person,RLE,0.984127,0.956311,0.23219989,0.00072399,1236.0,5,False
g1wRtvNq6gOrnSakm4aj,3,person,RLE,0.0,0.0,1.0,0.00823571,14060.0,,False
g1wRtvNq6gOrnSakm4aj,4,person,RLE,0.363636,0.0,0.10669291,0.00031748,542.0,7,False
g1wRtvNq6gOrnSakm4aj,5,person,RLE,0.03717,0.222055,4.3066343,0.00311797,5323.0,2,False
g1wRtvNq6gOrnSakm4aj,6,person,RLE,0.0,0.0,1.0,0.00017924,306.0,,False
g1wRtvNq6gOrnSakm4aj,7,person,RLE,0.575558,0.0,0.46515887,0.00297563,5080.0,1,False
gNPDrOkY5ncvCstpk8Ir,1,helmet_on_head,RLE,0.0,0.0,1.0,0.00801488,13683.0,,False
gNPDrOkY5ncvCstpk8Ir,2,person,RLE,0.0,0.0,1.0,0.16013179,273377.0,,False
gPFGULsXJIadGfSxA0ZC,1,vest_on_body,RLE,0.0,0.0,1.0,0.0860157,146846.0,,False
gPFGULsXJIadGfSxA0ZC,2,person,RLE,0.0,0.0,1.0,0.23585813,402657.0,,False
gYn6rlfE3jNZF4ue6QGT,1,helmet_loose,POLYGON,0.0,0.0,1.0,0.07063123,77118.0,,False
gYn6rlfE3jNZF4ue6QGT,2,person,POLYGON,0.0,0.0,1.0,0.05058891,55235.0,,False
gYn6rlfE3jNZF4ue6QGT,3,person,POLYGON,0.0,0.0,1.0,0.00263592,2878.0,,False
ghzZPWPu7P2hqWEVXzdK,3,helmet_loose,RLE,0.0,0.0,1.0,0.17220208,330628.0,,False
glS8kOIkWw2z5g9Jf0YI,1,person,RLE,0.259432,0.0,3.8601881,0.24714972,421934.0,2,False
glS8kOIkWw2z5g9Jf0YI,2,person,RLE,0.869822,0.0,0.25905473,0.0640253,109304.0,1,False
gtQyCqdKvXk2yIeURzCw,1,person,POLYGON,0.0,0.0,1.0,0.07119856,55364.0,,False
gtQyCqdKvXk2yIeURzCw,2,helmet_loose,POLYGON,0.0,0.0,1.0,0.00715149,5561.0,,False
guTxd6qoSMleRrrzuudX,1,vest_on_body,RLE,0.0,0.0,1.0,0.02237441,37947.0,,False
guTxd6qoSMleRrrzuudX,2,vest_on_body,RLE,0.0,0.0,1.0,0.0332783,56440.0,,False
guTxd6qoSMleRrrzuudX,3,person,RLE,0.616822,0.0,0.55304987,0.06021167,102119.0,5,False
guTxd6qoSMleRrrzuudX,4,person,RLE,0.447541,0.0,0.73410887,0.07992394,135551.0,5,False
guTxd6qoSMleRrrzuudX,5,person,RLE,0.22955,0.0,1.80815519,0.10887205,184647.0,3,False
guTxd6qoSMleRrrzuudX,8,helmet_on_head,RLE,0.0,0.0,1.0,0.00891922,15127.0,,False
guTxd6qoSMleRrrzuudX,7,helmet_on_head,RLE,0.0,0.0,1.0,0.00743337,12607.0,,False
gwAoT5NhaRgUOaU5OHpI,1,person,POLYGON,0.0,0.0,1.0,0.34017888,766389.0,,False
gwAoT5NhaRgUOaU5OHpI,2,vest_on_body,POLYGON,0.0,0.0,1.0,0.16524391,372278.0,,False
gwAoT5NhaRgUOaU5OHpI,5,helmet_on_head,POLYGON,0.0,0.0,1.0,0.03653913,82319.0,,False
hKVfPWLhNq2uN8d3SJs1,1,vest_on_body,RLE,0.0,0.0,1.0,0.23054427,885290.0,,False
hKVfPWLhNq2uN8d3SJs1,2,helmet_on_head,RLE,0.0,0.0,1.0,0.03904792,149944.0,,False
hKVfPWLhNq2uN8d3SJs1,3,person,RLE,0.0,0.0,1.0,0.3567737,1370011.0,,False
hRBalleqqyG7t2msbEJX,8,person,RLE,0.0,0.0,1.0,0.00430764,6203.0,,False
hRBalleqqyG7t2msbEJX,7,person,RLE,0.305563,0.000769,1.81619358,0.00542083,7806.0,6,False
hRBalleqqyG7t2msbEJX,6,person,RLE,0.437973,0.001396,0.5506021,0.00298472,4298.0,7,False
hRBalleqqyG7t2msbEJX,5,person,RLE,0.0,0.0,1.0,0.01950069,28081.0,,False
hn0aQnTlX2RCubxvozTD,1,person,POLYGON,0.0,0.0,1.0,0.11394154,194521.0,,False
hsfBHYazMXnS3WJlQzR7,1,vest_on_body,RLE,0.0,0.0,1.0,0.08071345,137794.0,,False
hsfBHYazMXnS3WJlQzR7,2,vest_on_body,RLE,0.0,0.0,1.0,0.08379452,143054.0,,False
hsfBHYazMXnS3WJlQzR7,3,person,RLE,0.0,0.0,1.0,0.2796011,477335.0,,False
hsfBHYazMXnS3WJlQzR7,4,person,RLE,0.0,0.0,1.0,0.3388859,578546.0,,False
hsfBHYazMXnS3WJlQzR7,7,helmet_on_head,RLE,0.0,0.0,1.0,0.10397083,177499.0,,False
hsfBHYazMXnS3WJlQzR7,6,helmet_on_head,RLE,0.0,0.0,1.0,0.16206361,276675.0,,False
iJ4dUZWQCFaMhFRpxFFB,1,person,POLYGON,0.0,0.0,1.0,0.40171992,683888.0,,False
iJ4dUZWQCFaMhFRpxFFB,2,helmet_on_head,POLYGON,0.0,0.0,1.0,0.14900493,253666.0,,False
iYDeCo5SbjJugwsbVESB,1,vest_on_body,RLE,0.0,0.0,1.0,0.03746896,63967.0,,False
iYDeCo5SbjJugwsbVESB,2,helmet_on_head,RLE,0.07619,0.007157,0.92264151,0.00057287,978.0,E,False
iYDeCo5SbjJugwsbVESB,3,helmet_on_head,RLE,0.072693,0.001238,0.57921147,0.00047329,808.0,A,False
iYDeCo5SbjJugwsbVESB,4,helmet_on_head,RLE,0.0,0.0,1.0,0.00077027,1315.0,,False
iYDeCo5SbjJugwsbVESB,5,helmet_on_head,RLE,1.0,0.990371,0.64165931,0.00042584,727.0,C,False
iYDeCo5SbjJugwsbVESB,6,helmet_on_head,RLE,0.0,0.0,1.0,0.00069998,1195.0,,False
iYDeCo5SbjJugwsbVESB,7,helmet_on_head,RLE,0.0,0.0,1.0,0.00049789,850.0,,False
iYDeCo5SbjJugwsbVESB,8,helmet_on_head,RLE,0.0,0.0,1.0,0.00064023,1093.0,,False
iYDeCo5SbjJugwsbVESB,9,helmet_on_head,RLE,0.03869,0.001236,1.01251564,0.00047388,809.0,D,False
iYDeCo5SbjJugwsbVESB,A,helmet_on_head,RLE,0.044218,0.000717,1.72648515,0.00081713,1395.0,3,False
iYDeCo5SbjJugwsbVESB,B,helmet_on_head,RLE,0.54849,0.083,0.88261253,0.00058575,1000.0,C,False
iYDeCo5SbjJugwsbVESB,C,helmet_on_head,RLE,0.560457,0.635481,1.55845942,0.00066366,1133.0,5,False
iYDeCo5SbjJugwsbVESB,D,helmet_on_head,RLE,0.040123,0.001252,0.98763906,0.00046802,799.0,9,False
iYDeCo5SbjJugwsbVESB,E,helmet_on_head,RLE,0.068376,0.006604,1.08384458,0.0006209,1060.0,2,False
iYDeCo5SbjJugwsbVESB,F,helmet_on_head,RLE,0.0,0.0,1.0,0.00042526,726.0,,False
iYDeCo5SbjJugwsbVESB,G,person,RLE,0.915493,0.0,0.03333803,0.00318885,5444.0,W,False
iYDeCo5SbjJugwsbVESB,H,person,RLE,0.663167,0.0,0.35508465,0.00581068,9920.0,Q,False
iYDeCo5SbjJugwsbVESB,I,person,RLE,0.175,0.0,0.20700547,0.00214972,3670.0,T,False
iYDeCo5SbjJugwsbVESB,J,person,RLE,0.048549,0.000895,3.94334444,0.01178245,20115.0,N,False
iYDeCo5SbjJugwsbVESB,K,person,RLE,0.010202,0.0,1.31916295,0.01056057,18029.0,L,False
iYDeCo5SbjJugwsbVESB,L,person,RLE,0.408451,0.0,0.08369413,0.00800551,13667.0,W,False
iYDeCo5SbjJugwsbVESB,M,person,RLE,0.0,0.0,1.0,0.00409442,6990.0,,False
iYDeCo5SbjJugwsbVESB,N,person,RLE,0.191489,0.003529,0.25359185,0.00298793,5101.0,J,False
iYDeCo5SbjJugwsbVESB,O,person,RLE,0.927083,0.0,0.0677954,0.00110942,1894.0,Q,False
iYDeCo5SbjJugwsbVESB,P,person,RLE,0.0,0.0,1.0,0.00503163,8590.0,,False
iYDeCo5SbjJugwsbVESB,Q,person,RLE,0.354974,0.004367,2.05373815,0.01636422,27937.0,S,False
iYDeCo5SbjJugwsbVESB,R,person,RLE,0.37804,0.0,1.66455929,0.01326324,22643.0,S,False
iYDeCo5SbjJugwsbVESB,S,person,RLE,0.576365,0.008969,0.48691699,0.00796802,13603.0,Q,False
iYDeCo5SbjJugwsbVESB,T,person,RLE,0.040288,0.0,4.83079019,0.01038484,17729.0,I,False
iYDeCo5SbjJugwsbVESB,U,person,RLE,0.515152,0.005184,0.16566481,0.00135602,2315.0,V,False
iYDeCo5SbjJugwsbVESB,V,person,RLE,0.183131,0.022971,1.24202293,0.00818533,13974.0,Z,False
iYDeCo5SbjJugwsbVESB,W,person,RLE,0.040459,0.0,29.99577517,0.09565194,163297.0,G,False
iYDeCo5SbjJugwsbVESB,X,person,RLE,1.0,0.0,0.01566471,0.00149836,2558.0,W,False
iYDeCo5SbjJugwsbVESB,Y,person,RLE,1.0,0.0,0.01772843,0.00169576,2895.0,W,False
iYDeCo5SbjJugwsbVESB,Z,person,RLE,0.271091,0.028531,0.80513811,0.00659032,11251.0,V,False
iYDeCo5SbjJugwsbVESB,a,person,RLE,0.19596,0.0268,2.77235421,0.00375937,6418.0,U,False
iaiWnIvvT5pVlhb0dKOl,1,person,POLYGON,0.081473,0.0,8.864706,0.25971532,443386.0,2,False
iaiWnIvvT5pVlhb0dKOl,2,person,POLYGON,0.866667,0.0,0.1128069,0.02929768,50017.0,1,False
iaiWnIvvT5pVlhb0dKOl,3,helmet_on_head,POLYGON,0.0,0.0,1.0,0.00619201,10571.0,,False
iaiWnIvvT5pVlhb0dKOl,4,helmet_on_head,POLYGON,0.0,0.0,1.0,0.01101921,18812.0,,False
iaiWnIvvT5pVlhb0dKOl,5,person,POLYGON,0.012859,0.0,2.8591079,0.08376523,143004.0,2,False
iaiWnIvvT5pVlhb0dKOl,6,helmet_on_head,POLYGON,0.0,0.0,1.0,0.00343076,5857.0,,False
ifby7cAiqu9ONl1N8bBb,2,person,POLYGON,0.0,0.0,1.0,0.26547131,626353.0,,False
ifby7cAiqu9ONl1N8bBb,4,vest_on_body,RLE,0.0,0.0,1.0,0.14761083,348273.0,,False
imjwATL2GrVSVnpZbh6h,1,vest_on_body,POLYGON,0.0,0.0,1.0,0.11793846,149487.0,,False
imjwATL2GrVSVnpZbh6h,2,helmet_on_head,POLYGON,0.0,0.0,1.0,0.01271716,16119.0,,False
imjwATL2GrVSVnpZbh6h,4,person,RLE,0.0,0.0,1.0,0.18445444,233796.0,,False
iubfYkjY0FQevxBHrSDF,1,vest_on_body,RLE,0.134674,0.0,0.54129873,0.02178454,37086.0,3,False
iubfYkjY0FQevxBHrSDF,2,vest_on_body,RLE,0.0,0.0,1.0,0.13427103,228583.0,,False
iubfYkjY0FQevxBHrSDF,3,vest_on_body,RLE,0.146172,0.0,1.84740873,0.04024495,68513.0,1,False
iubfYkjY0FQevxBHrSDF,4,vest_on_body,RLE,0.0,0.0,1.0,0.105336,179324.0,,False
iubfYkjY0FQevxBHrSDF,5,person,RLE,0.216323,0.0,1.10307477,0.07788651,132594.0,8,False
iubfYkjY0FQevxBHrSDF,6,person,RLE,0.789905,0.008869,1.24315641,0.20319079,345912.0,7,False
iubfYkjY0FQevxBHrSDF,7,person,RLE,0.503341,0.011026,0.80440401,0.16344749,278253.0,6,False
iubfYkjY0FQevxBHrSDF,8,person,RLE,0.27475,0.0,0.90655686,0.07060855,120204.0,5,False
iubfYkjY0FQevxBHrSDF,D,helmet_on_head,RLE,0.0,0.0,1.0,0.01442258,24553.0,,False
iubfYkjY0FQevxBHrSDF,C,helmet_on_head,RLE,0.0,0.0,1.0,0.02314438,39401.0,,False
iubfYkjY0FQevxBHrSDF,B,helmet_on_head,RLE,0.044484,0.0,1.21634469,0.01172404,19959.0,A,False
iubfYkjY0FQevxBHrSDF,A,helmet_on_head,RLE,0.048577,0.0,0.82213538,0.00963875,16409.0,B,False
j62kdLyGTgOcZr6cFg4l,2,helmet_loose,RLE,0.0,0.0,1.0,0.0205995,64633.0,,False
jB6vHTpd3bg6PYMbkqIa,1,person,POLYGON,0.0,0.0,1.0,0.36052266,1384407.0,,False
jDwIXNJBgF475XoAE6vp,3,helmet_on_head,RLE,0.0,0.0,1.0,0.00785651,30169.0,,False
jDwIXNJBgF475XoAE6vp,E,person,RLE,0.571429,0.0,0.16427644,0.01628125,62520.0,B,False
jDwIXNJBgF475XoAE6vp,D,person,RLE,0.710224,0.0,0.51554252,0.01625234,62409.0,C,False
jDwIXNJBgF475XoAE6vp,C,person,RLE,0.353226,0.0,1.93970421,0.03152474,121055.0,D,False
jDwIXNJBgF475XoAE6vp,B,person,RLE,0.060757,0.0,6.08730006,0.09910885,380578.0,E,False
jDwIXNJBgF475XoAE6vp,A,person,RLE,1.0,0.0,0.01205797,0.00119505,4589.0,B,False
jDwIXNJBgF475XoAE6vp,H,vest_on_body,RLE,1.0,1.0,0.64961073,0.04195859,161121.0,G,False
jDwIXNJBgF475XoAE6vp,G,vest_on_body,RLE,0.571631,0.649611,1.53938344,0.06459036,248027.0,H,False
jMjBquUFO7RKmJoREtKf,2,person,RLE,0.0,0.0,1.0,0.00076146,2924.0,,False
k5KncB0t5cKDlnJjjD7R,1,person,POLYGON,0.0,0.0,1.0,0.02626693,100865.0,,False
k5KncB0t5cKDlnJjjD7R,2,vest_on_body,POLYGON,0.0,0.0,1.0,0.00823854,31636.0,,False
k5KncB0t5cKDlnJjjD7R,3,helmet_on_head,POLYGON,0.0,0.0,1.0,0.00111849,4295.0,,False
k9xkkgvQEhZ5r4UBzBLi,1,person,RLE,0.167568,0.0,0.70971961,0.08867795,151391.0,2,False
k9xkkgvQEhZ5r4UBzBLi,2,person,RLE,0.113127,0.0,1.40900714,0.12494787,213311.0,1,False
kTH5lgBkMr7IPrRdEdsH,1,helmet_loose,RLE,0.0,0.0,1.0,0.24480494,417931.0,,False
kd9SJdeJNaqWF3otEono,1,helmet_loose,POLYGON,0.193382,0.0,1.21241142,0.15073637,164580.0,2,False
kd9SJdeJNaqWF3otEono,2,helmet_loose,POLYGON,0.238919,0.0,0.82480253,0.12432774,135746.0,1,False
kd9SJdeJNaqWF3otEono,3,helmet_loose,POLYGON,0.140483,0.0,3.59480808,0.07419494,81009.0,4,False
kd9SJdeJNaqWF3otEono,4,helmet_loose,POLYGON,0.496855,0.0,0.27817897,0.02063947,22535.0,3,False
keYyPpX3glyxtyVpJW0h,1,person,POLYGON,0.0,0.0,1.0,0.69038238,2657696.0,,False
kfY9GYBFnMHnsmXlT7Pk,1,person,POLYGON,0.0,0.0,1.0,0.29971361,379887.0,,False
kfY9GYBFnMHnsmXlT7Pk,5,vest_on_body,POLYGON,0.133168,0.0,3.2860703,0.09987061,126586.0,A,False
kfY9GYBFnMHnsmXlT7Pk,9,helmet_on_head,POLYGON,0.0,0.0,1.0,0.01527022,19355.0,,False
kfY9GYBFnMHnsmXlT7Pk,A,vest_on_body,POLYGON,0.507614,0.0,0.30431485,0.03039211,38522.0,5,True
krq8FSSwp3IHgm9N0pao,1,person,POLYGON,0.0,0.0,1.0,0.34607767,269110.0,,False
krq8FSSwp3IHgm9N0pao,3,vest_on_body,RLE,0.0,0.0,1.0,0.18503729,143885.0,,False
kusZ7rL0IJdPP025Z3VL,28,person,RLE,0.0,0.0,1.0,0.0004563,779.0,,False
kusZ7rL0IJdPP025Z3VL,27,person,RLE,0.168831,0.005233,0.5504,0.0010075,1720.0,1w,False
kusZ7rL0IJdPP025Z3VL,26,person,RLE,0.0,0.0,1.0,0.00239398,4087.0,,False
kusZ7rL0IJdPP025Z3VL,25,person,RLE,0.16886,0.009961,2.07111835,0.00223465,3815.0,17,False
kusZ7rL0IJdPP025Z3VL,24,person,RLE,0.209677,0.000743,1.59691578,0.00394271,6731.0,1t,False
kusZ7rL0IJdPP025Z3VL,23,person,RLE,0.044497,0.0,0.63549889,0.00183927,3140.0,19,False
kusZ7rL0IJdPP025Z3VL,22,person,RLE,0.016159,0.0,0.81968788,0.00199977,3414.0,1N,False
kusZ7rL0IJdPP025Z3VL,21,person,RLE,0.0,0.0,1.0,0.0022493,3840.0,,False
kusZ7rL0IJdPP025Z3VL,1z,person,RLE,0.124497,0.0,1.28344096,0.00325972,5565.0,1U,False
kusZ7rL0IJdPP025Z3VL,1y,person,RLE,0.02874,0.008463,2.07765568,0.0016612,2836.0,1l,False
kusZ7rL0IJdPP025Z3VL,1x,person,RLE,0.320738,0.038611,0.99069014,0.00286727,4895.0,19,False
kusZ7rL0IJdPP025Z3VL,1w,person,RLE,0.300699,0.0016,1.20053784,0.00183048,3125.0,1T,False
kusZ7rL0IJdPP025Z3VL,1v,person,RLE,0.0,0.0,1.0,0.0015294,2611.0,,False
kusZ7rL0IJdPP025Z3VL,1u,person,RLE,0.162162,0.001446,1.35854617,0.0016202,2766.0,1A,False
kusZ7rL0IJdPP025Z3VL,1t,person,RLE,0.232221,0.001186,0.6262071,0.00246896,4215.0,24,False
kusZ7rL0IJdPP025Z3VL,1s,person,RLE,0.0,0.0,1.0,0.00077788,1328.0,,False
kusZ7rL0IJdPP025Z3VL,1r,person,RLE,0.3,0.0,0.22768609,0.00039597,676.0,1S,False
kusZ7rL0IJdPP025Z3VL,1q,person,RLE,0.012667,0.0,2.71240876,0.00108833,1858.0,1k,False
kusZ7rL0IJdPP025Z3VL,1p,person,RLE,0.0,0.0,1.0,0.00115569,1973.0,,False
kusZ7rL0IJdPP025Z3VL,1o,person,RLE,0.008413,0.0,1.04330709,0.0018627,3180.0,1I,False
kusZ7rL0IJdPP025Z3VL,1n,person,RLE,0.510417,0.0,0.50220848,0.000666,1137.0,1E,False
kusZ7rL0IJdPP025Z3VL,1m,person,RLE,0.281833,0.025937,0.64310299,0.0014228,2429.0,1b,False
kusZ7rL0IJdPP025Z3VL,1l,person,RLE,0.097561,0.017582,0.48131171,0.00079955,1365.0,1y,False
kusZ7rL0IJdPP025Z3VL,1k,person,RLE,0.032396,0.0,0.368676,0.00040124,685.0,1q,False
kusZ7rL0IJdPP025Z3VL,1j,person,RLE,0.389214,0.015719,0.87582738,0.00193768,3308.0,1b,False
kusZ7rL0IJdPP025Z3VL,1i,person,RLE,0.265306,0.0,0.63948077,0.0015294,2611.0,1X,False
kusZ7rL0IJdPP025Z3VL,1h,person,RLE,0.388889,0.087695,0.82344045,0.00127577,2178.0,1C,False
kusZ7rL0IJdPP025Z3VL,1g,person,RLE,0.115789,0.00178,1.65520629,0.00197399,3370.0,1A,False
kusZ7rL0IJdPP025Z3VL,1f,person,RLE,0.0,0.0,1.0,0.00052132,890.0,,False
kusZ7rL0IJdPP025Z3VL,1e,person,RLE,0.098214,0.022805,2.00294695,0.00238871,4078.0,1A,False
kusZ7rL0IJdPP025Z3VL,1d,person,RLE,0.09507,0.016616,0.82895066,0.00193885,3310.0,18,False
kusZ7rL0IJdPP025Z3VL,1c,person,RLE,0.223869,0.0,1.12318182,0.0014474,2471.0,1Q,False
kusZ7rL0IJdPP025Z3VL,1b,person,RLE,0.467526,0.013768,1.14177751,0.00221239,3777.0,1j,False
kusZ7rL0IJdPP025Z3VL,1a,person,RLE,0.629928,0.835958,0.71616541,0.00133903,2286.0,1K,False
kusZ7rL0IJdPP025Z3VL,1Z,person,RLE,0.0,0.0,1.0,0.00192479,3286.0,,False
kusZ7rL0IJdPP025Z3VL,1Y,person,RLE,0.478506,0.0,2.4856342,0.00207767,3547.0,1B,False
kusZ7rL0IJdPP025Z3VL,1X,person,RLE,0.150072,0.0,1.56376867,0.00239164,4083.0,1i,False
kusZ7rL0IJdPP025Z3VL,1W,person,RLE,0.290151,0.0,1.30857934,0.00332357,5674.0,1U,False
kusZ7rL0IJdPP025Z3VL,1V,person,RLE,0.0,0.0,1.0,0.0022206,3791.0,,False
kusZ7rL0IJdPP025Z3VL,1U,person,RLE,0.225431,0.0,0.76418752,0.00253983,4336.0,1W,False
kusZ7rL0IJdPP025Z3VL,1T,person,RLE,0.555556,0.001921,0.83296,0.00152472,2603.0,1w,False
kusZ7rL0IJdPP025Z3VL,1S,person,RLE,0.271368,0.024924,1.56840993,0.0017391,2969.0,1G,False
kusZ7rL0IJdPP025Z3VL,1R,person,RLE,0.0,0.0,1.0,0.00290124,4953.0,,False
kusZ7rL0IJdPP025Z3VL,1Q,person,RLE,0.281175,0.0,0.8903278,0.00128866,2200.0,1c,False
kusZ7rL0IJdPP025Z3VL,1P,person,RLE,0.270951,0.0,0.81759233,0.00169869,2900.0,1Y,False
kusZ7rL0IJdPP025Z3VL,1O,person,RLE,0.910714,0.0,0.91651943,0.00121544,2075.0,1E,False
kusZ7rL0IJdPP025Z3VL,1N,person,RLE,0.292308,0.009124,1.3328,0.00243967,4165.0,1w,False
kusZ7rL0IJdPP025Z3VL,1M,person,RLE,0.0,0.0,1.0,0.00176722,3017.0,,False
kusZ7rL0IJdPP025Z3VL,1L,person,RLE,0.123115,0.0,2.24471763,0.00342256,5843.0,1T,False
kusZ7rL0IJdPP025Z3VL,1K,person,RLE,0.888889,0.598684,1.39632546,0.00186973,3192.0,1a,False
kusZ7rL0IJdPP025Z3VL,1J,person,RLE,0.735849,0.075707,0.53091873,0.00070408,1202.0,1E,False
kusZ7rL0IJdPP025Z3VL,1I,person,RLE,0.009569,0.0,0.95849057,0.00178538,3048.0,1o,False
kusZ7rL0IJdPP025Z3VL,1H,person,RLE,0.0,0.0,1.0,0.00115745,1976.0,,False
kusZ7rL0IJdPP025Z3VL,1G,person,RLE,0.52381,0.039091,0.63758841,0.00110883,1893.0,1S,False
kusZ7rL0IJdPP025Z3VL,1F,person,RLE,0.0,0.0,1.0,0.00186973,3192.0,,False
kusZ7rL0IJdPP025Z3VL,1E,person,RLE,0.40722,0.0,1.09108434,0.00132615,2264.0,1O,False
kusZ7rL0IJdPP025Z3VL,1D,person,RLE,0.0,0.0,1.0,0.00136657,2333.0,,False
kusZ7rL0IJdPP025Z3VL,1C,person,RLE,0.326007,0.072212,1.2144169,0.00154932,2645.0,1h,False
kusZ7rL0IJdPP025Z3VL,1B,person,RLE,0.730159,0.0,0.40231181,0.00083587,1427.0,1Y,False
kusZ7rL0IJdPP025Z3VL,1A,person,RLE,0.305147,0.001965,0.73608098,0.0011926,2036.0,1u,False
kusZ7rL0IJdPP025Z3VL,19,person,RLE,0.201402,0.038251,1.00939734,0.00289421,4941.0,1x,False
kusZ7rL0IJdPP025Z3VL,18,person,RLE,0.127119,0.013774,1.20634441,0.00233892,3993.0,1d,False
kusZ7rL0IJdPP025Z3VL,17,person,RLE,0.58131,0.064061,1.62005277,0.00107896,1842.0,1n,False
kusZ7rL0IJdPP025Z3VL,16,person,RLE,0.0,0.0,1.0,0.002319,3959.0,,False
kvlkvPKhlcIlNoa2lJKq,1,vest_on_body,RLE,0.0,0.0,1.0,0.11443533,195364.0,,False
kvlkvPKhlcIlNoa2lJKq,2,helmet_on_head,RLE,0.0,0.0,1.0,0.0214597,36636.0,,False
kvlkvPKhlcIlNoa2lJKq,3,person,RLE,0.0,0.0,1.0,0.22600515,385836.0,,False
l3CKxvrKhNSJ5s7EZGYx,1,person,POLYGON,0.0,0.0,1.0,0.00811856,13860.0,,False
l3CKxvrKhNSJ5s7EZGYx,2,person,POLYGON,0.0,0.0,1.0,0.01403995,23969.0,,False
l3CKxvrKhNSJ5s7EZGYx,3,helmet_on_head,POLYGON,0.0,0.0,1.0,0.00067772,1157.0,,False
l3CKxvrKhNSJ5s7EZGYx,4,helmet_on_head,POLYGON,0.0,0.0,1.0,0.000222,379.0,,False
l3CKxvrKhNSJ5s7EZGYx,5,helmet_on_head,POLYGON,0.0,0.0,1.0,0.00018568,317.0,,False
l3CKxvrKhNSJ5s7EZGYx,6,helmet_on_head,POLYGON,0.0,0.0,1.0,0.00038484,657.0,,False
l3CKxvrKhNSJ5s7EZGYx,B,vest_on_body,RLE,0.0,0.0,1.0,0.00290651,4962.0,,False
l3CKxvrKhNSJ5s7EZGYx,A,vest_on_body,RLE,0.0,0.0,1.0,0.0006906,1179.0,,False
l3CKxvrKhNSJ5s7EZGYx,9,vest_on_body,RLE,0.02053,0.004822,2.43740419,0.00279405,4770.0,8,False
l3CKxvrKhNSJ5s7EZGYx,8,vest_on_body,RLE,0.065217,0.011753,0.41027254,0.00114632,1957.0,9,False
l9Dl2hgmgUUntj7KnCDr,1,person,POLYGON,0.0,0.0,1.0,0.22820583,389593.0,,False
l9Dl2hgmgUUntj7KnCDr,3,helmet_on_head,POLYGON,0.0,0.0,1.0,0.01734009,29603.0,,False
l9Dl2hgmgUUntj7KnCDr,5,vest_on_body,RLE,0.0,0.0,1.0,0.05904229,100797.0,,False
lHkj3xNmUL3G67dHG1Zr,2,person,POLYGON,0.0,0.0,1.0,0.59942643,759773.0,,False
lHkj3xNmUL3G67dHG1Zr,3,helmet_on_head,POLYGON,0.0,0.0,1.0,0.07396923,93756.0,,False
lHkj3xNmUL3G67dHG1Zr,5,vest_on_body,POLYGON,0.0,0.0,1.0,0.0011858,1503.0,,True
lHkj3xNmUL3G67dHG1Zr,6,vest_on_body,POLYGON,0.0,0.0,1.0,2.682e-05,34.0,,True
lHkj3xNmUL3G67dHG1Zr,7,vest_on_body,POLYGON,0.071409,0.0,7.80250405,0.19371755,245537.0,A,False
lHkj3xNmUL3G67dHG1Zr,8,vest_on_body,POLYGON,1.0,1.0,0.0015517,0.00030059,381.0,7,True
lHkj3xNmUL3G67dHG1Zr,9,vest_on_body,POLYGON,1.0,1.0,0.01809503,0.00350533,4443.0,7,True
lHkj3xNmUL3G67dHG1Zr,A,vest_on_body,POLYGON,0.756477,0.0,0.12816398,0.02482761,31469.0,7,True
lSb8IK6pm0WEKyASISFH,1,vest_on_body,RLE,0.0,0.0,1.0,0.04417116,75409.0,,False
lSb8IK6pm0WEKyASISFH,2,helmet_on_head,RLE,0.0,0.0,1.0,0.00569998,9731.0,,False
lSb8IK6pm0WEKyASISFH,3,person,RLE,0.0,0.0,1.0,0.0943299,161040.0,,False
lgBtELsXF4mmvJVuTAhW,1,person,POLYGON,0.0,0.0,1.0,0.16458763,280984.0,,False
lgBtELsXF4mmvJVuTAhW,2,person,POLYGON,0.25481,0.0,1.85697724,0.11165358,190615.0,3,False
lgBtELsXF4mmvJVuTAhW,3,person,POLYGON,0.37971,0.0,0.53850956,0.06012652,102648.0,2,False
lgBtELsXF4mmvJVuTAhW,4,person,POLYGON,0.0,0.0,1.0,0.0229399,39163.0,,False
ljmzAWSjDGWvNtmeIhi5,2,vest_on_body,POLYGON,0.014714,0.0,4.73442151,0.15812781,200427.0,4,False
ljmzAWSjDGWvNtmeIhi5,3,helmet_on_head,POLYGON,0.0,0.0,1.0,0.0731432,92709.0,,False
ljmzAWSjDGWvNtmeIhi5,4,vest_on_body,POLYGON,0.070323,0.0,0.21121905,0.03339961,42334.0,2,False
ljmzAWSjDGWvNtmeIhi5,7,person,POLYGON,0.031235,0.0,14.1269617,0.59159369,749845.0,6,False
ljmzAWSjDGWvNtmeIhi5,6,person,POLYGON,0.371585,0.0,0.07078663,0.04187692,53079.0,7,False
ljmzAWSjDGWvNtmeIhi5,8,person,POLYGON,1.0,1.0,0.00020404,0.00012071,153.0,7,True
ljmzAWSjDGWvNtmeIhi5,9,person,POLYGON,1.0,1.0,0.00026672,0.00015779,200.0,7,True
ljmzAWSjDGWvNtmeIhi5,A,person,POLYGON,1.0,1.0,0.00048943,0.00028955,367.0,7,True
ljmzAWSjDGWvNtmeIhi5,B,person,POLYGON,1.0,1.0,0.00070815,0.00041893,531.0,7,True
ljmzAWSjDGWvNtmeIhi5,C,person,POLYGON,1.0,1.0,0.00019737,0.00011677,148.0,7,True
ljmzAWSjDGWvNtmeIhi5,D,person,POLYGON,1.0,1.0,0.00016137,9.546e-05,121.0,7,True
ljmzAWSjDGWvNtmeIhi5,E,person,POLYGON,1.0,1.0,0.0004641,0.00027456,348.0,7,True
ljmzAWSjDGWvNtmeIhi5,F,person,POLYGON,1.0,1.0,0.00054145,0.00032032,406.0,7,True
ljmzAWSjDGWvNtmeIhi5,G,person,POLYGON,1.0,1.0,0.00035074,0.0002075,263.0,7,True
ljmzAWSjDGWvNtmeIhi5,H,person,POLYGON,1.0,1.0,0.00020538,0.0001215,154.0,7,True
ljmzAWSjDGWvNtmeIhi5,I,person,POLYGON,1.0,1.0,6.135e-05,3.629e-05,46.0,7,True
ljmzAWSjDGWvNtmeIhi5,J,person,POLYGON,1.0,1.0,4.534e-05,2.682e-05,34.0,7,True
ljmzAWSjDGWvNtmeIhi5,K,person,POLYGON,1.0,1.0,2.667e-05,1.578e-05,20.0,7,True
ljmzAWSjDGWvNtmeIhi5,L,person,POLYGON,1.0,1.0,0.00012803,7.574e-05,96.0,7,True
ljmzAWSjDGWvNtmeIhi5,M,person,POLYGON,1.0,1.0,0.00083884,0.00049625,629.0,7,True
ljmzAWSjDGWvNtmeIhi5,N,person,POLYGON,1.0,1.0,0.00010536,6.233e-05,79.0,7,True
ljmzAWSjDGWvNtmeIhi5,O,person,POLYGON,1.0,1.0,0.0001547,9.152e-05,116.0,7,True
m2cPIgGRcvybNcEUB6QU,1,vest_on_body,RLE,0.0,0.0,1.0,0.00154581,2639.0,,False
m2cPIgGRcvybNcEUB6QU,2,vest_on_body,RLE,0.0,0.0,1.0,0.00145853,2490.0,,False
m2cPIgGRcvybNcEUB6QU,3,vest_on_body,RLE,0.0,0.0,1.0,0.00173266,2958.0,,False
m2cPIgGRcvybNcEUB6QU,4,vest_on_body,RLE,0.0,0.0,1.0,0.00131853,2251.0,,False
m2cPIgGRcvybNcEUB6QU,5,vest_on_body,RLE,0.0,0.0,1.0,0.00154346,2635.0,,False
m2cPIgGRcvybNcEUB6QU,6,vest_on_body,RLE,0.0,0.0,1.0,0.00142338,2430.0,,False
m2cPIgGRcvybNcEUB6QU,7,vest_on_body,RLE,0.0,0.0,1.0,0.00163308,2788.0,,False
m2cPIgGRcvybNcEUB6QU,8,person,RLE,0.119204,0.0,1.05206795,0.00500644,8547.0,C,False
m2cPIgGRcvybNcEUB6QU,9,person,RLE,0.0,0.0,1.0,0.00457709,7814.0,,False
m2cPIgGRcvybNcEUB6QU,A,person,RLE,0.0,0.0,1.0,0.00564843,9643.0,,False
m2cPIgGRcvybNcEUB6QU,B,person,RLE,0.0,0.0,1.0,0.00507556,8665.0,,False
m2cPIgGRcvybNcEUB6QU,C,person,RLE,0.127092,0.0,0.95050895,0.00475867,8124.0,8,False
m2cPIgGRcvybNcEUB6QU,D,person,RLE,0.0,0.0,1.0,0.0046052,7862.0,,False
m2cPIgGRcvybNcEUB6QU,E,person,RLE,0.0,0.0,1.0,0.00578784,9881.0,,False
m2cPIgGRcvybNcEUB6QU,M,helmet_on_head,RLE,0.0,0.0,1.0,0.00030928,528.0,,False
m2cPIgGRcvybNcEUB6QU,L,helmet_on_head,RLE,0.0,0.0,1.0,0.0003456,590.0,,False
m2cPIgGRcvybNcEUB6QU,K,helmet_on_head,RLE,0.0,0.0,1.0,0.00049086,838.0,,False
m2cPIgGRcvybNcEUB6QU,J,helmet_on_head,RLE,0.0,0.0,1.0,0.00032392,553.0,,False
m2cPIgGRcvybNcEUB6QU,I,helmet_on_head,RLE,0.0,0.0,1.0,0.00035321,603.0,,False
m2cPIgGRcvybNcEUB6QU,H,helmet_on_head,RLE,0.0,0.0,1.0,0.00049438,844.0,,False
m2cPIgGRcvybNcEUB6QU,G,helmet_on_head,RLE,0.0,0.0,1.0,0.00054885,937.0,,False
mGpEymQ65D2CMZ9cGGfq,1,person,POLYGON,0.0,0.0,1.0,0.01024485,15523.0,,False
mGpEymQ65D2CMZ9cGGfq,2,person,POLYGON,0.0,0.0,1.0,0.01360876,20620.0,,False
mGpEymQ65D2CMZ9cGGfq,3,person,POLYGON,0.0,0.0,1.0,0.01484688,22496.0,,False
mGpEymQ65D2CMZ9cGGfq,4,vest_on_body,POLYGON,0.0,0.0,1.0,0.00569496,8629.0,,False
mGpEymQ65D2CMZ9cGGfq,5,person,POLYGON,0.0,0.0,1.0,0.01485216,22504.0,,False
mGpEymQ65D2CMZ9cGGfq,6,vest_on_body,POLYGON,0.0,0.0,1.0,0.00481587,7297.0,,False
mGpEymQ65D2CMZ9cGGfq,7,vest_on_body,POLYGON,0.0,0.0,1.0,0.0073812,11184.0,,False
mGpEymQ65D2CMZ9cGGfq,8,helmet_on_head,POLYGON,0.0,0.0,1.0,0.0005887,892.0,,False
mGpEymQ65D2CMZ9cGGfq,9,helmet_on_head,POLYGON,0.0,0.0,1.0,0.00055174,836.0,,False
mGpEymQ65D2CMZ9cGGfq,A,helmet_on_head,POLYGON,0.0,0.0,1.0,0.00053326,808.0,,False
mGpEymQ65D2CMZ9cGGfq,B,helmet_on_head,POLYGON,0.0,0.0,1.0,0.0005953,902.0,,False
me3L0EvJNoTCq7JgLKP6,7,person,RLE,0.0,0.0,1.0,0.00196741,4820.0,,False
me3L0EvJNoTCq7JgLKP6,6,person,RLE,0.99729,0.0,0.19868696,0.01175998,28811.0,5,False
me3L0EvJNoTCq7JgLKP6,5,person,RLE,0.301349,0.0,5.03304293,0.05918846,145007.0,6,False
me3L0EvJNoTCq7JgLKP6,4,person,RLE,0.0,0.0,1.0,0.06622012,162234.0,,False
mlodMvChxLj1pS9RDfqi,2,helmet_on_head,POLYGON,0.0,0.0,1.0,0.01200152,20489.0,,False
mlodMvChxLj1pS9RDfqi,6,person,RLE,0.662921,0.0,0.01558395,0.00294634,5030.0,5,False
mlodMvChxLj1pS9RDfqi,5,person,RLE,0.011264,0.0,64.16858847,0.18906279,322768.0,6,False
mp5LAcrQy7CC3sruY2wU,1,person,POLYGON,0.0,0.0,1.0,0.09537137,162818.0,,False
mzi1EX980oEaKVVulnGv,1,person,RLE,0.0,0.0,1.0,0.0005532,2188.0,,False
mzi1EX980oEaKVVulnGv,2,person,RLE,0.0,0.0,1.0,0.00417223,16502.0,,False
mzi1EX980oEaKVVulnGv,3,person,RLE,0.0,0.0,1.0,0.01763779,69761.0,,False
mzi1EX980oEaKVVulnGv,4,person,RLE,0.0,0.0,1.0,0.01278115,50552.0,,False
n3HmiRWyY5MKTrr6Vrd3,1,vest_on_body,POLYGON,0.0,0.0,1.0,0.03321093,78233.0,,False
n3HmiRWyY5MKTrr6Vrd3,2,person,POLYGON,0.0,0.0,1.0,0.0831948,195977.0,,False
n3HmiRWyY5MKTrr6Vrd3,3,person,POLYGON,0.0,0.0,1.0,0.0552283,130098.0,,False
n3HmiRWyY5MKTrr6Vrd3,4,helmet_on_head,POLYGON,0.0,0.0,1.0,0.00521472,12284.0,,False
n3HmiRWyY5MKTrr6Vrd3,5,helmet_on_head,POLYGON,0.0,0.0,1.0,0.00526311,12398.0,,False
nQrqR72SD3sC9Hms1O9U,3,person,RLE,0.0,0.0,1.0,0.02634016,17296.0,,False
nTcgBq8KIfwkvtofPfOw,1,vest_on_body,RLE,0.1004,0.0,2.13118936,0.07297121,118622.0,2,False
nTcgBq8KIfwkvtofPfOw,2,vest_on_body,RLE,0.153061,0.0,0.46922156,0.03423967,55660.0,1,False
nTcgBq8KIfwkvtofPfOw,3,person,RLE,0.372947,0.0,1.34691349,0.12971334,210862.0,4,False
nTcgBq8KIfwkvtofPfOw,4,person,RLE,0.450111,0.0,0.74243818,0.09630413,156552.0,3,False
nTcgBq8KIfwkvtofPfOw,7,helmet_on_head,RLE,0.0,0.0,1.0,0.00836307,13595.0,,False
nTcgBq8KIfwkvtofPfOw,6,helmet_on_head,RLE,0.0,0.0,1.0,0.00978593,15908.0,,False
nXwfWz2We6dOnsyzeEno,1,helmet_on_head,RLE,0.304319,9e-05,1.6614879,0.00652087,11122.0,B,False
nXwfWz2We6dOnsyzeEno,2,helmet_on_head,RLE,0.736111,0.014091,0.41297831,0.00137312,2342.0,A,False
nXwfWz2We6dOnsyzeEno,3,helmet_on_head,RLE,0.152292,0.0,0.33537134,0.00218691,3730.0,1,False
nXwfWz2We6dOnsyzeEno,4,helmet_on_head,RLE,0.226334,0.012072,1.03524546,0.0067507,11514.0,1,False
nXwfWz2We6dOnsyzeEno,5,helmet_on_head,RLE,0.604478,0.02878,0.87004056,0.00289282,4934.0,A,False
nXwfWz2We6dOnsyzeEno,6,helmet_on_head,RLE,0.0,0.0,1.0,0.00748007,12758.0,,False
nXwfWz2We6dOnsyzeEno,7,helmet_on_head,RLE,0.109069,0.0,3.68806207,0.01226255,20915.0,A,False
nXwfWz2We6dOnsyzeEno,8,helmet_on_head,RLE,0.0,0.0,1.0,0.00499121,8513.0,,False
nXwfWz2We6dOnsyzeEno,9,helmet_on_head,RLE,0.11065,0.0,0.87250304,0.00589001,10046.0,4,False
nXwfWz2We6dOnsyzeEno,A,helmet_on_head,RLE,0.456181,0.02504,1.14937171,0.00332493,5671.0,5,False
nXwfWz2We6dOnsyzeEno,B,helmet_on_head,RLE,0.36,0.000149,0.60187017,0.00392472,6694.0,1,False
nXwfWz2We6dOnsyzeEno,C,person,RLE,0.210746,0.0,2.24305846,0.10079034,171908.0,H,False
nXwfWz2We6dOnsyzeEno,D,person,RLE,0.979021,0.224526,0.28381611,0.01405136,23966.0,G,False
nXwfWz2We6dOnsyzeEno,E,person,RLE,0.114058,0.0,5.85985409,0.06969571,118873.0,N,False
nXwfWz2We6dOnsyzeEno,F,person,RLE,0.111111,0.0,0.33402193,0.00123241,2102.0,M,False
nXwfWz2We6dOnsyzeEno,G,person,RLE,0.574555,0.063724,3.52340816,0.04950868,84442.0,D,False
nXwfWz2We6dOnsyzeEno,H,person,RLE,0.551111,0.0,3.77797496,0.04493433,76640.0,N,False
nXwfWz2We6dOnsyzeEno,I,person,RLE,0.137661,0.0,0.13412757,0.00664048,11326.0,G,False
nXwfWz2We6dOnsyzeEno,J,person,RLE,0.393939,0.0,0.01432621,0.00099848,1703.0,E,False
nXwfWz2We6dOnsyzeEno,K,person,RLE,0.0,0.0,1.0,0.03146517,53667.0,,False
nXwfWz2We6dOnsyzeEno,L,person,RLE,0.971014,0.0,0.43231785,0.00514189,8770.0,N,False
nXwfWz2We6dOnsyzeEno,M,person,RLE,0.025632,0.0,2.99381541,0.00368961,6293.0,F,False
nXwfWz2We6dOnsyzeEno,N,person,RLE,0.617512,0.0,0.26469207,0.01189376,20286.0,H,False
nXwfWz2We6dOnsyzeEno,O,person,RLE,1.0,0.997223,0.49514118,0.00633326,10802.0,P,False
nXwfWz2We6dOnsyzeEno,P,person,RLE,0.6,0.0,0.12690509,0.01279081,21816.0,C,False
naWKv1VFkDVnpPnS59Bf,1,person,POLYGON,0.0,0.0,1.0,0.00630078,24195.0,,False
niY7CVigYcNQ0OdTBcor,J,person,RLE,0.326287,0.0,0.98029713,0.00755326,12339.0,E,False
niY7CVigYcNQ0OdTBcor,I,person,RLE,0.0,0.0,1.0,0.00034647,566.0,,False
niY7CVigYcNQ0OdTBcor,H,person,RLE,0.041892,0.001779,1.34449761,0.00034403,562.0,B,False
niY7CVigYcNQ0OdTBcor,G,person,RLE,0.0,0.0,1.0,0.00044442,726.0,,False
niY7CVigYcNQ0OdTBcor,F,person,RLE,0.0,0.0,1.0,0.00049951,816.0,,False
niY7CVigYcNQ0OdTBcor,E,person,RLE,0.268766,0.0,1.02009887,0.00770507,12587.0,J,False
niY7CVigYcNQ0OdTBcor,D,person,RLE,0.0,0.0,1.0,0.00021609,353.0,,False
niY7CVigYcNQ0OdTBcor,C,person,RLE,0.0,0.0,1.0,0.00495654,8097.0,,False
niY7CVigYcNQ0OdTBcor,B,person,RLE,0.057407,0.002392,0.74377224,0.00025588,418.0,H,False
niY7CVigYcNQ0OdTBcor,A,person,RLE,0.0,0.0,1.0,0.00025588,418.0,,False
niY7CVigYcNQ0OdTBcor,N,helmet_on_head,POLYGON,0.0,0.0,1.0,0.00047441,775.0,,False
niY7CVigYcNQ0OdTBcor,P,helmet_on_head,POLYGON,0.0,0.0,1.0,0.00057052,932.0,,False
niY7CVigYcNQ0OdTBcor,R,helmet_on_head,POLYGON,0.0,0.0,1.0,0.00061827,1010.0,,False
o0SiQwUZ5uRlCXASCtiR,1,person,POLYGON,0.0,0.0,1.0,0.29815101,336046.0,,False
o0SiQwUZ5uRlCXASCtiR,4,vest_on_body,RLE,0.0,0.0,1.0,0.10729926,120937.0,,False
oC3kPMC7WbZm0vaMoq09,1,vest_on_body,POLYGON,0.0,0.0,1.0,0.23117798,179764.0,,False
oC3kPMC7WbZm0vaMoq09,3,person,RLE,0.0,0.0,1.0,0.27547968,214213.0,,False
oJppm5xk3UqypLwM3EiO,1,person,POLYGON,0.0,0.0,1.0,0.16743967,285853.0,,False
oJppm5xk3UqypLwM3EiO,2,person,POLYGON,0.0,0.0,1.0,0.13439609,229441.0,,False
oJppm5xk3UqypLwM3EiO,3,helmet_on_head,POLYGON,0.0,0.0,1.0,0.03356549,57303.0,,False
oJppm5xk3UqypLwM3EiO,4,helmet_on_head,POLYGON,0.0,0.0,1.0,0.02045162,34915.0,,False
oJppm5xk3UqypLwM3EiO,7,vest_on_body,RLE,0.0,0.0,1.0,0.05016928,85649.0,,False
oJppm5xk3UqypLwM3EiO,6,vest_on_body,RLE,0.0,0.0,1.0,0.08935391,152545.0,,False
oL1x933NyN6wiKXhxOob,1,person,POLYGON,0.0,0.0,1.0,0.38593136,489168.0,,False
oL1x933NyN6wiKXhxOob,3,helmet_on_head,POLYGON,0.0,0.0,1.0,0.0330359,41873.0,,False
oL1x933NyN6wiKXhxOob,5,vest_on_body,POLYGON,0.070721,0.0,16.70589585,0.11490493,145642.0,6,False
oL1x933NyN6wiKXhxOob,6,vest_on_body,POLYGON,1.0,0.0,0.05985911,0.00687811,8718.0,5,True
oL1x933NyN6wiKXhxOob,7,vest_on_body,POLYGON,0.0,0.0,1.0,0.06505641,82459.0,,True
oNY9i1I2LbSYd4Zq924U,1,person,POLYGON,0.0,0.0,1.0,0.38565017,909903.0,,False
oNY9i1I2LbSYd4Zq924U,2,vest_on_body,POLYGON,0.0,0.0,1.0,0.19117615,451061.0,,False
oTvvPXX0GF2JCGezEtXJ,2,helmet_on_head,RLE,0.0,0.0,1.0,0.02919049,49834.0,,False
oTvvPXX0GF2JCGezEtXJ,3,person,RLE,0.0,0.0,1.0,0.03704721,63247.0,,False
oTvvPXX0GF2JCGezEtXJ,4,person,RLE,0.0,0.0,1.0,0.22690136,387366.0,,False
ojwkuYxr8Yg4pw09PSCT,1,helmet_on_head,POLYGON,0.0,0.0,1.0,0.00636856,7178.0,,False
ojwkuYxr8Yg4pw09PSCT,2,person,POLYGON,0.0,0.0,1.0,0.09396061,105903.0,,False
ojwkuYxr8Yg4pw09PSCT,4,vest_on_body,RLE,0.0,0.0,1.0,0.06162009,69452.0,,False
p0WuKqx9EeARevPPWyRq,1,person,POLYGON,0.0,0.0,1.0,0.10301312,175864.0,,False
p5lxtMTKDL0gIgbqSrls,1,helmet_loose,POLYGON,0.0,0.0,1.0,0.0036572,2595.0,,False
p5lxtMTKDL0gIgbqSrls,2,helmet_loose,POLYGON,0.184462,0.033877,1.90477851,0.00769632,5461.0,J,False
p5lxtMTKDL0gIgbqSrls,3,helmet_loose,POLYGON,0.072585,0.0,3.70425868,0.0066196,4697.0,V,False
p5lxtMTKDL0gIgbqSrls,4,helmet_loose,POLYGON,0.0,0.0,1.0,0.00630109,4471.0,,False
p5lxtMTKDL0gIgbqSrls,5,helmet_loose,POLYGON,0.0,0.0,1.0,0.00408281,2897.0,,False
p5lxtMTKDL0gIgbqSrls,6,helmet_loose,POLYGON,0.0,0.0,1.0,0.00433367,3075.0,,False
p5lxtMTKDL0gIgbqSrls,7,helmet_loose,POLYGON,0.11885,0.0,0.72532503,0.00558233,3961.0,2,False
p5lxtMTKDL0gIgbqSrls,8,helmet_loose,POLYGON,0.0,0.0,1.0,0.00563166,3996.0,,False
p5lxtMTKDL0gIgbqSrls,9,helmet_loose,POLYGON,0.0,0.0,1.0,0.00481566,3417.0,,False
p5lxtMTKDL0gIgbqSrls,A,helmet_loose,POLYGON,0.090187,0.0,1.31292839,0.0078288,5555.0,C,False
p5lxtMTKDL0gIgbqSrls,B,helmet_loose,POLYGON,0.0,0.0,1.0,0.00503692,3574.0,,False
p5lxtMTKDL0gIgbqSrls,C,helmet_loose,POLYGON,0.233958,0.0,1.39914021,0.00596285,4231.0,H,False
p5lxtMTKDL0gIgbqSrls,D,helmet_loose,POLYGON,0.0,0.0,1.0,0.00322453,2288.0,,False
p5lxtMTKDL0gIgbqSrls,E,helmet_loose,POLYGON,0.0,0.0,1.0,0.00480439,3409.0,,False
p5lxtMTKDL0gIgbqSrls,F,helmet_loose,POLYGON,0.0,0.0,1.0,0.00394893,2802.0,,False
p5lxtMTKDL0gIgbqSrls,G,helmet_loose,POLYGON,0.143369,0.0,1.49903754,0.00439004,3115.0,M,False
p5lxtMTKDL0gIgbqSrls,H,helmet_loose,POLYGON,0.276888,0.0,0.71472465,0.0042618,3024.0,C,False
p5lxtMTKDL0gIgbqSrls,I,helmet_loose,POLYGON,0.0,0.0,1.0,0.00634619,4503.0,,False
p5lxtMTKDL0gIgbqSrls,J,helmet_loose,POLYGON,0.36039,0.064527,0.52499542,0.00404053,2867.0,2,False
p5lxtMTKDL0gIgbqSrls,K,helmet_loose,POLYGON,0.117504,0.0,0.88740217,0.00495377,3515.0,7,False
p5lxtMTKDL0gIgbqSrls,L,helmet_loose,POLYGON,0.338028,0.063388,1.57042544,0.00535825,3802.0,U,False
p5lxtMTKDL0gIgbqSrls,M,helmet_loose,POLYGON,0.133683,0.0,0.6670947,0.00292858,2078.0,G,False
p5lxtMTKDL0gIgbqSrls,N,helmet_loose,POLYGON,0.0,0.0,1.0,0.00378263,2684.0,,False
p5lxtMTKDL0gIgbqSrls,O,helmet_loose,POLYGON,0.0,0.0,1.0,0.00317521,2253.0,,False
p5lxtMTKDL0gIgbqSrls,P,helmet_loose,POLYGON,0.321934,0.0,2.57045344,0.00742996,5272.0,13,False
p5lxtMTKDL0gIgbqSrls,Q,helmet_loose,POLYGON,0.0,0.0,1.0,0.00323863,2298.0,,False
p5lxtMTKDL0gIgbqSrls,R,helmet_loose,POLYGON,0.0,0.0,1.0,0.00200547,1423.0,,False
p5lxtMTKDL0gIgbqSrls,S,helmet_loose,POLYGON,0.0,0.0,1.0,0.00690428,4899.0,,False
p5lxtMTKDL0gIgbqSrls,T,helmet_loose,POLYGON,0.046053,0.0,1.3129771,0.00533288,3784.0,h,False
p5lxtMTKDL0gIgbqSrls,U,helmet_loose,POLYGON,0.422727,0.099546,0.63677012,0.00341197,2421.0,L,False
p5lxtMTKDL0gIgbqSrls,V,helmet_loose,POLYGON,0.193732,0.0,0.26995955,0.00178702,1268.0,3,False
p5lxtMTKDL0gIgbqSrls,W,helmet_loose,POLYGON,0.0,0.0,1.0,0.00147556,1047.0,,False
p5lxtMTKDL0gIgbqSrls,X,helmet_loose,POLYGON,0.0,0.0,1.0,0.00282992,2008.0,,False
p5lxtMTKDL0gIgbqSrls,Z,helmet_loose,POLYGON,0.028193,0.000932,2.05064501,0.00604882,4292.0,b,False
p5lxtMTKDL0gIgbqSrls,b,helmet_loose,POLYGON,0.059016,0.0,0.39700303,0.00294972,2093.0,P,False
p5lxtMTKDL0gIgbqSrls,d,helmet_loose,POLYGON,0.384615,0.009,0.55710306,0.00140932,1000.0,f,False
p5lxtMTKDL0gIgbqSrls,f,helmet_loose,POLYGON,0.371049,0.005014,1.795,0.00252974,1795.0,d,False
p5lxtMTKDL0gIgbqSrls,h,helmet_loose,POLYGON,0.046394,0.0,0.76162791,0.00406167,2882.0,T,False
p5lxtMTKDL0gIgbqSrls,j,helmet_loose,POLYGON,0.0,0.0,1.0,0.0037488,2660.0,,False
p5lxtMTKDL0gIgbqSrls,l,helmet_loose,POLYGON,0.04878,0.0,0.47885835,0.0025537,1812.0,T,False
p5lxtMTKDL0gIgbqSrls,n,helmet_loose,POLYGON,0.0,0.0,1.0,0.00313011,2221.0,,False
p5lxtMTKDL0gIgbqSrls,p,helmet_loose,POLYGON,0.050505,0.0,0.84872218,0.0029018,2059.0,r,False
p5lxtMTKDL0gIgbqSrls,r,helmet_loose,POLYGON,0.040676,0.0,1.17824186,0.00341902,2426.0,p,False
p5lxtMTKDL0gIgbqSrls,t,helmet_loose,POLYGON,0.0,0.0,1.0,0.00257484,1827.0,,False
p5lxtMTKDL0gIgbqSrls,v,helmet_loose,POLYGON,0.0,0.0,1.0,0.00178843,1269.0,,False
p5lxtMTKDL0gIgbqSrls,x,helmet_loose,POLYGON,0.0,0.0,1.0,0.004414,3132.0,,False
p5lxtMTKDL0gIgbqSrls,z,helmet_loose,POLYGON,0.0,0.0,1.0,0.00179971,1277.0,,False
p5lxtMTKDL0gIgbqSrls,13,helmet_loose,POLYGON,0.432561,0.0,0.38903642,0.00289052,2051.0,P,False
p96kP7xmkvs84TmnINFt,4,helmet_loose,RLE,0.0,0.0,1.0,0.16869872,575735.0,,False
pE6UkMMWzcDOy86QHSoC,1,person,RLE,0.07562,0.002015,8.11754685,0.0139556,23825.0,G,False
pE6UkMMWzcDOy86QHSoC,2,person,RLE,1.0,0.996234,0.79557183,0.00279932,4779.0,N,False
pE6UkMMWzcDOy86QHSoC,3,person,RLE,0.156109,0.0,2.44051447,0.00133376,2277.0,O,False
pE6UkMMWzcDOy86QHSoC,4,person,RLE,0.073171,0.0,0.10067663,0.00079311,1354.0,R,False
pE6UkMMWzcDOy86QHSoC,5,person,RLE,1.0,0.0,0.02258132,0.00031514,538.0,1,False
pE6UkMMWzcDOy86QHSoC,6,person,RLE,0.523077,0.523778,0.50058265,0.00176136,3007.0,N,False
pE6UkMMWzcDOy86QHSoC,7,person,RLE,0.666667,0.0,0.0413851,0.00057755,986.0,1,False
pE6UkMMWzcDOy86QHSoC,8,person,RLE,0.162375,0.0,1.70203644,0.00093018,1588.0,O,False
pE6UkMMWzcDOy86QHSoC,9,person,RLE,1.0,0.020161,0.39871383,0.00014527,248.0,U,False
pE6UkMMWzcDOy86QHSoC,A,person,RLE,0.7,0.051282,0.1370224,0.00018276,312.0,3,False
pE6UkMMWzcDOy86QHSoC,B,person,RLE,0.078812,0.0,4.76688453,0.00256326,4376.0,L,False
pE6UkMMWzcDOy86QHSoC,C,person,RLE,0.484043,0.086176,2.30165289,0.00065253,1114.0,H,False
pE6UkMMWzcDOy86QHSoC,D,person,RLE,0.343873,0.001879,2.03795572,0.00717081,12242.0,N,False
pE6UkMMWzcDOy86QHSoC,E,person,RLE,0.419355,0.0,0.02942288,0.00041061,701.0,1,False
pE6UkMMWzcDOy86QHSoC,F,person,RLE,0.972973,0.0,0.17142857,0.00044634,762.0,T,False
pE6UkMMWzcDOy86QHSoC,G,person,RLE,1.0,0.016354,0.12318993,0.00171919,2935.0,1,False
pE6UkMMWzcDOy86QHSoC,H,person,RLE,1.0,0.198347,0.43447038,0.00028351,484.0,C,False
pE6UkMMWzcDOy86QHSoC,I,person,RLE,0.098647,0.0,9.60803783,0.01190312,20321.0,K,False
pE6UkMMWzcDOy86QHSoC,J,person,RLE,1.0,0.0,0.02913242,0.00034677,592.0,I,False
pE6UkMMWzcDOy86QHSoC,K,person,RLE,0.830986,0.0,0.10407952,0.00123887,2115.0,I,False
pE6UkMMWzcDOy86QHSoC,L,person,RLE,0.692308,0.0,0.20978062,0.00053772,918.0,B,False
pE6UkMMWzcDOy86QHSoC,M,person,RLE,1.0,0.989817,0.33138358,0.00086282,1473.0,T,False
pE6UkMMWzcDOy86QHSoC,N,person,RLE,0.483127,0.003829,0.4906878,0.00351863,6007.0,D,False
pE6UkMMWzcDOy86QHSoC,O,person,RLE,0.447368,0.0,0.58753149,0.00054651,933.0,8,False
pE6UkMMWzcDOy86QHSoC,P,person,RLE,1.0,0.0,0.12885716,0.00101511,1733.0,R,False
pE6UkMMWzcDOy86QHSoC,Q,person,RLE,0.057545,0.0,0.69210054,0.00045162,771.0,C,False
pE6UkMMWzcDOy86QHSoC,R,person,RLE,0.059804,0.0,7.76053087,0.00787781,13449.0,P,False
pE6UkMMWzcDOy86QHSoC,S,person,RLE,0.526316,0.001155,0.0643914,0.00050726,866.0,R,False
pE6UkMMWzcDOy86QHSoC,T,person,RLE,0.245258,0.0,0.36309427,0.00260368,4445.0,D,False
pE6UkMMWzcDOy86QHSoC,U,person,RLE,0.557692,0.004823,0.15730905,0.00036434,622.0,X,False
pE6UkMMWzcDOy86QHSoC,V,person,RLE,0.090909,0.0,0.95612009,0.000485,828.0,S,False
pE6UkMMWzcDOy86QHSoC,W,person,RLE,0.92,0.0,0.38770686,0.00048032,820.0,K,False
pE6UkMMWzcDOy86QHSoC,X,person,RLE,0.106162,0.000759,6.35691318,0.00231607,3954.0,U,False
pIzGCRRLnf8bfGnx48Ka,1,person,POLYGON,0.0,0.0,1.0,0.2683249,302429.0,,False
pIzGCRRLnf8bfGnx48Ka,2,vest_on_body,POLYGON,0.0,0.0,1.0,0.10464023,117940.0,,False
pMftFzW2M3bmHHBJOTG2,1,person,RLE,0.138797,0.0,5.6459754,0.06152153,88591.0,2,False
pMftFzW2M3bmHHBJOTG2,2,person,RLE,0.775862,0.0,0.17711731,0.01089653,15691.0,1,False
pMftFzW2M3bmHHBJOTG2,3,person,RLE,0.065502,0.0,0.53332283,0.03055347,43997.0,6,False
pMftFzW2M3bmHHBJOTG2,4,person,RLE,0.935294,0.0,0.10028107,0.00616944,8884.0,1,False
pMftFzW2M3bmHHBJOTG2,5,person,RLE,0.74904,0.0,0.16634746,0.00952986,13723.0,6,False
pMftFzW2M3bmHHBJOTG2,6,person,RLE,0.11356,0.0,6.01151352,0.05728889,82496.0,5,False
pMftFzW2M3bmHHBJOTG2,7,person,RLE,0.839361,0.0,0.12153317,0.0069625,10026.0,6,False
pb3x906Z3qhaYLgBVWrb,1,person,POLYGON,0.0,0.0,1.0,0.03397526,130465.0,,False
pb3x906Z3qhaYLgBVWrb,2,vest_on_body,POLYGON,0.0,0.0,1.0,0.01465104,56260.0,,False
pbOZlgeseTpoTXwVJjAh,1,vest_on_body,POLYGON,0.0,0.0,1.0,0.25536598,287823.0,,False
pbOZlgeseTpoTXwVJjAh,5,person,RLE,0.0,0.0,1.0,0.3600275,405787.0,,False
pd0SyehnE6l5xoGZqJCt,1,helmet_loose,POLYGON,0.077142,0.0,1.32620267,0.07763967,132298.0,2,False
pd0SyehnE6l5xoGZqJCt,2,helmet_loose,POLYGON,0.097112,0.0,0.75403256,0.05854284,99757.0,1,False
pd0SyehnE6l5xoGZqJCt,4,helmet_loose,POLYGON,0.087523,0.0,1.33015824,0.04548298,77503.0,7,False
pd0SyehnE6l5xoGZqJCt,6,helmet_loose,POLYGON,0.12973,0.0,0.52466275,0.01794014,30570.0,7,False
pd0SyehnE6l5xoGZqJCt,7,helmet_loose,POLYGON,0.109648,0.0,0.75179025,0.03419366,58266.0,4,False
pd0SyehnE6l5xoGZqJCt,C,vest_loose,POLYGON,0.0,0.0,1.0,0.06682394,113868.0,,False
pd0SyehnE6l5xoGZqJCt,E,vest_loose,POLYGON,0.0,0.0,1.0,0.05388615,91822.0,,False
pd0SyehnE6l5xoGZqJCt,G,vest_loose,POLYGON,0.0,0.0,1.0,0.00014906,254.0,,False
pd0SyehnE6l5xoGZqJCt,H,vest_loose,POLYGON,0.0,0.0,1.0,0.00159507,2718.0,,False
pd0SyehnE6l5xoGZqJCt,J,vest_loose,POLYGON,0.216814,0.0,0.95068148,0.02832629,48268.0,L,False
pd0SyehnE6l5xoGZqJCt,L,vest_loose,POLYGON,0.44665,0.001004,2.11391456,0.02979577,50772.0,N,False
pd0SyehnE6l5xoGZqJCt,N,vest_loose,POLYGON,0.621762,0.002123,0.47305602,0.01409507,24018.0,L,False
prVjNgHS0pAKIQUelidW,1,person,POLYGON,0.0,0.0,1.0,0.20441835,348983.0,,False
pwZkhgJcda4HLCsziTh1,1,person,POLYGON,0.0,0.0,1.0,0.33458768,615106.0,,False
q2wyXKnABjAqqL0mLiG7,1,helmet_on_head,POLYGON,0.0,0.0,1.0,0.00348313,8205.0,,False
q2wyXKnABjAqqL0mLiG7,2,person,POLYGON,0.0,0.0,1.0,0.08007038,188617.0,,False
q2wyXKnABjAqqL0mLiG7,5,vest_on_body,POLYGON,0.042792,0.0,22.7828084,0.01473952,34721.0,6,False
q2wyXKnABjAqqL0mLiG7,6,vest_on_body,POLYGON,1.0,0.0,0.04389275,0.00064696,1524.0,5,True
q2wyXKnABjAqqL0mLiG7,7,vest_on_body,POLYGON,0.25,0.0,0.00169926,2.505e-05,59.0,5,True
q2wyXKnABjAqqL0mLiG7,8,vest_on_body,POLYGON,0.0,0.0,1.0,0.00025895,610.0,,True
q96gkRtLhrZTtKhFqiQU,2,helmet_loose,RLE,0.0,0.0,1.0,0.06690334,221905.0,,False
qEBVz8CKiWp4KmTFLCBu,1,person,POLYGON,0.0,0.0,1.0,0.12970544,146191.0,,False
qEBVz8CKiWp4KmTFLCBu,2,vest_on_body,POLYGON,0.0,0.0,1.0,0.05002396,56382.0,,False
qEBVz8CKiWp4KmTFLCBu,3,helmet_on_head,POLYGON,0.0,0.0,1.0,0.00678999,7653.0,,False
ql4CBoTCV3vDAYdQsYAA,1,vest_on_body,RLE,0.0,0.0,1.0,0.0667625,128184.0,,False
ql4CBoTCV3vDAYdQsYAA,2,person,RLE,0.0,0.0,1.0,0.11962188,229674.0,,False
qm0fl8ee3HpSLSCrrqDG,1,vest_on_body,POLYGON,0.0,0.0,1.0,0.17322835,212863.0,,False
qm0fl8ee3HpSLSCrrqDG,2,person,POLYGON,0.0,0.0,1.0,0.34999593,430075.0,,False
qm0fl8ee3HpSLSCrrqDG,3,vest_on_body,POLYGON,0.0,0.0,1.0,0.02244222,27577.0,,False
qm0fl8ee3HpSLSCrrqDG,4,person,POLYGON,0.0,0.0,1.0,0.06486328,79704.0,,False
qpGvhFrN8YelHx1yTsM9,2,person,POLYGON,0.0,0.0,1.0,0.37605536,423852.0,,False
qpGvhFrN8YelHx1yTsM9,3,helmet_on_head,POLYGON,0.0,0.0,1.0,0.01757431,19808.0,,False
qpGvhFrN8YelHx1yTsM9,5,vest_on_body,POLYGON,0.000837,0.0,1283.11594203,0.07855115,88535.0,B,False
qpGvhFrN8YelHx1yTsM9,6,vest_on_body,POLYGON,0.002419,0.002541,393.55952381,0.02933103,33059.0,9,True
qpGvhFrN8YelHx1yTsM9,7,vest_on_body,POLYGON,1.0,0.0,0.00030249,8.87e-06,10.0,6,True
qpGvhFrN8YelHx1yTsM9,8,vest_on_body,POLYGON,1.0,0.0,0.00024199,7.1e-06,8.0,6,True
qpGvhFrN8YelHx1yTsM9,9,vest_on_body,POLYGON,1.0,1.0,0.00254091,7.453e-05,84.0,6,True
qpGvhFrN8YelHx1yTsM9,A,vest_on_body,POLYGON,1.0,1.0,0.00133095,3.904e-05,44.0,6,True
qpGvhFrN8YelHx1yTsM9,B,vest_on_body,POLYGON,1.0,0.0,0.00077935,6.122e-05,69.0,5,True
qrutbsVFIvplPnd3QSpO,1,vest_on_body,POLYGON,0.0,0.0,1.0,0.2034052,229258.0,,False
qrutbsVFIvplPnd3QSpO,2,person,POLYGON,0.0,0.0,1.0,0.43314435,488197.0,,False
r3HWnAoRdj2C2qeAdFkr,1,person,POLYGON,0.086221,0.0,9.29270823,0.13062708,188103.0,7,False
r3HWnAoRdj2C2qeAdFkr,2,person,POLYGON,0.276,0.0,0.36593062,0.03881736,55897.0,3,False
r3HWnAoRdj2C2qeAdFkr,3,person,POLYGON,0.091987,0.0,2.73275847,0.10607847,152753.0,2,False
r3HWnAoRdj2C2qeAdFkr,4,helmet_on_head,POLYGON,0.0,0.0,1.0,0.01182083,17022.0,,False
r3HWnAoRdj2C2qeAdFkr,5,vest_on_body,POLYGON,0.0,0.0,1.0,0.02195694,31618.0,,False
r3HWnAoRdj2C2qeAdFkr,6,person,POLYGON,0.254669,0.0,0.61522232,0.0081,11664.0,8,False
r3HWnAoRdj2C2qeAdFkr,7,person,POLYGON,0.642276,0.0,0.10761126,0.01405694,20242.0,1,False
r3HWnAoRdj2C2qeAdFkr,8,person,POLYGON,0.141443,0.0,1.62542867,0.01316597,18959.0,6,False
r3HWnAoRdj2C2qeAdFkr,9,person,POLYGON,1.0,0.010674,0.08317252,0.01086458,15645.0,1,False
r3HWnAoRdj2C2qeAdFkr,A,person,POLYGON,0.1375,0.0,0.07076129,0.00750625,10809.0,3,False
r3HWnAoRdj2C2qeAdFkr,B,person,POLYGON,0.0,0.0,1.0,0.00461806,6650.0,,False
r3HWnAoRdj2C2qeAdFkr,C,vest_on_body,POLYGON,0.0,0.0,1.0,0.00200556,2888.0,,False
r3HWnAoRdj2C2qeAdFkr,D,helmet_on_head,POLYGON,0.0,0.0,1.0,0.00045139,650.0,,False
r3HWnAoRdj2C2qeAdFkr,E,vest_on_body,POLYGON,0.0,0.0,1.0,0.00209792,3021.0,,False
r3HWnAoRdj2C2qeAdFkr,F,helmet_on_head,POLYGON,0.0,0.0,1.0,0.00024653,355.0,,False
r3UicRnZtAlek7LbZebm,1,vest_on_body,RLE,0.0,0.0,1.0,0.08754116,174382.0,,False
r3UicRnZtAlek7LbZebm,2,vest_on_body,RLE,0.0,0.0,1.0,0.16672641,332119.0,,False
r3UicRnZtAlek7LbZebm,3,helmet_on_head,RLE,0.0,0.0,1.0,0.02577912,51352.0,,False
r3UicRnZtAlek7LbZebm,4,helmet_on_head,RLE,0.0,0.0,1.0,0.03428715,68300.0,,False
r3UicRnZtAlek7LbZebm,5,person,RLE,0.0,0.0,1.0,0.14082179,280517.0,,False
r3UicRnZtAlek7LbZebm,6,person,RLE,0.0,0.0,1.0,0.22659739,451382.0,,False
r4BbR2gJ7CPp1ObMrFIz,1,vest_on_body,RLE,0.0,0.0,1.0,0.05585908,95452.0,,False
r4BbR2gJ7CPp1ObMrFIz,2,helmet_on_head,RLE,0.0,0.0,1.0,0.00903324,15436.0,,False
r4BbR2gJ7CPp1ObMrFIz,3,person,RLE,0.0,0.0,1.0,0.09203652,157272.0,,False
rE8YybvIjJNdTtORaoUg,1,person,POLYGON,0.0,0.0,1.0,0.04054115,155678.0,,False
rE8YybvIjJNdTtORaoUg,2,vest_on_body,POLYGON,0.0,0.0,1.0,0.02030911,77987.0,,False
rGmTI5PGRqRSwShjd9Ud,1,person,POLYGON,0.161493,0.004616,1.27615743,0.01963255,75389.0,2,False
rGmTI5PGRqRSwShjd9Ud,2,person,POLYGON,0.205732,0.005891,0.78360238,0.01538411,59075.0,1,False
rH8exgws1DxUXM1Sl2EC,1,person,POLYGON,0.127877,0.0,0.81169617,0.10103269,172483.0,2,False
rH8exgws1DxUXM1Sl2EC,2,person,POLYGON,0.121213,0.0,1.23198808,0.12447106,212497.0,1,False
rH8exgws1DxUXM1Sl2EC,3,vest_on_body,POLYGON,0.0,0.0,1.0,0.05745197,98082.0,,False
rH8exgws1DxUXM1Sl2EC,5,vest_on_body,POLYGON,0.0,0.0,1.0,0.04391518,74972.0,,False
rTdiLvt8dIscf2PQBU1j,2,helmet_on_head,POLYGON,0.0,0.0,1.0,0.06906279,117904.0,,False
rTdiLvt8dIscf2PQBU1j,4,person,RLE,0.0,0.0,1.0,0.34715265,592659.0,,False
rYhDjwrXPlmdX7ft3uh3,1,vest_on_body,RLE,0.0,0.0,1.0,0.04056094,155754.0,,False
rYhDjwrXPlmdX7ft3uh3,2,person,RLE,0.0,0.0,1.0,0.07846693,301313.0,,False
rYhDjwrXPlmdX7ft3uh3,4,helmet_on_head,RLE,0.0,0.0,1.0,0.0057875,22224.0,,False
reY8VQLEFB5lzBT6SyIc,1,person,POLYGON,0.0,0.0,1.0,0.35756198,1373038.0,,False
reY8VQLEFB5lzBT6SyIc,2,helmet_on_head,POLYGON,0.0,0.0,1.0,0.01737604,66724.0,,False
rgmMTV7vKJ6wlhm6IioB,1,person,POLYGON,0.0,0.0,1.0,0.12948617,262080.0,,False
rgmMTV7vKJ6wlhm6IioB,2,person,POLYGON,0.0,0.0,1.0,0.00862105,17449.0,,False
rgmMTV7vKJ6wlhm6IioB,3,helmet_on_head,POLYGON,0.0,0.0,1.0,0.01538735,31144.0,,False
rpdoJYbURHUkBIZtjRyx,1,person,RLE,0.70566,0.001423,0.22435865,0.01171094,22485.0,2,False
rpdoJYbURHUkBIZtjRyx,2,person,RLE,0.340852,0.0,0.77973236,0.0521974,100219.0,4,False
rpdoJYbURHUkBIZtjRyx,3,person,RLE,0.726852,0.0,0.09168619,0.00377083,7240.0,5,False
rpdoJYbURHUkBIZtjRyx,4,person,RLE,0.35101,7e-05,1.62768315,0.06694271,128530.0,5,False
rpdoJYbURHUkBIZtjRyx,5,person,RLE,0.938406,0.000114,0.61437019,0.0411276,78965.0,4,False
rpdoJYbURHUkBIZtjRyx,6,person,RLE,0.375,0.0,0.02157918,0.0008875,1704.0,5,False
s9ircNOjL3KJuH5uqnhY,1,vest_on_body,RLE,0.44555,0.0,0.5068684,0.02324212,80771.0,3,False
s9ircNOjL3KJuH5uqnhY,2,vest_on_body,RLE,0.0,0.0,1.0,0.09173314,318791.0,,False
s9ircNOjL3KJuH5uqnhY,3,vest_on_body,RLE,0.170094,0.0,1.97289869,0.04585434,159353.0,1,False
s9ircNOjL3KJuH5uqnhY,4,person,RLE,1.0,0.995136,0.24959531,0.00070989,2467.0,6,False
s9ircNOjL3KJuH5uqnhY,5,person,RLE,0.226047,0.0,0.93302837,0.1780709,618832.0,7,False
s9ircNOjL3KJuH5uqnhY,6,person,RLE,1.0,0.0,0.03793543,0.00284415,9884.0,B,False
s9ircNOjL3KJuH5uqnhY,7,person,RLE,0.496413,0.0,2.54560004,0.19085261,663251.0,B,False
s9ircNOjL3KJuH5uqnhY,8,person,RLE,1.0,0.0,0.00269217,0.0004794,1666.0,5,False
s9ircNOjL3KJuH5uqnhY,9,person,RLE,0.717131,0.0,0.1211291,0.02311781,80339.0,7,False
s9ircNOjL3KJuH5uqnhY,A,person,RLE,0.787611,0.632853,1.51518027,0.00137863,4791.0,E,False
s9ircNOjL3KJuH5uqnhY,B,person,RLE,0.896175,0.0,0.39283469,0.07497353,260548.0,7,False
s9ircNOjL3KJuH5uqnhY,C,person,RLE,1.0,0.0,0.01095767,0.00082154,2855.0,B,False
s9ircNOjL3KJuH5uqnhY,D,person,RLE,0.928571,0.0,0.00636037,0.0011326,3936.0,5,False
s9ircNOjL3KJuH5uqnhY,E,person,RLE,1.0,0.958887,0.65998748,0.00090988,3162.0,A,False
sCBw5cHMoREKazVjQfkj,1,helmet_loose,POLYGON,0.09744,0.0,1.92325119,0.02701414,62823.0,L,False
sCBw5cHMoREKazVjQfkj,2,helmet_loose,POLYGON,0.069306,0.0,1.14326516,0.03545727,82458.0,E,False
sCBw5cHMoREKazVjQfkj,3,helmet_loose,POLYGON,0.072451,0.0,1.22055448,0.02972187,69120.0,N,False
sCBw5cHMoREKazVjQfkj,4,helmet_loose,POLYGON,0.088181,0.0,1.02324215,0.03220171,74887.0,6,False
sCBw5cHMoREKazVjQfkj,5,helmet_loose,POLYGON,0.068807,0.0,1.02950019,0.03371919,78416.0,7,False
sCBw5cHMoREKazVjQfkj,6,helmet_loose,POLYGON,0.093606,0.0,0.97728578,0.03147027,73186.0,4,False
sCBw5cHMoREKazVjQfkj,7,helmet_loose,POLYGON,0.074801,0.0,0.97134513,0.03275297,76169.0,5,False
sCBw5cHMoREKazVjQfkj,8,helmet_loose,POLYGON,0.079444,0.000119,2.3025458,0.02885757,67110.0,X,False
sCBw5cHMoREKazVjQfkj,9,helmet_loose,POLYGON,0.056864,0.0,2.214918,0.02775934,64556.0,X,False
sCBw5cHMoREKazVjQfkj,A,helmet_loose,POLYGON,0.10513,0.000474,1.22075151,0.02902957,67510.0,K,False
sCBw5cHMoREKazVjQfkj,B,helmet_loose,POLYGON,0.082008,0.000272,1.04847629,0.0348114,80956.0,S,False
sCBw5cHMoREKazVjQfkj,C,helmet_loose,POLYGON,0.07277,0.0,0.86159148,0.02999321,69751.0,B,False
sCBw5cHMoREKazVjQfkj,D,helmet_loose,POLYGON,0.07961,0.0,1.00654497,0.03167624,73665.0,6,False
sCBw5cHMoREKazVjQfkj,E,helmet_loose,POLYGON,0.081062,0.0,0.87468772,0.03101404,72125.0,2,False
sCBw5cHMoREKazVjQfkj,F,helmet_loose,POLYGON,0.099821,0.0,0.61084431,0.02165887,50369.0,2,False
sCBw5cHMoREKazVjQfkj,G,helmet_loose,POLYGON,0.137011,0.005498,2.83861815,0.03441408,80032.0,W,False
sCBw5cHMoREKazVjQfkj,H,helmet_loose,POLYGON,0.110091,0.0,2.90792039,0.03078527,71593.0,Y,False
sCBw5cHMoREKazVjQfkj,I,helmet_loose,POLYGON,0.088976,0.0,0.60247542,0.02097301,48774.0,B,False
sCBw5cHMoREKazVjQfkj,J,helmet_loose,POLYGON,0.116511,0.0,0.59599538,0.01887889,43904.0,D,False
sCBw5cHMoREKazVjQfkj,K,helmet_loose,POLYGON,0.126287,0.000579,0.81916753,0.02378008,55302.0,A,False
sCBw5cHMoREKazVjQfkj,L,helmet_loose,POLYGON,0.188583,0.0,0.51995288,0.01404608,32665.0,1,False
sCBw5cHMoREKazVjQfkj,M,helmet_loose,POLYGON,0.127946,0.000305,0.75350521,0.0183487,42671.0,N,False
sCBw5cHMoREKazVjQfkj,N,helmet_loose,POLYGON,0.108571,0.00023,1.32713084,0.02435112,56630.0,M,False
sCBw5cHMoREKazVjQfkj,O,helmet_loose,POLYGON,0.071403,0.0,0.59470577,0.02070254,48145.0,B,False
sCBw5cHMoREKazVjQfkj,P,helmet_loose,POLYGON,0.092736,0.0,2.80828595,0.02973047,69140.0,Y,False
sCBw5cHMoREKazVjQfkj,Q,helmet_loose,POLYGON,0.105572,0.0,0.46282032,0.01343547,31245.0,A,False
sCBw5cHMoREKazVjQfkj,R,helmet_loose,POLYGON,0.183995,0.0,0.36009107,0.0110855,25780.0,H,False
sCBw5cHMoREKazVjQfkj,S,helmet_loose,POLYGON,0.089244,0.000285,0.95376501,0.0332019,77213.0,B,False
sCBw5cHMoREKazVjQfkj,T,helmet_loose,POLYGON,0.31332,0.0,0.27419728,0.00815201,18958.0,P,False
sCBw5cHMoREKazVjQfkj,U,helmet_loose,POLYGON,0.211765,0.000138,0.36236755,0.01247054,29001.0,G,False
sCBw5cHMoREKazVjQfkj,V,helmet_loose,POLYGON,0.135458,0.000264,0.3914003,0.00488097,11351.0,U,False
sCBw5cHMoREKazVjQfkj,W,helmet_loose,POLYGON,0.338312,0.015606,0.35228409,0.01212353,28194.0,G,False
sCBw5cHMoREKazVjQfkj,X,helmet_loose,POLYGON,0.172131,0.000274,0.43430189,0.0125329,29146.0,8,False
sCBw5cHMoREKazVjQfkj,Y,helmet_loose,POLYGON,0.262146,0.0,0.34388837,0.0105867,24620.0,H,False
sCBw5cHMoREKazVjQfkj,Z,helmet_loose,POLYGON,0.12766,0.001383,0.13596644,0.00404118,9398.0,3,False
sRXEOujQOUMfRHzPXYsE,1,vest_on_body,RLE,0.0,0.0,1.0,0.0435157,74290.0,,False
sRXEOujQOUMfRHzPXYsE,2,vest_on_body,RLE,0.0,0.0,1.0,0.01592315,27184.0,,False
sRXEOujQOUMfRHzPXYsE,3,helmet_on_head,RLE,0.0,0.0,1.0,0.01031514,17610.0,,False
sRXEOujQOUMfRHzPXYsE,4,helmet_on_head,RLE,0.0,0.0,1.0,0.01116448,19060.0,,False
sRXEOujQOUMfRHzPXYsE,5,person,RLE,0.029258,0.0,1.83335453,0.14355729,245081.0,6,False
sRXEOujQOUMfRHzPXYsE,6,person,RLE,0.032258,0.0,0.54544824,0.07830307,133679.0,5,False
sSsfNfmuKklWQnB6wgFb,1,person,RLE,0.0,0.0,1.0,0.04293287,73295.0,,False
sSsfNfmuKklWQnB6wgFb,2,person,RLE,0.0,0.0,1.0,0.08406982,143524.0,,False
sSsfNfmuKklWQnB6wgFb,3,person,RLE,0.004953,0.0,1.35246312,0.08695232,148445.0,5,False
sSsfNfmuKklWQnB6wgFb,4,person,RLE,0.101992,0.0,1.67389462,0.10761774,183725.0,5,False
sSsfNfmuKklWQnB6wgFb,5,person,RLE,0.184817,0.0,0.59740917,0.06429182,109759.0,4,False
sl5odNB8YRmCtgwWD7pE,1,helmet_loose,RLE,0.0,0.0,1.0,0.12269447,209464.0,,False
szhdyw6JE1HhJo9ILihS,1,person,POLYGON,0.0,0.0,1.0,0.14966261,255504.0,,False
szjOIXL0vHTzXnHCk2QD,1,person,POLYGON,0.0,0.0,1.0,0.08014728,90334.0,,False
szjOIXL0vHTzXnHCk2QD,2,helmet_on_head,POLYGON,0.0,0.0,1.0,0.00344779,3886.0,,False
szjOIXL0vHTzXnHCk2QD,4,vest_on_body,POLYGON,0.0,0.0,1.0,0.0536208,60436.0,,False
t3Bt4eQVavoJA4eXFvEO,1,person,POLYGON,0.0,0.0,1.0,0.00691249,11801.0,,False
t3Bt4eQVavoJA4eXFvEO,2,vest_on_body,POLYGON,0.0,0.0,1.0,0.00132673,2265.0,,False
t92NygAuu8S9QMcR2Neh,4,helmet_loose,RLE,0.0,0.0,1.0,0.0807288,190168.0,,False
tAHPTKhPWsGlGkTWoapB,1,person,POLYGON,0.0,0.0,1.0,0.04134682,46602.0,,False
tAHPTKhPWsGlGkTWoapB,2,helmet_on_head,POLYGON,0.0,0.0,1.0,0.00938603,10579.0,,False
tAHPTKhPWsGlGkTWoapB,4,vest_on_body,POLYGON,0.0,0.0,1.0,0.02452755,27645.0,,False
tgYP65AdeQ00p58sCuL0,1,person,RLE,0.0,0.0,1.0,0.08653125,166140.0,,False
tgYP65AdeQ00p58sCuL0,2,person,RLE,0.151724,0.0,0.80439285,0.05947396,114190.0,4,False
tgYP65AdeQ00p58sCuL0,3,person,RLE,0.551724,0.0,0.1660632,0.01227813,23574.0,4,False
tgYP65AdeQ00p58sCuL0,4,person,RLE,0.150855,0.0,6.02180368,0.07393646,141958.0,3,False
tgYP65AdeQ00p58sCuL0,5,person,RLE,0.50466,0.0,0.21771228,0.01609688,30906.0,4,False
tjHCOqwRIYw66vZcCHJp,1,vest_on_body,RLE,0.0,0.0,1.0,0.11354616,193846.0,,False
tjHCOqwRIYw66vZcCHJp,2,helmet_on_head,RLE,0.0,0.0,1.0,0.02186036,37320.0,,False
tjHCOqwRIYw66vZcCHJp,3,person,RLE,0.0,0.0,1.0,0.21850574,373033.0,,False
tqzQPhC5wHy3xDwCdFuo,1,person,POLYGON,0.0,0.0,1.0,0.0504135,55108.0,,False
tqzQPhC5wHy3xDwCdFuo,3,helmet_on_head,POLYGON,0.0,0.0,1.0,0.0022047,2410.0,,False
tqzQPhC5wHy3xDwCdFuo,5,vest_on_body,POLYGON,0.0,0.0,1.0,0.01597995,17468.0,,False
u4uGaDsy2tThEpOEs5TM,1,vest_on_body,RLE,0.127451,0.0,2.45902601,0.00736469,12573.0,2,False
u4uGaDsy2tThEpOEs5TM,2,vest_on_body,RLE,0.179178,0.0,0.40666508,0.00299496,5113.0,1,False
u4uGaDsy2tThEpOEs5TM,3,vest_on_body,RLE,0.0,0.0,1.0,0.00285731,4878.0,,False
u4uGaDsy2tThEpOEs5TM,4,vest_on_body,RLE,0.0,0.0,1.0,0.00257263,4392.0,,False
u4uGaDsy2tThEpOEs5TM,5,person,RLE,0.0,0.0,1.0,0.01373184,23443.0,,False
u4uGaDsy2tThEpOEs5TM,6,person,RLE,0.575566,0.000933,1.96825397,0.01946579,33232.0,8,False
u4uGaDsy2tThEpOEs5TM,7,person,RLE,0.0,0.0,1.0,0.00710813,12135.0,,False
u4uGaDsy2tThEpOEs5TM,8,person,RLE,0.906977,0.001836,0.50806452,0.00988988,16884.0,6,False
u4uGaDsy2tThEpOEs5TM,C,helmet_on_head,RLE,0.0,0.0,1.0,0.00127167,2171.0,,False
u4uGaDsy2tThEpOEs5TM,B,helmet_on_head,RLE,0.0,0.0,1.0,0.00053479,913.0,,False
u4uGaDsy2tThEpOEs5TM,A,helmet_on_head,RLE,0.0,0.0,1.0,0.00090909,1552.0,,False
uZZkiFjkPxvryVuQh0S0,1,person,POLYGON,0.0,0.0,1.0,0.10291279,115993.0,,False
uZZkiFjkPxvryVuQh0S0,2,person,POLYGON,0.0,0.0,1.0,0.11169994,125897.0,,False
uZZkiFjkPxvryVuQh0S0,3,person,POLYGON,0.0,0.0,1.0,0.11446189,129010.0,,False
v1m3svUyUjC30E9pB92L,1,person,POLYGON,0.0,0.0,1.0,0.02653909,45350.0,,False
v1m3svUyUjC30E9pB92L,2,helmet_on_head,POLYGON,0.0,0.0,1.0,0.00085265,1457.0,,False
v1m3svUyUjC30E9pB92L,3,vest_on_body,POLYGON,0.0,0.0,1.0,0.00644546,11014.0,,False
vYEZdbnXgIU3r7Aa4AWT,1,person,POLYGON,0.0,0.0,1.0,0.55416726,702407.0,,False
vYEZdbnXgIU3r7Aa4AWT,2,helmet_on_head,POLYGON,0.0,0.0,1.0,0.03469901,43981.0,,False
vYEZdbnXgIU3r7Aa4AWT,4,vest_on_body,POLYGON,0.003597,0.0,571.24038462,0.28122604,356454.0,5,False
vYEZdbnXgIU3r7Aa4AWT,5,vest_on_body,POLYGON,1.0,0.0,0.00175058,0.00049231,624.0,4,True
va1h7fuyzlYl8u8358Qx,1,person,POLYGON,0.0,0.0,1.0,0.0720862,276811.0,,False
vh2ww5CJ1DQeofRTmQMg,1,helmet_on_head,RLE,0.0,0.0,1.0,0.00095478,1630.0,,False
vh2ww5CJ1DQeofRTmQMg,2,helmet_on_head,RLE,0.0,0.0,1.0,0.00125,2134.0,,False
vh2ww5CJ1DQeofRTmQMg,3,person,RLE,0.051535,0.0,0.88499953,0.02200679,37570.0,5,False
vh2ww5CJ1DQeofRTmQMg,4,person,RLE,0.0,0.0,1.0,0.00314023,5361.0,,False
vh2ww5CJ1DQeofRTmQMg,5,person,RLE,0.049678,0.0,1.1299441,0.02486645,42452.0,3,False
vhz25WpcjcQ6mGS8YP5I,4,person,RLE,0.0,0.0,1.0,0.17914029,264841.0,,False
vhz25WpcjcQ6mGS8YP5I,6,helmet_loose,RLE,0.0,0.0,1.0,0.00844021,12478.0,,False
vltD7ae0puVQgcj8VjlZ,3,helmet_loose,POLYGON,0.0,0.0,1.0,2.746e-05,105.0,,False
vltD7ae0puVQgcj8VjlZ,4,helmet_loose,POLYGON,0.0,0.0,1.0,0.00014749,564.0,,False
vltD7ae0puVQgcj8VjlZ,5,helmet_loose,POLYGON,0.0,0.0,1.0,0.00071313,2727.0,,False
vltD7ae0puVQgcj8VjlZ,6,helmet_loose,POLYGON,0.0,0.0,1.0,0.00115089,4401.0,,False
vltD7ae0puVQgcj8VjlZ,7,helmet_loose,POLYGON,0.0,0.0,1.0,0.001392,5323.0,,False
vltD7ae0puVQgcj8VjlZ,8,helmet_loose,POLYGON,0.021065,0.0,0.27445945,0.00206799,7908.0,N,False
vltD7ae0puVQgcj8VjlZ,9,helmet_loose,POLYGON,0.0,0.0,1.0,0.00214226,8192.0,,False
vltD7ae0puVQgcj8VjlZ,A,helmet_loose,POLYGON,0.0,0.0,1.0,0.00420136,16066.0,,False
vltD7ae0puVQgcj8VjlZ,B,helmet_loose,POLYGON,0.015019,0.0,0.49044568,0.00462448,17684.0,U,False
vltD7ae0puVQgcj8VjlZ,C,helmet_loose,POLYGON,0.0,0.0,1.0,0.00496077,18970.0,,False
vltD7ae0puVQgcj8VjlZ,D,helmet_loose,POLYGON,0.0,0.0,1.0,0.00604106,23101.0,,False
vltD7ae0puVQgcj8VjlZ,E,helmet_loose,POLYGON,0.014294,0.0,0.92313123,0.00615533,23538.0,I,False
vltD7ae0puVQgcj8VjlZ,F,helmet_loose,POLYGON,0.008677,0.0,0.99044728,0.0063988,24469.0,G,False
vltD7ae0puVQgcj8VjlZ,G,helmet_loose,POLYGON,0.008627,0.0,1.00964486,0.00646051,24705.0,F,False
vltD7ae0puVQgcj8VjlZ,H,helmet_loose,POLYGON,0.0,0.0,1.0,0.0066046,25256.0,,False
vltD7ae0puVQgcj8VjlZ,I,helmet_loose,POLYGON,0.013907,0.0,0.96030431,0.00666789,25498.0,J,False
vltD7ae0puVQgcj8VjlZ,J,helmet_loose,POLYGON,0.013381,0.0,1.04133658,0.00694351,26552.0,I,False
vltD7ae0puVQgcj8VjlZ,K,helmet_loose,POLYGON,0.002002,0.0,1.07630034,0.00695345,26590.0,G,False
vltD7ae0puVQgcj8VjlZ,L,helmet_loose,POLYGON,0.0,0.0,1.0,0.00731433,27970.0,,False
vltD7ae0puVQgcj8VjlZ,M,helmet_loose,POLYGON,0.007855,0.0,1.08470172,0.00753164,28801.0,J,False
vltD7ae0puVQgcj8VjlZ,N,helmet_loose,POLYGON,0.013333,0.0,0.91516326,0.00753478,28813.0,P,False
vltD7ae0puVQgcj8VjlZ,O,helmet_loose,POLYGON,0.003409,0.0,1.04913024,0.00790167,30216.0,M,False
vltD7ae0puVQgcj8VjlZ,P,helmet_loose,POLYGON,0.012585,0.0,1.09270121,0.00823326,31484.0,N,False
vltD7ae0puVQgcj8VjlZ,Q,helmet_loose,POLYGON,0.0,0.0,1.0,0.00828504,31682.0,,False
vltD7ae0puVQgcj8VjlZ,R,helmet_loose,POLYGON,0.0015,0.0,0.7212612,0.00854838,32689.0,a,False
vltD7ae0puVQgcj8VjlZ,S,helmet_loose,POLYGON,0.007144,0.0,1.04675391,0.0086182,32956.0,P,False
vltD7ae0puVQgcj8VjlZ,T,helmet_loose,POLYGON,0.005036,0.0,1.06153659,0.00914854,34984.0,S,False
vltD7ae0puVQgcj8VjlZ,U,helmet_loose,POLYGON,0.007906,0.0,0.93964506,0.00942913,36057.0,X,False
vltD7ae0puVQgcj8VjlZ,V,helmet_loose,POLYGON,0.0,0.0,1.0,0.0097147,37149.0,,False
vltD7ae0puVQgcj8VjlZ,W,helmet_loose,POLYGON,0.001853,0.0,1.06568717,0.00974948,37282.0,T,False
vltD7ae0puVQgcj8VjlZ,X,helmet_loose,POLYGON,0.007479,0.0,1.06423163,0.01003478,38373.0,U,False
vltD7ae0puVQgcj8VjlZ,Y,helmet_loose,POLYGON,0.003553,0.0,1.07361947,0.01077354,41198.0,X,False
vltD7ae0puVQgcj8VjlZ,Z,helmet_loose,POLYGON,0.002536,0.0,1.0589349,0.01140847,43626.0,Y,False
vltD7ae0puVQgcj8VjlZ,a,helmet_loose,POLYGON,0.002648,0.0,0.92911029,0.01185199,45322.0,c,False
vltD7ae0puVQgcj8VjlZ,b,helmet_loose,POLYGON,0.000184,0.0,1.07167744,0.0122262,46753.0,Z,False
vltD7ae0puVQgcj8VjlZ,c,helmet_loose,POLYGON,0.002458,0.0,1.07629849,0.01275628,48780.0,a,False
vltD7ae0puVQgcj8VjlZ,d,helmet_loose,POLYGON,0.00163,0.0,1.06920869,0.01363912,52156.0,c,False
vltD7ae0puVQgcj8VjlZ,e,helmet_loose,POLYGON,0.0,0.0,1.0,0.01370554,52410.0,,False
vz16uUIqOlsdLgROccQ3,1,vest_on_body,POLYGON,0.0,0.0,1.0,0.11388519,128360.0,,False
vz16uUIqOlsdLgROccQ3,3,person,RLE,0.0,0.0,1.0,0.1957608,220642.0,,False
wFFDRQDkZr4rERlpbwFV,1,helmet_loose,RLE,0.0,0.0,1.0,0.11527967,196621.0,,False
wS4knG95ig6T2ZEozbZe,1,helmet_loose,POLYGON,0.0,0.0,1.0,0.01305773,36102.0,,False
wS4knG95ig6T2ZEozbZe,2,helmet_loose,POLYGON,0.020421,0.0,1.09321669,0.00827148,22869.0,3,False
wS4knG95ig6T2ZEozbZe,3,helmet_loose,POLYGON,0.021277,0.0,0.91473173,0.00756619,20919.0,2,False
wS4knG95ig6T2ZEozbZe,4,helmet_loose,POLYGON,0.0,0.0,1.0,0.00700557,19369.0,,False
wS4knG95ig6T2ZEozbZe,5,helmet_loose,POLYGON,0.0,0.0,1.0,0.00409397,11319.0,,False
wS4knG95ig6T2ZEozbZe,6,helmet_loose,POLYGON,0.0,0.0,1.0,0.00417173,11534.0,,False
wS4knG95ig6T2ZEozbZe,7,helmet_loose,POLYGON,0.000601,0.0,1.56623166,0.01185041,32764.0,3,False
wS4knG95ig6T2ZEozbZe,8,helmet_loose,POLYGON,0.0,0.0,1.0,0.02173105,60082.0,,False
wS4knG95ig6T2ZEozbZe,9,helmet_loose,POLYGON,0.0,0.0,1.0,0.00392614,10855.0,,False
wYXa9TLh0h7ZFuKLZ9KA,1,person,POLYGON,0.0,0.0,1.0,0.05355729,91433.0,,False
wYXa9TLh0h7ZFuKLZ9KA,2,vest_on_body,POLYGON,0.0,0.0,1.0,0.01764351,30121.0,,False
wfDgURKw6U5nt33bmej0,1,person,POLYGON,0.0,0.0,1.0,0.55409948,2127742.0,,False
wfDgURKw6U5nt33bmej0,2,helmet_on_head,POLYGON,0.0,0.0,1.0,0.06527005,250637.0,,False
x9uzQ6SwddanWcvV1McI,1,vest_on_body,RLE,0.0,0.0,1.0,0.00247639,4616.0,,False
x9uzQ6SwddanWcvV1McI,2,vest_on_body,RLE,0.0,0.0,1.0,0.00105418,1965.0,,False
x9uzQ6SwddanWcvV1McI,3,vest_on_body,RLE,0.0,0.0,1.0,0.00138412,2580.0,,False
x9uzQ6SwddanWcvV1McI,4,vest_on_body,RLE,0.0,0.0,1.0,0.00216148,4029.0,,False
x9uzQ6SwddanWcvV1McI,5,vest_on_body,RLE,0.0,0.0,1.0,0.00106009,1976.0,,False
x9uzQ6SwddanWcvV1McI,6,vest_on_body,RLE,0.0,0.0,1.0,0.00127039,2368.0,,False
x9uzQ6SwddanWcvV1McI,7,vest_on_body,RLE,0.0,0.0,1.0,0.00165933,3093.0,,False
x9uzQ6SwddanWcvV1McI,A,person,RLE,0.0,0.0,1.0,0.00500268,9325.0,,False
x9uzQ6SwddanWcvV1McI,B,person,RLE,0.0,0.0,1.0,0.00592114,11037.0,,False
x9uzQ6SwddanWcvV1McI,C,person,RLE,0.0,0.0,1.0,0.00828809,15449.0,,False
x9uzQ6SwddanWcvV1McI,D,person,RLE,0.0,0.0,1.0,0.004478,8347.0,,False
x9uzQ6SwddanWcvV1McI,E,person,RLE,0.0,0.0,1.0,0.00763036,14223.0,,False
x9uzQ6SwddanWcvV1McI,F,person,RLE,0.063195,0.0,0.76537887,0.00714217,13313.0,G,False
x9uzQ6SwddanWcvV1McI,G,person,RLE,0.081434,0.0,2.16693659,0.00933155,17394.0,J,False
x9uzQ6SwddanWcvV1McI,H,person,RLE,0.028755,0.0,0.85540991,0.0079823,14879.0,G,False
x9uzQ6SwddanWcvV1McI,I,person,RLE,0.0,0.0,1.0,0.00805687,15018.0,,False
x9uzQ6SwddanWcvV1McI,J,person,RLE,0.213542,0.0,0.46148097,0.00430633,8027.0,G,False
x9uzQ6SwddanWcvV1McI,K,person,RLE,0.0,0.0,1.0,0.00118079,2201.0,,False
x9uzQ6SwddanWcvV1McI,R,helmet_on_head,RLE,0.0,0.0,1.0,0.00055955,1043.0,,False
x9uzQ6SwddanWcvV1McI,Q,helmet_on_head,RLE,0.0,0.0,1.0,0.00044206,824.0,,False
x9uzQ6SwddanWcvV1McI,P,helmet_on_head,RLE,0.0,0.0,1.0,0.0006706,1250.0,,False
x9uzQ6SwddanWcvV1McI,O,helmet_on_head,RLE,0.0,0.0,1.0,0.00070225,1309.0,,False
x9uzQ6SwddanWcvV1McI,N,helmet_on_head,RLE,0.0,0.0,1.0,0.00049785,928.0,,False
x9uzQ6SwddanWcvV1McI,M,helmet_on_head,RLE,0.0,0.0,1.0,0.00069367,1293.0,,False
x9uzQ6SwddanWcvV1McI,T,helmet_on_head,POLYGON,0.0,0.0,1.0,0.00026341,491.0,,False
x9uzQ6SwddanWcvV1McI,V,helmet_on_head,POLYGON,0.0,0.0,1.0,7.082e-05,132.0,,False
xCsoN8tQQsB259iyGJJD,7,vest_loose,RLE,0.0,0.0,1.0,0.58611068,2250665.0,,False
xEWKVpjbfnBH9kQEaUbB,1,person,RLE,0.0,0.0,1.0,0.00159293,2722.0,,False
xEWKVpjbfnBH9kQEaUbB,2,person,RLE,0.275,0.381174,2.54,0.00163507,2794.0,9,False
xEWKVpjbfnBH9kQEaUbB,3,person,RLE,0.0,0.0,1.0,0.00044359,758.0,,False
xEWKVpjbfnBH9kQEaUbB,4,person,RLE,0.534954,0.012451,0.49404075,0.00075199,1285.0,5,False
xEWKVpjbfnBH9kQEaUbB,5,person,RLE,0.294413,0.006151,2.02412451,0.00152212,2601.0,4,False
xEWKVpjbfnBH9kQEaUbB,6,person,RLE,0.202247,0.0,0.452398,0.0007397,1264.0,2,False
xEWKVpjbfnBH9kQEaUbB,7,person,RLE,0.0,0.0,1.0,0.00596969,10201.0,,False
xEWKVpjbfnBH9kQEaUbB,8,person,RLE,0.0,0.0,1.0,0.0014595,2494.0,,False
xEWKVpjbfnBH9kQEaUbB,9,person,RLE,1.0,0.968182,0.39370079,0.00064373,1100.0,2,False
xEWKVpjbfnBH9kQEaUbB,A,person,RLE,0.498512,0.610811,1.62439024,0.00097437,1665.0,F,False
xEWKVpjbfnBH9kQEaUbB,B,person,RLE,0.0,0.0,1.0,0.00234609,4009.0,,False
xEWKVpjbfnBH9kQEaUbB,C,person,RLE,1.0,0.991071,0.61011673,0.0004588,784.0,4,False
xEWKVpjbfnBH9kQEaUbB,D,person,RLE,0.0,0.0,1.0,0.00013109,224.0,,False
xEWKVpjbfnBH9kQEaUbB,E,person,RLE,0.296248,0.0,0.35969936,0.00058813,1005.0,2,False
xEWKVpjbfnBH9kQEaUbB,F,person,RLE,1.0,0.992195,0.61561562,0.00059984,1025.0,A,False
xEWKVpjbfnBH9kQEaUbB,G,person,RLE,0.0,0.0,1.0,0.0008269,1413.0,,False
xEWKVpjbfnBH9kQEaUbB,H,person,RLE,0.0,0.0,1.0,0.00051323,877.0,,False
xibnPIqURhNVJI3zP0bz,1,vest_on_body,POLYGON,0.0,0.0,1.0,0.07696726,97556.0,,False
xibnPIqURhNVJI3zP0bz,2,person,POLYGON,0.0,0.0,1.0,0.21745168,275620.0,,False
xibnPIqURhNVJI3zP0bz,3,helmet_on_head,POLYGON,0.0,0.0,1.0,0.00940039,11915.0,,False
xnxssvkuDMAznbmlK9z8,1,person,POLYGON,0.0,0.0,1.0,0.38758028,491258.0,,False
xnxssvkuDMAznbmlK9z8,4,vest_on_body,POLYGON,0.0,0.0,1.0,0.15009467,190245.0,,False
xnxssvkuDMAznbmlK9z8,6,helmet_loose,RLE,0.0,0.0,1.0,0.05884339,74584.0,,False
xwPbKAjD2vxaff0GdKp1,4,helmet_loose,POLYGON,0.628457,0.0,1.98258397,0.00716598,11156.0,6,False
xwPbKAjD2vxaff0GdKp1,6,helmet_loose,POLYGON,0.579593,0.0,0.50439226,0.00361447,5627.0,4,False
xwPbKAjD2vxaff0GdKp1,8,helmet_loose,POLYGON,0.0,0.0,1.0,0.0046602,7255.0,,False
xwPbKAjD2vxaff0GdKp1,A,helmet_loose,POLYGON,0.202944,0.0,0.67035364,0.002764,4303.0,C,False
xwPbKAjD2vxaff0GdKp1,C,helmet_loose,POLYGON,0.237537,0.0,1.49174994,0.0041232,6419.0,A,False
xwPbKAjD2vxaff0GdKp1,E,helmet_loose,POLYGON,0.046516,0.0,1.93801997,0.00598535,9318.0,H,False
xwPbKAjD2vxaff0GdKp1,H,helmet_loose,POLYGON,0.073288,0.0,0.51599056,0.00308839,4808.0,E,False
xwPbKAjD2vxaff0GdKp1,J,helmet_loose,POLYGON,0.0,0.0,1.0,0.00370247,5764.0,,False
xwPbKAjD2vxaff0GdKp1,L,helmet_loose,POLYGON,0.0,0.0,1.0,0.00589543,9178.0,,False
xwPbKAjD2vxaff0GdKp1,N,helmet_loose,POLYGON,0.0,0.0,1.0,0.00467883,7284.0,,False
xwPbKAjD2vxaff0GdKp1,P,helmet_loose,POLYGON,0.0,0.0,1.0,0.0044296,6896.0,,False
xwPbKAjD2vxaff0GdKp1,R,helmet_loose,POLYGON,0.0,0.0,1.0,0.00318217,4954.0,,False
xwPbKAjD2vxaff0GdKp1,T,helmet_loose,POLYGON,0.0,0.0,1.0,0.00358299,5578.0,,False
xwPbKAjD2vxaff0GdKp1,V,helmet_loose,POLYGON,0.0,0.0,1.0,0.00643114,10012.0,,False
xwPbKAjD2vxaff0GdKp1,X,helmet_loose,POLYGON,0.0,0.0,1.0,0.00606244,9438.0,,False
xwPbKAjD2vxaff0GdKp1,Z,helmet_loose,POLYGON,0.0,0.0,1.0,0.00454008,7068.0,,False
xwPbKAjD2vxaff0GdKp1,b,helmet_loose,POLYGON,0.0,0.0,1.0,0.00575347,8957.0,,False
xwPbKAjD2vxaff0GdKp1,d,helmet_loose,POLYGON,0.260619,0.0,0.64687169,0.00431012,6710.0,16,False
xwPbKAjD2vxaff0GdKp1,f,helmet_loose,POLYGON,0.153576,0.0,4.15201401,0.00761434,11854.0,14,False
xwPbKAjD2vxaff0GdKp1,h,helmet_loose,POLYGON,0.094488,0.0,1.53394564,0.00793872,12359.0,l,False
xwPbKAjD2vxaff0GdKp1,j,helmet_loose,POLYGON,0.103787,0.0,1.02730545,0.00531668,8277.0,l,False
xwPbKAjD2vxaff0GdKp1,l,helmet_loose,POLYGON,0.130208,0.0,0.65191359,0.00517536,8057.0,h,False
xwPbKAjD2vxaff0GdKp1,n,helmet_loose,POLYGON,0.136052,0.0,1.275,0.00714157,11118.0,r,False
xwPbKAjD2vxaff0GdKp1,p,helmet_loose,POLYGON,0.175663,0.000172,0.66766055,0.00373972,5822.0,r,False
xwPbKAjD2vxaff0GdKp1,r,helmet_loose,POLYGON,0.14654,0.0,0.78431373,0.00560123,8720.0,n,False
xwPbKAjD2vxaff0GdKp1,t,helmet_loose,POLYGON,0.043854,0.0,2.31305638,0.00700989,10913.0,v,False
xwPbKAjD2vxaff0GdKp1,v,helmet_loose,POLYGON,0.64,0.026494,0.57243388,0.00303058,4718.0,x,False
xwPbKAjD2vxaff0GdKp1,x,helmet_loose,POLYGON,0.447205,0.015166,1.74692666,0.00529419,8242.0,v,False
xwPbKAjD2vxaff0GdKp1,z,helmet_loose,POLYGON,0.134021,0.011646,0.78136375,0.00413669,6440.0,x,False
xwPbKAjD2vxaff0GdKp1,12,helmet_loose,POLYGON,0.0,0.0,1.0,0.00227261,3538.0,,False
xwPbKAjD2vxaff0GdKp1,14,helmet_loose,POLYGON,0.47504,0.0,0.24084697,0.00183389,2855.0,f,False
xwPbKAjD2vxaff0GdKp1,16,helmet_loose,POLYGON,0.209066,0.0,1.54590164,0.00666303,10373.0,d,False
xwPbKAjD2vxaff0GdKp1,18,helmet_loose,POLYGON,0.22973,0.004543,0.12999831,0.00098985,1541.0,f,False
xwPbKAjD2vxaff0GdKp1,1A,helmet_loose,POLYGON,0.0,0.0,1.0,0.00470003,7317.0,,False
xwPbKAjD2vxaff0GdKp1,1C,helmet_loose,POLYGON,0.0,0.0,1.0,0.00174139,2711.0,,False
y3fseRK4akRrTNtrmPfb,1,person,POLYGON,0.0,0.0,1.0,0.19451324,332073.0,,False
y3fseRK4akRrTNtrmPfb,2,helmet_on_head,POLYGON,0.0,0.0,1.0,0.01201617,20514.0,,False
y3fseRK4akRrTNtrmPfb,5,vest_on_body,RLE,0.0,0.0,1.0,0.06858306,117085.0,,False
yE5PdkrjifxbV7QoD5xc,1,person,POLYGON,0.0,0.0,1.0,0.03814082,65114.0,,False
ySDlICqH087yeYmYSVbI,1,helmet_loose,POLYGON,0.0,0.0,1.0,0.20399167,783328.0,,False
ySDlICqH087yeYmYSVbI,2,person,POLYGON,0.0,0.0,1.0,0.25913984,995097.0,,False
yeO7WH7v2BmSeIvpsQxr,1,person,RLE,0.0,0.0,1.0,0.1403973,239237.0,,False
yeO7WH7v2BmSeIvpsQxr,3,helmet_loose,RLE,0.0,0.0,1.0,0.04849648,82638.0,,False
ymICdUCkVq8IfApx2TvK,1,person,POLYGON,0.0,0.0,1.0,0.40125601,330651.0,,False
ymICdUCkVq8IfApx2TvK,2,helmet_loose,POLYGON,0.0,0.0,1.0,0.07004272,57718.0,,False
ywH2LFvRJto6sV68hk5v,1,person,POLYGON,0.0,0.0,1.0,0.19990663,224795.0,,False
ywH2LFvRJto6sV68hk5v,3,helmet_on_head,POLYGON,0.0,0.0,1.0,0.01371187,15419.0,,False
ywH2LFvRJto6sV68hk5v,5,vest_on_body,POLYGON,0.0,0.0,1.0,0.03641707,40951.0,,False
ywH2LFvRJto6sV68hk5v,6,vest_on_body,POLYGON,0.0,0.0,1.0,0.00753668,8475.0,,True
ywH2LFvRJto6sV68hk5v,7,vest_on_body,POLYGON,0.0,0.0,1.0,0.00014584,164.0,,True
yyV4SbiMGeqs0hjR2Nmk,1,person,POLYGON,0.0,0.0,1.0,0.36876675,415637.0,,False
yyV4SbiMGeqs0hjR2Nmk,2,vest_on_body,POLYGON,0.0,0.0,1.0,0.16921214,190719.0,,False
zIjMWx3EGNSbPhJ6eyDE,1,helmet_on_head,POLYGON,0.0,0.0,1.0,0.02758758,65142.0,,False
zIjMWx3EGNSbPhJ6eyDE,3,vest_on_body,POLYGON,0.0,0.0,1.0,0.0594021,140265.0,,False
zIjMWx3EGNSbPhJ6eyDE,5,person,POLYGON,0.010482,0.0,24.9266407,0.17613371,415901.0,6,False
zIjMWx3EGNSbPhJ6eyDE,6,person,POLYGON,0.263158,0.0,0.04011772,0.00706608,16685.0,5,True
zIjMWx3EGNSbPhJ6eyDE,7,person,POLYGON,0.0,0.0,1.0,0.01123967,26540.0,,True
zIjMWx3EGNSbPhJ6eyDE,8,person,POLYGON,0.0,0.0,1.0,0.01157127,27323.0,,True
zs9Fbr1mSnefWqSSmWcg,3,person,RLE,0.0,0.0,1.0,0.76917891,2953647.0,,False
