source_image_id,annotation_id,split,class,canonical_geometry_type,canonical_area_px,reconstructed_area_px,connected_components,component_rings,joined,hole_count,hole_pixels,thinness,adapter_point_count,mask_iou,dice,control_iou,merged_iou,join_loss,serialization_loss,absolute_area_error_px,relative_area_error,signed_relative_area_error,fp_pixels,fn_pixels,bbox_max_delta_px,reason_flags
0CHrBSJAmY24quC0QSYA,1,train,person,CANONICAL_RLE,279907,280277,2,2,1,3,59,8.727560,1826,0.991956561,0.995962041,0.999789260,0.999778547,0.000010713,0.007821986,370,0.001321868,0.001321868,1316,946,1.000,RASTER_BOUNDARY_DIFFERENCE|MULTI_COMPONENT_APPROXIMATION|COMPONENT_JOIN_APPROXIMATION|HOLE_FILL_APPROXIMATION
0CHrBSJAmY24quC0QSYA,2,train,person,CANONICAL_RLE,25577,25594,1,1,0,0,0,6.182417,308,0.983064641,0.991460007,1.000000000,1.000000000,0.000000000,0.016935359,17,0.000664660,0.000664660,227,210,0.000,SERIALIZATION_ONLY
0Orp0pwbiOU0MIg0a28r,6,train,person,CANONICAL_RLE,414562,415130,1,1,0,15,226,7.450790,1640,0.994135546,0.997059150,0.999455143,0.999455143,0.000000000,0.005319598,568,0.001370121,0.001370121,1504,936,1.000,RASTER_BOUNDARY_DIFFERENCE|HOLE_FILL_APPROXIMATION
0ajF0d1eniugei3qRqvl,19,train,helmet_on_head,CANONICAL_POLYGON,14623,14891,1,1,0,0,0,4.090950,18,0.981071285,0.990445212,0.980773109,0.980773109,0.000000000,-0.000298175,268,0.018327293,0.018327293,275,7,1.000,RASTER_BOUNDARY_DIFFERENCE
0ajF0d1eniugei3qRqvl,20,train,person,CANONICAL_POLYGON,179883,181177,1,1,0,0,0,5.412302,75,0.992318983,0.996144685,0.993584785,0.993584785,0.000000000,0.001265802,1294,0.007193565,0.007193565,1343,49,1.000,RASTER_BOUNDARY_DIFFERENCE
0ajF0d1eniugei3qRqvl,21,train,vest_on_body,CANONICAL_POLYGON,48659,49089,1,1,0,0,0,6.358972,41,0.988364524,0.994148218,0.985436992,0.985436992,0.000000000,-0.002927532,430,0.008837009,0.008837009,501,71,1.000,RASTER_BOUNDARY_DIFFERENCE
0ajF0d1eniugei3qRqvl,22,train,vest_on_body,CANONICAL_POLYGON,651,709,1,1,0,0,0,4.568681,6,0.918194640,0.957352941,0.920679887,0.920679887,0.000000000,0.002485246,58,0.089093702,0.089093702,58,0,1.000,RASTER_BOUNDARY_DIFFERENCE|SMALL_MASK_SENSITIVITY
0ejTKqobP0Z7bG7iS1dF,23,train,person,CANONICAL_POLYGON,579596,581443,1,1,0,0,0,4.531526,84,0.996524685,0.998259318,0.996733083,0.996733083,0.000000000,0.000208398,1847,0.003186702,0.003186702,1934,87,1.000,RASTER_BOUNDARY_DIFFERENCE
0ejTKqobP0Z7bG7iS1dF,24,train,helmet_on_head,CANONICAL_POLYGON,95945,96462,1,1,0,0,0,4.016426,31,0.994350927,0.997167463,0.992946952,0.992946952,0.000000000,-0.001403975,517,0.005388504,0.005388504,531,14,1.000,RASTER_BOUNDARY_DIFFERENCE
0ejTKqobP0Z7bG7iS1dF,25,train,helmet_loose,CANONICAL_POLYGON,55393,55992,1,1,0,0,0,4.945192,29,0.988982340,0.994460654,0.989541058,0.989541058,0.000000000,0.000558718,599,0.010813641,0.010813641,608,9,1.000,RASTER_BOUNDARY_DIFFERENCE
0fMloNWonp8DEQff6L2n,26,train,person,CANONICAL_RLE,39440,39452,3,3,1,0,0,8.585218,626,0.976995364,0.988363839,1.000000000,0.998379911,0.001620089,0.021384547,12,0.000304260,0.000304260,465,453,1.000,MULTI_COMPONENT_APPROXIMATION|COMPONENT_JOIN_APPROXIMATION
0fMloNWonp8DEQff6L2n,27,train,person,CANONICAL_RLE,38371,38523,1,1,0,1,99,7.622497,513,0.979406389,0.989596067,0.997426566,0.997426566,0.000000000,0.018020177,152,0.003961325,0.003961325,476,324,1.000,RASTER_BOUNDARY_DIFFERENCE|HOLE_FILL_APPROXIMATION
0fMloNWonp8DEQff6L2n,28,train,person,CANONICAL_RLE,18685,18760,1,1,0,0,0,5.304477,284,0.981216931,0.990519428,1.000000000,1.000000000,0.000000000,0.018783069,75,0.004013915,0.004013915,215,140,1.000,SERIALIZATION_ONLY
0g77gkQGLuqJIxRBDCMC,29,train,person,CANONICAL_POLYGON,83887,84393,1,1,0,0,0,4.855795,47,0.992823561,0.996398859,0.990400530,0.990400530,0.000000000,-0.002423032,506,0.006031924,0.006031924,556,50,1.000,RASTER_BOUNDARY_DIFFERENCE
0g77gkQGLuqJIxRBDCMC,30,train,helmet_on_head,CANONICAL_POLYGON,14375,14545,1,1,0,0,0,5.222649,29,0.985445558,0.992669433,0.977320711,0.977320711,0.000000000,-0.008124847,170,0.011826087,0.011826087,191,21,0.000,RASTER_BOUNDARY_DIFFERENCE
0vIelRhK7EUfEcEMkBV0,43,train,vest_on_body,CANONICAL_RLE,160682,161376,4,4,1,0,0,9.271721,1181,0.986871734,0.993392495,1.000000000,0.997876093,0.002123907,0.011004359,694,0.004319090,0.004319090,1411,717,1.000,MULTI_COMPONENT_APPROXIMATION|COMPONENT_JOIN_APPROXIMATION
0vIelRhK7EUfEcEMkBV0,44,train,vest_on_body,CANONICAL_RLE,161147,161356,1,1,0,0,0,8.708206,1358,0.989678446,0.994812451,1.000000000,1.000000000,0.000000000,0.010321554,209,0.001296952,0.001296952,941,732,1.000,SERIALIZATION_ONLY
0vIelRhK7EUfEcEMkBV0,45,train,vest_on_body,CANONICAL_RLE,25846,26067,2,2,1,0,0,7.047635,335,0.970955617,0.985263807,1.000000000,0.993694733,0.006305267,0.022739116,221,0.008550646,0.008550646,493,272,1.000,MULTI_COMPONENT_APPROXIMATION|COMPONENT_JOIN_APPROXIMATION
0vIelRhK7EUfEcEMkBV0,46,train,helmet_on_head,CANONICAL_RLE,39297,39345,1,1,0,0,0,5.556763,470,0.988067851,0.993998118,1.000000000,1.000000000,0.000000000,0.011932149,48,0.001221467,0.001221467,260,212,1.000,SERIALIZATION_ONLY
0vIelRhK7EUfEcEMkBV0,47,train,helmet_on_head,CANONICAL_RLE,38844,38841,1,1,0,1,4,5.659260,424,0.984848872,0.992366609,0.999897035,0.999897035,0.000000000,0.015048163,3,0.000077232,-0.000077232,295,298,1.000,RASTER_BOUNDARY_DIFFERENCE|HOLE_FILL_APPROXIMATION
0vIelRhK7EUfEcEMkBV0,48,train,helmet_on_head,CANONICAL_RLE,7769,7753,1,1,0,0,0,4.674360,166,0.965805471,0.982605334,1.000000000,1.000000000,0.000000000,0.034194529,16,0.002059467,-0.002059467,127,143,1.000,SERIALIZATION_ONLY
0vIelRhK7EUfEcEMkBV0,49,train,person,CANONICAL_RLE,333860,334076,1,1,0,0,0,5.170633,889,0.995977779,0.997984837,1.000000000,1.000000000,0.000000000,0.004022221,216,0.000646978,0.000646978,781,565,1.000,SERIALIZATION_ONLY
0vIelRhK7EUfEcEMkBV0,50,train,person,CANONICAL_RLE,336280,336536,1,1,0,0,0,5.405246,1102,0.995148654,0.997568429,1.000000000,1.000000000,0.000000000,0.004851346,256,0.000761270,0.000761270,946,690,1.000,SERIALIZATION_ONLY
0vIelRhK7EUfEcEMkBV0,51,train,person,CANONICAL_RLE,141403,141841,1,1,0,4,254,8.757319,1395,0.987537717,0.993729788,0.998206936,0.998206936,0.000000000,0.010669220,438,0.003097530,0.003097530,1107,669,1.000,RASTER_BOUNDARY_DIFFERENCE|HOLE_FILL_APPROXIMATION
1BVaqcupKpVSmlh5tncK,52,train,helmet_loose,CANONICAL_RLE,550496,550547,1,1,0,0,0,3.833114,1187,0.997809934,0.998903767,1.000000000,1.000000000,0.000000000,0.002190066,51,0.000092644,0.000092644,629,578,1.000,SERIALIZATION_ONLY
1XJO4jpZ1EjuFK7M5WzU,53,train,helmet_loose,CANONICAL_POLYGON,687041,688336,1,1,0,0,0,3.891499,67,0.997869040,0.998933383,0.997338085,0.997338085,0.000000000,-0.000530955,1295,0.001884895,0.001884895,1381,86,1.000,RASTER_BOUNDARY_DIFFERENCE
1zBF8eW6TRm4IBAb3Kwv,57,train,person,CANONICAL_POLYGON,41589,41909,1,1,0,0,0,5.733402,45,0.991176611,0.995568756,0.986209679,0.986209679,0.000000000,-0.004966932,320,0.007694342,0.007694342,345,25,1.000,RASTER_BOUNDARY_DIFFERENCE
1zBF8eW6TRm4IBAb3Kwv,58,train,person,CANONICAL_POLYGON,22599,23057,1,1,0,0,0,4.777994,38,0.979706877,0.989749431,0.982362164,0.982362164,0.000000000,0.002655286,458,0.020266383,0.020266383,463,5,1.000,RASTER_BOUNDARY_DIFFERENCE
1zBF8eW6TRm4IBAb3Kwv,59,train,person,CANONICAL_POLYGON,11838,12124,1,1,0,0,0,5.544780,33,0.974293483,0.986979384,0.975074282,0.975074282,0.000000000,0.000780799,286,0.024159486,0.024159486,299,13,1.000,RASTER_BOUNDARY_DIFFERENCE
1zBF8eW6TRm4IBAb3Kwv,60,train,person,CANONICAL_POLYGON,33752,34207,1,1,0,0,0,6.692510,45,0.986001929,0.992951633,0.981775306,0.981775306,0.000000000,-0.004226622,455,0.013480683,0.013480683,467,12,1.000,RASTER_BOUNDARY_DIFFERENCE
2estUvSXu4usdh4plcAm,63,train,helmet_loose,CANONICAL_POLYGON,80877,81755,1,1,0,0,0,4.300069,44,0.989090286,0.994515225,0.991961020,0.991961020,0.000000000,0.002870734,878,0.010855991,0.010855991,885,7,1.000,RASTER_BOUNDARY_DIFFERENCE
2estUvSXu4usdh4plcAm,64,train,helmet_on_head,CANONICAL_POLYGON,18492,18806,1,1,0,0,0,4.028168,25,0.983092301,0.991474074,0.984748294,0.984748294,0.000000000,0.001655992,314,0.016980316,0.016980316,316,2,1.000,RASTER_BOUNDARY_DIFFERENCE
2estUvSXu4usdh4plcAm,65,train,helmet_on_head,CANONICAL_POLYGON,23706,24077,1,1,0,0,0,4.136326,22,0.984426264,0.992152021,0.985139860,0.985139860,0.000000000,0.000713597,371,0.015650046,0.015650046,373,2,1.000,RASTER_BOUNDARY_DIFFERENCE
2estUvSXu4usdh4plcAm,66,train,vest_on_body,CANONICAL_RLE,100789,100959,4,3,1,0,0,9.064704,1257,0.984556212,0.992218015,0.999980157,0.999038500,0.000941657,0.014482287,170,0.001686692,0.001686692,870,700,1.000,RASTER_BOUNDARY_DIFFERENCE|MULTI_COMPONENT_APPROXIMATION|COMPONENT_JOIN_APPROXIMATION
2estUvSXu4usdh4plcAm,67,train,vest_on_body,CANONICAL_RLE,33061,33186,2,2,1,0,0,9.708178,760,0.972458763,0.986037104,1.000000000,0.998339171,0.001660829,0.025880409,125,0.003780890,0.003780890,525,400,1.000,MULTI_COMPONENT_APPROXIMATION|COMPONENT_JOIN_APPROXIMATION
2estUvSXu4usdh4plcAm,68,train,vest_on_body,CANONICAL_RLE,44175,44329,2,2,1,0,0,7.877042,621,0.979733811,0.989763175,1.000000000,0.998779082,0.001220918,0.019045271,154,0.003486135,0.003486135,530,376,1.000,MULTI_COMPONENT_APPROXIMATION|COMPONENT_JOIN_APPROXIMATION
2estUvSXu4usdh4plcAm,69,train,person,CANONICAL_RLE,315376,315351,1,1,0,0,0,6.238047,1400,0.994633347,0.997309454,1.000000000,1.000000000,0.000000000,0.005366653,25,0.000079270,-0.000079270,836,861,1.000,SERIALIZATION_ONLY
2estUvSXu4usdh4plcAm,70,train,person,CANONICAL_RLE,128623,129365,1,1,0,1,635,5.116630,803,0.988086339,0.994007473,0.995087345,0.995087345,0.000000000,0.007001005,742,0.005768797,0.005768797,1144,402,1.000,RASTER_BOUNDARY_DIFFERENCE|HOLE_FILL_APPROXIMATION
2estUvSXu4usdh4plcAm,71,train,person,CANONICAL_RLE,95654,95711,1,1,0,1,29,5.942225,647,0.990503334,0.995229013,0.999696916,0.999696916,0.000000000,0.009193582,57,0.000595898,0.000595898,485,428,1.000,RASTER_BOUNDARY_DIFFERENCE|HOLE_FILL_APPROXIMATION
2estUvSXu4usdh4plcAm,72,train,person,CANONICAL_RLE,101298,101818,2,2,1,2,387,6.625134,805,0.985066750,0.992477205,0.996194129,0.995626235,0.000567894,0.010559485,520,0.005133369,0.005133369,1024,504,1.000,RASTER_BOUNDARY_DIFFERENCE|MULTI_COMPONENT_APPROXIMATION|COMPONENT_JOIN_APPROXIMATION|HOLE_FILL_APPROXIMATION
2estUvSXu4usdh4plcAm,73,train,person,CANONICAL_RLE,115702,124407,1,1,0,1,8649,5.248713,653,0.924212433,0.960613721,0.930446880,0.930446880,0.000000000,0.006234447,8705,0.075236383,0.075236383,9081,376,1.000,RASTER_BOUNDARY_DIFFERENCE|HOLE_FILL_APPROXIMATION
2qD9FzEoqf4Rsihf6kf7,74,train,person,CANONICAL_POLYGON,560669,562378,1,1,0,0,0,4.914781,91,0.996787139,0.998390985,0.996595235,0.996595235,0.000000000,-0.000191904,1709,0.003048144,0.003048144,1758,49,1.000,RASTER_BOUNDARY_DIFFERENCE
2qD9FzEoqf4Rsihf6kf7,75,train,vest_on_body,CANONICAL_POLYGON,240282,241593,1,1,0,0,0,5.605172,73,0.994350633,0.997167315,0.993961942,0.993961942,0.000000000,-0.000388691,1311,0.005456089,0.005456089,1338,27,1.000,RASTER_BOUNDARY_DIFFERENCE
3INKyAoeOEbPQKuxINbX,100,train,person,CANONICAL_RLE,12171,12201,1,1,0,0,0,5.311997,225,0.979692958,0.989742327,1.000000000,1.000000000,0.000000000,0.020307042,30,0.002464876,0.002464876,140,110,1.000,SERIALIZATION_ONLY
3INKyAoeOEbPQKuxINbX,101,train,person,CANONICAL_RLE,22772,22798,1,1,0,0,0,4.349505,272,0.984842545,0.992363397,1.000000000,1.000000000,0.000000000,0.015157455,26,0.001141753,0.001141753,187,161,1.000,SERIALIZATION_ONLY
3INKyAoeOEbPQKuxINbX,102,train,person,CANONICAL_RLE,14818,14822,1,1,0,0,0,5.028979,255,0.982078374,0.990958165,1.000000000,1.000000000,0.000000000,0.017921626,4,0.000269942,0.000269942,136,132,1.000,SERIALIZATION_ONLY
3INKyAoeOEbPQKuxINbX,103,train,person,CANONICAL_RLE,21947,21962,1,1,0,0,0,4.519411,260,0.986113624,0.993008267,1.000000000,1.000000000,0.000000000,0.013886376,15,0.000683465,0.000683465,161,146,1.000,SERIALIZATION_ONLY
3INKyAoeOEbPQKuxINbX,104,train,person,CANONICAL_RLE,25851,25783,1,1,0,0,0,4.127240,232,0.986992996,0.993453926,1.000000000,1.000000000,0.000000000,0.013007004,68,0.002630459,-0.002630459,135,203,1.000,SERIALIZATION_ONLY
3INKyAoeOEbPQKuxINbX,80,train,vest_on_body,CANONICAL_RLE,239461,239549,1,1,0,0,0,4.274282,675,0.995991433,0.997991691,1.000000000,1.000000000,0.000000000,0.004008567,88,0.000367492,0.000367492,525,437,1.000,SERIALIZATION_ONLY
3INKyAoeOEbPQKuxINbX,81,train,vest_on_body,CANONICAL_RLE,3512,3519,1,1,0,0,0,4.889539,116,0.963418040,0.981368226,1.000000000,1.000000000,0.000000000,0.036581960,7,0.001993166,0.001993166,69,62,1.000,SERIALIZATION_ONLY
3INKyAoeOEbPQKuxINbX,82,train,vest_on_body,CANONICAL_RLE,8289,8276,1,1,0,0,0,3.977741,150,0.977910448,0.988831874,1.000000000,1.000000000,0.000000000,0.022089552,13,0.001568344,-0.001568344,86,99,1.000,SERIALIZATION_ONLY
3INKyAoeOEbPQKuxINbX,83,train,vest_on_body,CANONICAL_RLE,9577,9534,1,1,0,0,0,4.103960,130,0.982674551,0.991261577,1.000000000,1.000000000,0.000000000,0.017325449,43,0.004489924,-0.004489924,62,105,1.000,SERIALIZATION_ONLY
3INKyAoeOEbPQKuxINbX,84,train,vest_on_body,CANONICAL_RLE,5347,5368,1,1,0,0,0,5.572851,178,0.969307113,0.984414372,1.000000000,1.000000000,0.000000000,0.030692887,21,0.003927436,0.003927436,94,73,1.000,SERIALIZATION_ONLY
3INKyAoeOEbPQKuxINbX,85,train,vest_on_body,CANONICAL_RLE,6023,6047,1,1,0,0,0,4.304531,127,0.982914408,0.991383596,1.000000000,1.000000000,0.000000000,0.017085592,24,0.003984725,0.003984725,64,40,1.000,SERIALIZATION_ONLY
3INKyAoeOEbPQKuxINbX,86,train,vest_on_body,CANONICAL_RLE,6456,6383,1,1,0,0,0,4.650713,98,0.982550957,0.991198691,1.000000000,1.000000000,0.000000000,0.017449043,73,0.011307311,-0.011307311,20,93,1.000,SERIALIZATION_ONLY
3INKyAoeOEbPQKuxINbX,87,train,person,CANONICAL_RLE,8562,8575,1,1,0,0,0,4.658740,180,0.970676173,0.985119916,1.000000000,1.000000000,0.000000000,0.029323827,13,0.001518337,0.001518337,134,121,1.000,SERIALIZATION_ONLY
3INKyAoeOEbPQKuxINbX,88,train,person,CANONICAL_RLE,10763,10747,1,1,0,0,0,5.397759,212,0.976658702,0.988191539,1.000000000,1.000000000,0.000000000,0.023341298,16,0.001486574,-0.001486574,119,135,1.000,SERIALIZATION_ONLY
3INKyAoeOEbPQKuxINbX,89,train,person,CANONICAL_RLE,425685,427271,1,1,0,3,1592,5.057865,1185,0.992133819,0.996051379,0.996274080,0.996274080,0.000000000,0.004140261,1586,0.003725760,0.003725760,2477,891,1.000,RASTER_BOUNDARY_DIFFERENCE|HOLE_FILL_APPROXIMATION
3INKyAoeOEbPQKuxINbX,90,train,person,CANONICAL_RLE,14036,14102,1,1,0,0,0,5.277150,215,0.981549296,0.990688748,1.000000000,1.000000000,0.000000000,0.018450704,66,0.004702194,0.004702194,164,98,1.000,SERIALIZATION_ONLY
3INKyAoeOEbPQKuxINbX,91,train,person,CANONICAL_RLE,14372,14459,1,1,0,1,236,6.242672,157,0.968927132,0.984218376,0.983844469,0.983844469,0.000000000,0.014917336,87,0.006053437,0.006053437,271,184,0.000,RASTER_BOUNDARY_DIFFERENCE|HOLE_FILL_APPROXIMATION
3INKyAoeOEbPQKuxINbX,92,train,person,CANONICAL_RLE,14347,14451,1,1,0,1,16,5.876078,259,0.977884615,0.988818668,0.998886027,0.998886027,0.000000000,0.021001411,104,0.007248902,0.007248902,213,109,1.000,RASTER_BOUNDARY_DIFFERENCE|HOLE_FILL_APPROXIMATION
3INKyAoeOEbPQKuxINbX,93,train,person,CANONICAL_RLE,8874,8841,1,1,0,0,0,6.113351,235,0.968770838,0.984137736,1.000000000,1.000000000,0.000000000,0.031229162,33,0.003718729,-0.003718729,124,157,1.000,SERIALIZATION_ONLY
3INKyAoeOEbPQKuxINbX,94,train,person,CANONICAL_RLE,17831,17875,1,1,0,0,0,4.786422,248,0.986978297,0.993446480,1.000000000,1.000000000,0.000000000,0.013021703,44,0.002467613,0.002467613,139,95,1.000,SERIALIZATION_ONLY
3INKyAoeOEbPQKuxINbX,95,train,person,CANONICAL_RLE,11160,11141,1,1,0,0,0,5.683165,210,0.976688530,0.988206807,1.000000000,1.000000000,0.000000000,0.023311470,19,0.001702509,-0.001702509,122,141,0.000,SERIALIZATION_ONLY
3INKyAoeOEbPQKuxINbX,96,train,person,CANONICAL_RLE,8385,8433,1,1,0,0,0,5.012335,171,0.971398429,0.985491735,1.000000000,1.000000000,0.000000000,0.028601571,48,0.005724508,0.005724508,146,98,1.000,SERIALIZATION_ONLY
3INKyAoeOEbPQKuxINbX,97,train,person,CANONICAL_RLE,17521,17479,1,1,0,0,0,5.599610,248,0.984014512,0.991942857,1.000000000,1.000000000,0.000000000,0.015985488,42,0.002397123,-0.002397123,120,162,1.000,SERIALIZATION_ONLY
3INKyAoeOEbPQKuxINbX,98,train,person,CANONICAL_RLE,19774,19728,1,1,0,0,0,4.553466,92,0.978364301,0.989063845,1.000000000,1.000000000,0.000000000,0.021635699,46,0.002326287,-0.002326287,193,239,1.000,SERIALIZATION_ONLY
3INKyAoeOEbPQKuxINbX,99,train,person,CANONICAL_RLE,13537,13440,1,1,0,0,0,4.997087,208,0.978221016,0.988990622,1.000000000,1.000000000,0.000000000,0.021778984,97,0.007165546,-0.007165546,100,197,1.000,SERIALIZATION_ONLY
3wdTWWyA3a9YrQ9EfLc9,106,train,vest_on_body,CANONICAL_RLE,1169136,1168614,1,1,0,0,0,4.297442,1132,0.997450372,0.998723559,1.000000000,1.000000000,0.000000000,0.002549628,522,0.000446484,-0.000446484,1231,1753,1.000,SERIALIZATION_ONLY
3wdTWWyA3a9YrQ9EfLc9,107,train,helmet_on_head,CANONICAL_RLE,362630,384930,1,1,0,1,22160,4.498863,1142,0.938969511,0.968524266,0.942410146,0.942410146,0.000000000,0.003440635,22300,0.061495188,0.061495188,22915,615,1.000,RASTER_BOUNDARY_DIFFERENCE|HOLE_FILL_APPROXIMATION
3wdTWWyA3a9YrQ9EfLc9,108,train,person,CANONICAL_RLE,130467,129779,1,1,0,0,0,6.970275,476,0.993412637,0.996695434,1.000000000,1.000000000,0.000000000,0.006587363,688,0.005273364,-0.005273364,86,774,1.000,SERIALIZATION_ONLY
3wdTWWyA3a9YrQ9EfLc9,109,train,person,CANONICAL_RLE,1799728,1799719,4,4,1,1,5,5.533306,2611,0.997628562,0.998812873,0.999997222,0.999907772,0.000089449,0.002279211,9,0.000005001,-0.000005001,2132,2141,1.000,RASTER_BOUNDARY_DIFFERENCE|MULTI_COMPONENT_APPROXIMATION|COMPONENT_JOIN_APPROXIMATION|HOLE_FILL_APPROXIMATION
4UEcuYsspsOsSV0XYgSR,110,train,helmet_loose,CANONICAL_RLE,634127,635443,1,1,0,30,1254,3.794907,1261,0.995865430,0.997928432,0.998026381,0.998026381,0.000000000,0.002160951,1316,0.002075294,0.002075294,1973,657,1.000,RASTER_BOUNDARY_DIFFERENCE|HOLE_FILL_APPROXIMATION
4XETInqs70Y4H9ry55k3,111,train,person,CANONICAL_POLYGON,35619,36080,1,1,0,0,0,5.745458,43,0.986452042,0.993179821,0.983603838,0.983603838,0.000000000,-0.002848204,461,0.012942531,0.012942531,475,14,1.000,RASTER_BOUNDARY_DIFFERENCE
4XETInqs70Y4H9ry55k3,112,train,vest_on_body,CANONICAL_POLYGON,12716,13064,2,1,0,0,0,4.703874,30,0.972456006,0.986035687,0.977519440,0.977519440,0.000000000,0.005063433,348,0.027367097,0.027367097,354,6,1.000,RASTER_BOUNDARY_DIFFERENCE|MULTI_COMPONENT_APPROXIMATION
4baqXpqm2eXB2CHZWkM9,114,train,person,CANONICAL_RLE,707,686,1,1,0,0,0,4.002577,44,0.900409277,0.947595118,1.000000000,1.000000000,0.000000000,0.099590723,21,0.029702970,-0.029702970,26,47,1.000,SERIALIZATION_ONLY|SMALL_MASK_SENSITIVITY
4baqXpqm2eXB2CHZWkM9,115,train,person,CANONICAL_RLE,30128,30136,1,1,0,0,0,5.422863,319,0.983673469,0.991769547,1.000000000,1.000000000,0.000000000,0.016326531,8,0.000265534,0.000265534,252,244,1.000,SERIALIZATION_ONLY
4baqXpqm2eXB2CHZWkM9,116,train,person,CANONICAL_RLE,18125,18163,1,1,0,0,0,6.006440,326,0.977871042,0.988811728,1.000000000,1.000000000,0.000000000,0.022128958,38,0.002096552,0.002096552,222,184,1.000,SERIALIZATION_ONLY
4baqXpqm2eXB2CHZWkM9,117,train,person,CANONICAL_RLE,1906,1922,1,1,0,0,0,4.131397,74,0.966101695,0.982758621,1.000000000,1.000000000,0.000000000,0.033898305,16,0.008394544,0.008394544,41,25,1.000,SERIALIZATION_ONLY
4baqXpqm2eXB2CHZWkM9,118,train,person,CANONICAL_RLE,7808,7888,1,1,0,0,0,4.779725,142,0.974091309,0.986875637,1.000000000,1.000000000,0.000000000,0.025908691,80,0.010245902,0.010245902,143,63,1.000,SERIALIZATION_ONLY
4ezyg6KhKI36ubNpMX1z,119,train,vest_on_body,CANONICAL_RLE,47621,47695,1,1,0,0,0,4.131319,271,0.991225871,0.995593604,1.000000000,1.000000000,0.000000000,0.008774129,74,0.001553936,0.001553936,247,173,1.000,SERIALIZATION_ONLY
4ezyg6KhKI36ubNpMX1z,120,train,helmet_on_head,CANONICAL_RLE,7416,7459,1,1,0,0,0,3.762925,156,0.980956186,0.990386555,1.000000000,1.000000000,0.000000000,0.019043814,43,0.005798274,0.005798274,93,50,1.000,SERIALIZATION_ONLY
4ezyg6KhKI36ubNpMX1z,121,train,person,CANONICAL_RLE,101227,101549,1,1,0,1,273,6.817543,719,0.986578233,0.993243776,0.997310345,0.997310345,0.000000000,0.010732112,322,0.003180970,0.003180970,846,524,1.000,RASTER_BOUNDARY_DIFFERENCE|HOLE_FILL_APPROXIMATION
5fj7MBBP6mq9NtLfV51m,122,train,person,CANONICAL_POLYGON,175959,177037,1,1,0,0,0,5.968515,81,0.993201581,0.996589196,0.992780334,0.992780334,0.000000000,-0.000421247,1078,0.006126427,0.006126427,1141,63,1.000,RASTER_BOUNDARY_DIFFERENCE
5fj7MBBP6mq9NtLfV51m,123,train,vest_on_body,CANONICAL_RLE,89296,89339,1,1,0,0,0,4.454570,447,0.992382248,0.996176561,1.000000000,1.000000000,0.000000000,0.007617752,43,0.000481545,0.000481545,363,320,1.000,SERIALIZATION_ONLY
5p4hDwmBcrn3EI04GmlA,124,train,person,CANONICAL_POLYGON,809378,812060,1,1,0,0,0,5.093054,109,0.996549771,0.998271904,0.996906352,0.996906352,0.000000000,0.000356581,2682,0.003313656,0.003313656,2742,60,1.000,RASTER_BOUNDARY_DIFFERENCE
5p4hDwmBcrn3EI04GmlA,125,train,helmet_on_head,CANONICAL_POLYGON,220755,221703,1,1,0,0,0,4.026288,51,0.995633995,0.997812222,0.995277061,0.995277061,0.000000000,-0.000356934,948,0.004294353,0.004294353,958,10,1.000,RASTER_BOUNDARY_DIFFERENCE
5p4hDwmBcrn3EI04GmlA,126,train,vest_on_body,CANONICAL_POLYGON,138875,139615,1,1,0,0,0,4.393427,60,0.994542564,0.997263816,0.994057421,0.994057421,0.000000000,-0.000485143,740,0.005328533,0.005328533,751,11,1.000,RASTER_BOUNDARY_DIFFERENCE
5p4hDwmBcrn3EI04GmlA,127,train,vest_on_body,CANONICAL_POLYGON,122561,123308,1,1,0,0,0,5.053501,67,0.993198437,0.996587614,0.992544571,0.992544571,0.000000000,-0.000653867,747,0.006094924,0.006094924,793,46,1.000,RASTER_BOUNDARY_DIFFERENCE
5tvMIxMJkb5Hp9bD8hBw,128,train,person,CANONICAL_POLYGON,290185,291258,1,1,0,0,0,5.556733,97,0.995808905,0.997900052,0.994397836,0.994397836,0.000000000,-0.001411069,1073,0.003697641,0.003697641,1147,74,1.000,RASTER_BOUNDARY_DIFFERENCE
5xqkoD8kcbQ7JWIll2KF,129,train,vest_on_body,CANONICAL_RLE,2344,2360,1,1,0,0,0,5.055312,93,0.952677460,0.975765306,1.000000000,1.000000000,0.000000000,0.047322540,16,0.006825939,0.006825939,65,49,0.000,SERIALIZATION_ONLY
5xqkoD8kcbQ7JWIll2KF,130,train,vest_on_body,CANONICAL_RLE,2183,2205,1,1,0,0,0,4.525404,92,0.958928571,0.979033728,1.000000000,1.000000000,0.000000000,0.041071429,22,0.010077874,0.010077874,57,35,1.000,SERIALIZATION_ONLY
5xqkoD8kcbQ7JWIll2KF,131,train,vest_on_body,CANONICAL_RLE,2124,2124,1,1,0,0,0,6.055856,102,0.936189608,0.967043315,1.000000000,1.000000000,0.000000000,0.063810392,0,0.000000000,0.000000000,70,70,1.000,SERIALIZATION_ONLY
5xqkoD8kcbQ7JWIll2KF,132,train,vest_on_body,CANONICAL_RLE,1542,1523,1,1,0,0,0,4.665237,81,0.946031746,0.972267537,1.000000000,1.000000000,0.000000000,0.053968254,19,0.012321660,-0.012321660,33,52,1.000,SERIALIZATION_ONLY
5xqkoD8kcbQ7JWIll2KF,133,train,vest_on_body,CANONICAL_RLE,2455,2451,1,1,0,0,0,4.994762,104,0.949920509,0.974317163,1.000000000,1.000000000,0.000000000,0.050079491,4,0.001629328,-0.001629328,61,65,1.000,SERIALIZATION_ONLY
5xqkoD8kcbQ7JWIll2KF,134,train,vest_on_body,CANONICAL_RLE,1685,1702,2,2,1,0,0,6.942841,118,0.902808989,0.948922350,1.000000000,0.994100295,0.005899705,0.091291306,17,0.010089021,0.010089021,95,78,1.000,MULTI_COMPONENT_APPROXIMATION|COMPONENT_JOIN_APPROXIMATION
5xqkoD8kcbQ7JWIll2KF,135,train,vest_on_body,CANONICAL_RLE,2040,2038,1,1,0,0,0,4.569054,85,0.948399427,0.973516430,1.000000000,1.000000000,0.000000000,0.051600573,2,0.000980392,-0.000980392,53,55,1.000,SERIALIZATION_ONLY
5xqkoD8kcbQ7JWIll2KF,136,train,person,CANONICAL_RLE,730,725,1,1,0,0,0,4.561866,49,0.916996047,0.956701031,1.000000000,1.000000000,0.000000000,0.083003953,5,0.006849315,-0.006849315,29,34,1.000,SERIALIZATION_ONLY|SMALL_MASK_SENSITIVITY
5xqkoD8kcbQ7JWIll2KF,137,train,person,CANONICAL_RLE,5742,5789,1,1,0,0,0,6.189551,171,0.959721278,0.979446709,1.000000000,1.000000000,0.000000000,0.040278722,47,0.008185301,0.008185301,142,95,1.000,SERIALIZATION_ONLY
5xqkoD8kcbQ7JWIll2KF,138,train,person,CANONICAL_RLE,5080,5113,1,1,0,0,0,6.709180,204,0.957181260,0.978122241,1.000000000,1.000000000,0.000000000,0.042818740,33,0.006496063,0.006496063,128,95,1.000,SERIALIZATION_ONLY
5xqkoD8kcbQ7JWIll2KF,139,train,person,CANONICAL_RLE,6291,6346,1,1,0,1,18,5.350659,169,0.961353407,0.980295956,0.997146933,0.997146933,0.000000000,0.035793526,55,0.008742648,0.008742648,152,97,1.000,RASTER_BOUNDARY_DIFFERENCE|HOLE_FILL_APPROXIMATION
5xqkoD8kcbQ7JWIll2KF,140,train,person,CANONICAL_RLE,7439,7447,1,1,0,0,0,6.122813,203,0.961006455,0.980115545,1.000000000,1.000000000,0.000000000,0.038993545,8,0.001075413,0.001075413,152,144,1.000,SERIALIZATION_ONLY
5xqkoD8kcbQ7JWIll2KF,141,train,person,CANONICAL_RLE,5956,5946,1,1,0,0,0,5.523150,154,0.963378423,0.981347673,1.000000000,1.000000000,0.000000000,0.036621577,10,0.001678979,-0.001678979,106,116,1.000,SERIALIZATION_ONLY
5xqkoD8kcbQ7JWIll2KF,142,train,person,CANONICAL_RLE,5753,5764,1,1,0,0,0,6.415873,165,0.955680082,0.977337848,1.000000000,1.000000000,0.000000000,0.044319918,11,0.001912046,0.001912046,136,125,1.000,SERIALIZATION_ONLY
5xqkoD8kcbQ7JWIll2KF,143,train,person,CANONICAL_RLE,4552,4538,1,1,0,0,0,6.129726,159,0.953578337,0.976237624,1.000000000,1.000000000,0.000000000,0.046421663,14,0.003075571,-0.003075571,101,115,1.000,SERIALIZATION_ONLY
5xqkoD8kcbQ7JWIll2KF,144,train,helmet_on_head,CANONICAL_RLE,470,487,1,1,0,0,0,3.779662,41,0.914000000,0.955067921,1.000000000,1.000000000,0.000000000,0.086000000,17,0.036170213,0.036170213,30,13,1.000,SERIALIZATION_ONLY|SMALL_MASK_SENSITIVITY
5xqkoD8kcbQ7JWIll2KF,145,train,helmet_on_head,CANONICAL_RLE,386,389,1,1,0,0,0,3.691523,32,0.885644769,0.939354839,1.000000000,1.000000000,0.000000000,0.114355231,3,0.007772021,0.007772021,25,22,1.000,SERIALIZATION_ONLY|SMALL_MASK_SENSITIVITY
5xqkoD8kcbQ7JWIll2KF,146,train,helmet_on_head,CANONICAL_RLE,371,375,1,1,0,0,0,3.648978,30,0.903061224,0.949061662,1.000000000,1.000000000,0.000000000,0.096938776,4,0.010781671,0.010781671,21,17,1.000,SERIALIZATION_ONLY|SMALL_MASK_SENSITIVITY
5xqkoD8kcbQ7JWIll2KF,147,train,helmet_on_head,CANONICAL_RLE,499,522,1,1,0,0,0,3.858115,40,0.897769517,0.946131244,1.000000000,1.000000000,0.000000000,0.102230483,23,0.046092184,0.046092184,39,16,1.000,SERIALIZATION_ONLY|SMALL_MASK_SENSITIVITY
5xqkoD8kcbQ7JWIll2KF,148,train,helmet_on_head,CANONICAL_RLE,326,333,1,1,0,0,0,3.671146,29,0.893678161,0.943854325,1.000000000,1.000000000,0.000000000,0.106321839,7,0.021472393,0.021472393,22,15,1.000,SERIALIZATION_ONLY|SMALL_MASK_SENSITIVITY
5xqkoD8kcbQ7JWIll2KF,149,train,helmet_on_head,CANONICAL_RLE,367,373,1,1,0,0,0,3.686721,25,0.937172775,0.967567568,1.000000000,1.000000000,0.000000000,0.062827225,6,0.016348774,0.016348774,15,9,1.000,SERIALIZATION_ONLY|SMALL_MASK_SENSITIVITY
5xqkoD8kcbQ7JWIll2KF,150,train,helmet_on_head,CANONICAL_POLYGON,219,240,1,1,0,0,0,3.730963,6,0.912500000,0.954248366,0.874493927,0.874493927,0.000000000,-0.038006073,21,0.095890411,0.095890411,21,0,1.000,RASTER_BOUNDARY_DIFFERENCE|SMALL_MASK_SENSITIVITY
5z8XJfD2gto4gT3gwPAK,151,train,vest_on_body,CANONICAL_RLE,276439,276536,1,1,0,0,0,8.025129,1375,0.992293475,0.996131832,1.000000000,1.000000000,0.000000000,0.007706525,97,0.000350891,0.000350891,1118,1021,1.000,SERIALIZATION_ONLY
5z8XJfD2gto4gT3gwPAK,152,train,person,CANONICAL_RLE,39065,38958,1,1,0,0,0,4.663426,298,0.984358707,0.992117709,1.000000000,1.000000000,0.000000000,0.015641293,107,0.002739025,-0.002739025,254,361,1.000,SERIALIZATION_ONLY
5z8XJfD2gto4gT3gwPAK,153,train,person,CANONICAL_RLE,476372,485969,78,58,1,64,4650,16.931261,4914,0.969399178,0.984461849,0.990243689,0.981195233,0.009048457,0.011796055,9597,0.020146020,0.020146020,12275,2678,1.000,RASTER_BOUNDARY_DIFFERENCE|MULTI_COMPONENT_APPROXIMATION|COMPONENT_JOIN_APPROXIMATION|HOLE_FILL_APPROXIMATION
5z8XJfD2gto4gT3gwPAK,154,train,helmet_on_head,CANONICAL_RLE,67419,67457,1,1,0,0,0,4.467860,507,0.991171738,0.995566298,1.000000000,1.000000000,0.000000000,0.008828262,38,0.000563639,0.000563639,318,280,1.000,SERIALIZATION_ONLY
619mdz3TlcOedTGFv0za,155,train,person,CANONICAL_POLYGON,299880,301319,1,1,0,0,0,5.299942,87,0.994780779,0.997383562,0.995030953,0.995030953,0.000000000,0.000250173,1439,0.004798586,0.004798586,1506,67,1.000,RASTER_BOUNDARY_DIFFERENCE
66p9gzaQFGcmQA2v40Of,156,train,vest_on_body,CANONICAL_POLYGON,303251,304244,1,1,0,0,0,4.454775,59,0.996467128,0.998230438,0.995631782,0.995631782,0.000000000,-0.000835346,993,0.003274515,0.003274515,1034,41,1.000,RASTER_BOUNDARY_DIFFERENCE
66p9gzaQFGcmQA2v40Of,157,train,person,CANONICAL_RLE,430092,430460,1,1,0,0,0,5.930114,1356,0.995816113,0.997903671,1.000000000,1.000000000,0.000000000,0.004183887,368,0.000855631,0.000855631,1086,718,1.000,SERIALIZATION_ONLY
6B8gSWbJYQFfVadXSWxT,158,train,person,CANONICAL_RLE,22892,22856,1,1,0,0,0,5.607795,345,0.983180163,0.991518755,1.000000000,1.000000000,0.000000000,0.016819837,36,0.001572602,-0.001572602,176,212,1.000,SERIALIZATION_ONLY
6B8gSWbJYQFfVadXSWxT,159,train,person,CANONICAL_RLE,7086,6990,1,1,0,0,0,6.184607,117,0.950124688,0.974424552,1.000000000,1.000000000,0.000000000,0.049875312,96,0.013547841,-0.013547841,132,228,1.000,SERIALIZATION_ONLY
6B8gSWbJYQFfVadXSWxT,160,train,person,CANONICAL_RLE,26085,26349,2,2,1,0,0,6.669467,455,0.968317129,0.983903574,1.000000000,0.989229777,0.010770223,0.020912648,264,0.010120759,0.010120759,554,290,1.000,MULTI_COMPONENT_APPROXIMATION|COMPONENT_JOIN_APPROXIMATION
6B8gSWbJYQFfVadXSWxT,161,train,person,CANONICAL_RLE,479219,479251,1,1,0,0,0,4.995787,1231,0.996276001,0.998134527,1.000000000,1.000000000,0.000000000,0.003723999,32,0.000066775,0.000066775,910,878,1.000,SERIALIZATION_ONLY
6ZHpQueANukCh7UeL4s5,163,train,vest_on_body,CANONICAL_RLE,57204,57257,2,2,1,2,34,5.724047,571,0.986445914,0.993176715,0.999405989,0.999144150,0.000261839,0.012698236,53,0.000926509,0.000926509,417,364,1.000,RASTER_BOUNDARY_DIFFERENCE|MULTI_COMPONENT_APPROXIMATION|COMPONENT_JOIN_APPROXIMATION|HOLE_FILL_APPROXIMATION
6ZHpQueANukCh7UeL4s5,164,train,person,CANONICAL_RLE,125538,125560,4,4,1,0,0,8.408241,1213,0.989052598,0.994496173,1.000000000,0.999689434,0.000310566,0.010636835,22,0.000175246,0.000175246,702,680,1.000,MULTI_COMPONENT_APPROXIMATION|COMPONENT_JOIN_APPROXIMATION
6ZHpQueANukCh7UeL4s5,165,train,person,CANONICAL_RLE,31098,31153,4,2,1,0,0,6.769125,520,0.980812677,0.990313409,0.999871374,0.999036114,0.000835261,0.018223437,55,0.001768602,0.001768602,329,274,20.000,RASTER_BOUNDARY_DIFFERENCE|MULTI_COMPONENT_APPROXIMATION|COMPONENT_JOIN_APPROXIMATION
6hpR44qukoBLy0iFwzip,178,train,helmet_loose,CANONICAL_POLYGON,289331,290119,1,1,0,0,0,3.793995,34,0.997118662,0.998557253,0.996341804,0.996341804,0.000000000,-0.000776859,788,0.002723524,0.002723524,812,24,1.000,RASTER_BOUNDARY_DIFFERENCE
6nPmmdeGSmklKpfLZ04I,182,train,person,CANONICAL_POLYGON,56334,57094,1,1,0,0,0,7.435595,70,0.985645263,0.992770744,0.984465476,0.984465476,0.000000000,-0.001179787,760,0.013490965,0.013490965,790,30,1.000,RASTER_BOUNDARY_DIFFERENCE
6nPmmdeGSmklKpfLZ04I,183,train,vest_on_body,CANONICAL_POLYGON,12535,12877,1,1,0,0,0,5.621171,28,0.972675050,0.986148276,0.972459935,0.972459935,0.000000000,-0.000215116,342,0.027283606,0.027283606,347,5,1.000,RASTER_BOUNDARY_DIFFERENCE
6nPmmdeGSmklKpfLZ04I,184,train,helmet_on_head,CANONICAL_POLYGON,3671,3783,1,1,0,0,0,4.488711,15,0.968832541,0.984169573,0.954486006,0.954486006,0.000000000,-0.014346535,112,0.030509398,0.030509398,115,3,6.000,RASTER_BOUNDARY_DIFFERENCE
6yISFDLTaSrGRErrVKUw,187,train,helmet_loose,CANONICAL_POLYGON,21306,21535,1,1,0,0,0,3.779859,21,0.987520297,0.993720968,0.986235981,0.986235981,0.000000000,-0.001284316,229,0.010748146,0.010748146,249,20,1.000,RASTER_BOUNDARY_DIFFERENCE
6yISFDLTaSrGRErrVKUw,188,train,helmet_loose,CANONICAL_POLYGON,18029,18298,1,1,0,0,0,3.938408,24,0.984214551,0.992044485,0.984038483,0.984038483,0.000000000,-0.000176068,269,0.014920406,0.014920406,279,10,1.000,RASTER_BOUNDARY_DIFFERENCE
6yISFDLTaSrGRErrVKUw,189,train,helmet_loose,CANONICAL_POLYGON,15393,15658,1,1,0,0,0,3.935184,19,0.982189595,0.991014782,0.983175537,0.983175537,0.000000000,0.000985943,265,0.017215617,0.017215617,272,7,1.000,RASTER_BOUNDARY_DIFFERENCE
6yISFDLTaSrGRErrVKUw,190,train,helmet_loose,CANONICAL_POLYGON,17230,17524,1,1,0,0,0,3.929111,20,0.981300952,0.990562237,0.983930920,0.983930920,0.000000000,0.002629968,294,0.017063262,0.017063262,311,17,1.000,RASTER_BOUNDARY_DIFFERENCE
6yISFDLTaSrGRErrVKUw,191,train,helmet_loose,CANONICAL_POLYGON,18970,19305,1,1,0,0,0,3.872351,20,0.979877923,0.989836708,0.984921749,0.984921749,0.000000000,0.005043826,335,0.017659462,0.017659462,362,27,1.000,RASTER_BOUNDARY_DIFFERENCE
6yISFDLTaSrGRErrVKUw,192,train,helmet_loose,CANONICAL_POLYGON,13891,14165,1,1,0,0,0,4.036543,18,0.979817938,0.989806102,0.981810461,0.981810461,0.000000000,0.001992523,274,0.019725002,0.019725002,280,6,1.000,RASTER_BOUNDARY_DIFFERENCE
6yISFDLTaSrGRErrVKUw,193,train,helmet_loose,CANONICAL_POLYGON,12919,13131,1,1,0,0,0,3.947468,18,0.983552882,0.991708253,0.981805725,0.981805725,0.000000000,-0.001747157,212,0.016409939,0.016409939,214,2,1.000,RASTER_BOUNDARY_DIFFERENCE
6yISFDLTaSrGRErrVKUw,194,train,helmet_loose,CANONICAL_POLYGON,14332,14509,1,1,0,0,0,3.984928,21,0.984108420,0.991990569,0.983034549,0.983034549,0.000000000,-0.001073871,177,0.012349986,0.012349986,204,27,1.000,RASTER_BOUNDARY_DIFFERENCE
6yISFDLTaSrGRErrVKUw,195,train,helmet_loose,CANONICAL_POLYGON,15741,15959,1,1,0,0,0,3.940398,19,0.983853808,0.991861199,0.982546137,0.982546137,0.000000000,-0.001307671,218,0.013849184,0.013849184,238,20,1.000,RASTER_BOUNDARY_DIFFERENCE
6yISFDLTaSrGRErrVKUw,196,train,helmet_loose,CANONICAL_POLYGON,17827,18033,1,1,0,0,0,3.908010,25,0.985383678,0.992638037,0.984898772,0.984898772,0.000000000,-0.000484906,206,0.011555506,0.011555506,235,29,1.000,RASTER_BOUNDARY_DIFFERENCE
6yISFDLTaSrGRErrVKUw,197,train,helmet_loose,CANONICAL_POLYGON,17457,17822,1,1,0,0,0,3.834066,20,0.979519695,0.989653902,0.984079490,0.984079490,0.000000000,0.004559795,365,0.020908518,0.020908518,365,0,1.000,RASTER_BOUNDARY_DIFFERENCE
6yISFDLTaSrGRErrVKUw,198,train,helmet_loose,CANONICAL_POLYGON,12531,12721,1,1,0,0,0,4.067691,20,0.980549020,0.990178996,0.980479774,0.980479774,0.000000000,-0.000069245,190,0.015162397,0.015162397,219,29,1.000,RASTER_BOUNDARY_DIFFERENCE
6yISFDLTaSrGRErrVKUw,199,train,helmet_loose,CANONICAL_POLYGON,16629,16851,1,1,0,0,0,3.944649,19,0.986472054,0.993189964,0.983767773,0.983767773,0.000000000,-0.002704282,222,0.013350171,0.013350171,225,3,1.000,RASTER_BOUNDARY_DIFFERENCE
6yISFDLTaSrGRErrVKUw,200,train,helmet_loose,CANONICAL_POLYGON,20234,20530,1,1,0,0,0,3.756979,21,0.983456598,0.991659307,0.985951220,0.985951220,0.000000000,0.002494622,296,0.014628843,0.014628843,318,22,1.000,RASTER_BOUNDARY_DIFFERENCE
6yISFDLTaSrGRErrVKUw,201,train,helmet_loose,CANONICAL_POLYGON,15967,16237,1,1,0,0,0,3.868440,21,0.983004926,0.991429636,0.983348751,0.983348751,0.000000000,0.000343825,270,0.016909877,0.016909877,273,3,1.000,RASTER_BOUNDARY_DIFFERENCE
6yISFDLTaSrGRErrVKUw,202,train,helmet_loose,CANONICAL_POLYGON,19703,19998,1,1,0,0,0,3.760350,21,0.984752287,0.992317574,0.985674931,0.985674931,0.000000000,0.000922644,295,0.014972339,0.014972339,300,5,1.000,RASTER_BOUNDARY_DIFFERENCE
6yISFDLTaSrGRErrVKUw,203,train,helmet_loose,CANONICAL_POLYGON,12972,13229,1,1,0,0,0,3.978776,20,0.978031104,0.988893554,0.982029117,0.982029117,0.000000000,0.003998014,257,0.019811903,0.019811903,274,17,1.000,RASTER_BOUNDARY_DIFFERENCE
6yISFDLTaSrGRErrVKUw,204,train,helmet_loose,CANONICAL_POLYGON,11156,11262,1,1,0,0,0,4.084974,18,0.988998314,0.994468730,0.979683377,0.979683377,0.000000000,-0.009314937,106,0.009501613,0.009501613,115,9,1.000,RASTER_BOUNDARY_DIFFERENCE
6yISFDLTaSrGRErrVKUw,205,train,helmet_loose,CANONICAL_POLYGON,12578,12793,1,1,0,0,0,3.982786,19,0.981954535,0.990895116,0.980784252,0.980784252,0.000000000,-0.001170282,215,0.017093338,0.017093338,223,8,1.000,RASTER_BOUNDARY_DIFFERENCE
6yISFDLTaSrGRErrVKUw,206,train,helmet_loose,CANONICAL_POLYGON,11518,11778,1,1,0,0,0,4.066583,19,0.976247031,0.987980769,0.979047781,0.979047781,0.000000000,0.002800750,260,0.022573363,0.022573363,270,10,1.000,RASTER_BOUNDARY_DIFFERENCE
6yISFDLTaSrGRErrVKUw,207,train,helmet_loose,CANONICAL_POLYGON,16591,16767,1,1,0,0,0,3.913104,22,0.988198832,0.994064392,0.984201461,0.984201461,0.000000000,-0.003997371,176,0.010608161,0.010608161,187,11,1.000,RASTER_BOUNDARY_DIFFERENCE
6yISFDLTaSrGRErrVKUw,208,train,helmet_loose,CANONICAL_POLYGON,16130,16456,1,1,0,0,0,3.876846,19,0.979227405,0.989504695,0.983330280,0.983330280,0.000000000,0.004102875,326,0.020210787,0.020210787,334,8,1.000,RASTER_BOUNDARY_DIFFERENCE
6yISFDLTaSrGRErrVKUw,209,train,helmet_loose,CANONICAL_POLYGON,16345,16538,1,1,0,0,0,3.850152,21,0.987248444,0.993583311,0.983489003,0.983489003,0.000000000,-0.003759441,193,0.011807892,0.011807892,202,9,1.000,RASTER_BOUNDARY_DIFFERENCE
6yISFDLTaSrGRErrVKUw,210,train,helmet_loose,CANONICAL_POLYGON,12858,13008,1,1,0,0,0,3.956820,19,0.985263643,0.992577128,0.981645763,0.981645763,0.000000000,-0.003617879,150,0.011665889,0.011665889,171,21,1.000,RASTER_BOUNDARY_DIFFERENCE
6yISFDLTaSrGRErrVKUw,211,train,helmet_loose,CANONICAL_POLYGON,14010,14286,1,1,0,0,0,3.847845,19,0.980541751,0.990175290,0.983205678,0.983205678,0.000000000,0.002663927,276,0.019700214,0.019700214,277,1,1.000,RASTER_BOUNDARY_DIFFERENCE
6yISFDLTaSrGRErrVKUw,212,train,helmet_loose,CANONICAL_POLYGON,14012,14234,1,1,0,0,0,3.878961,21,0.983428130,0.991644835,0.982095211,0.982095211,0.000000000,-0.001332919,222,0.015843563,0.015843563,229,7,1.000,RASTER_BOUNDARY_DIFFERENCE
6yISFDLTaSrGRErrVKUw,213,train,helmet_loose,CANONICAL_POLYGON,14066,14278,1,1,0,0,0,4.010858,21,0.985012956,0.992449901,0.982508920,0.982508920,0.000000000,-0.002504036,212,0.015071804,0.015071804,213,1,1.000,RASTER_BOUNDARY_DIFFERENCE
6yISFDLTaSrGRErrVKUw,214,train,helmet_loose,CANONICAL_POLYGON,15152,15379,1,1,0,0,0,3.959148,18,0.983949574,0.991909862,0.982975958,0.982975958,0.000000000,-0.000973616,227,0.014981521,0.014981521,237,10,1.000,RASTER_BOUNDARY_DIFFERENCE
6yISFDLTaSrGRErrVKUw,215,train,helmet_loose,CANONICAL_POLYGON,15804,16047,1,1,0,0,0,3.896857,20,0.984115119,0.991993972,0.983235697,0.983235697,0.000000000,-0.000879421,243,0.015375854,0.015375854,249,6,1.000,RASTER_BOUNDARY_DIFFERENCE
6yISFDLTaSrGRErrVKUw,216,train,helmet_loose,CANONICAL_POLYGON,12869,13079,1,1,0,0,0,4.102954,20,0.982882470,0.991367350,0.980453539,0.980453539,0.000000000,-0.002428931,210,0.016318284,0.016318284,217,7,1.000,RASTER_BOUNDARY_DIFFERENCE
6yISFDLTaSrGRErrVKUw,217,train,helmet_loose,CANONICAL_POLYGON,12705,12827,1,1,0,0,0,3.975746,21,0.987080707,0.993498355,0.981343861,0.981343861,0.000000000,-0.005736845,122,0.009602519,0.009602519,144,22,1.000,RASTER_BOUNDARY_DIFFERENCE
6yISFDLTaSrGRErrVKUw,218,train,helmet_loose,CANONICAL_POLYGON,13062,13252,1,1,0,0,0,4.105405,20,0.983118547,0.991487421,0.980673786,0.980673786,0.000000000,-0.002444761,190,0.014546011,0.014546011,207,17,1.000,RASTER_BOUNDARY_DIFFERENCE
70XMYeBZO8t3mAXtu9ke,221,train,vest_on_body,CANONICAL_RLE,54331,54888,10,8,1,0,0,10.040365,975,0.971390925,0.985487873,0.999926377,0.992582172,0.007344206,0.021191247,557,0.010251974,0.010251974,1071,514,1.000,RASTER_BOUNDARY_DIFFERENCE|MULTI_COMPONENT_APPROXIMATION|COMPONENT_JOIN_APPROXIMATION
70XMYeBZO8t3mAXtu9ke,222,train,person,CANONICAL_RLE,209940,211117,2,2,1,1,928,9.078070,1664,0.985836910,0.992867949,0.995599143,0.995485841,0.000113301,0.009648931,1177,0.005606364,0.005606364,2090,913,1.000,RASTER_BOUNDARY_DIFFERENCE|MULTI_COMPONENT_APPROXIMATION|COMPONENT_JOIN_APPROXIMATION|HOLE_FILL_APPROXIMATION
70XMYeBZO8t3mAXtu9ke,223,train,helmet_on_head,CANONICAL_RLE,19486,19667,3,2,1,3,141,5.860622,325,0.971450151,0.985518351,0.991949865,0.991899327,0.000050537,0.020449176,181,0.009288720,0.009288720,374,193,1.000,RASTER_BOUNDARY_DIFFERENCE|MULTI_COMPONENT_APPROXIMATION|COMPONENT_JOIN_APPROXIMATION|HOLE_FILL_APPROXIMATION
77sSza06NSDiTCn9F0sb,224,train,vest_on_body,CANONICAL_POLYGON,175680,176849,1,1,0,0,0,5.941851,60,0.993141894,0.996559148,0.992313257,0.992313257,0.000000000,-0.000828637,1169,0.006654144,0.006654144,1191,22,1.000,RASTER_BOUNDARY_DIFFERENCE
77sSza06NSDiTCn9F0sb,225,train,helmet_on_head,CANONICAL_POLYGON,30444,30710,1,1,0,0,0,4.237848,22,0.990884526,0.995421395,0.986045757,0.986045757,0.000000000,-0.004838770,266,0.008737354,0.008737354,273,7,4.000,RASTER_BOUNDARY_DIFFERENCE
77sSza06NSDiTCn9F0sb,226,train,person,CANONICAL_RLE,308147,307806,1,1,0,0,0,6.082413,1195,0.994091729,0.997037112,1.000000000,1.000000000,0.000000000,0.005908271,341,0.001106615,-0.001106615,742,1083,1.000,SERIALIZATION_ONLY
77sSza06NSDiTCn9F0sb,227,train,person,CANONICAL_RLE,247215,247408,4,3,1,0,0,5.771415,978,0.994302833,0.997143279,0.999995955,0.999733096,0.000262859,0.005430263,193,0.000780697,0.000780697,803,610,1.000,RASTER_BOUNDARY_DIFFERENCE|MULTI_COMPONENT_APPROXIMATION|COMPONENT_JOIN_APPROXIMATION
77sSza06NSDiTCn9F0sb,228,train,person,CANONICAL_RLE,187768,187740,1,1,0,0,0,5.487775,1034,0.994264289,0.997123896,1.000000000,1.000000000,0.000000000,0.005735711,28,0.000149120,-0.000149120,526,554,1.000,SERIALIZATION_ONLY
7Qa4QokXVymOY6hvk9CF,229,train,person,CANONICAL_POLYGON,321076,322482,1,1,0,0,0,5.428058,90,0.995336882,0.997662992,0.995293388,0.995293388,0.000000000,-0.000043494,1406,0.004379026,0.004379026,1455,49,1.000,RASTER_BOUNDARY_DIFFERENCE
7Qa4QokXVymOY6hvk9CF,230,train,vest_on_body,CANONICAL_POLYGON,125611,126339,1,1,0,0,0,5.219597,64,0.993716963,0.996848581,0.992254005,0.992254005,0.000000000,-0.001462957,728,0.005795671,0.005795671,761,33,1.000,RASTER_BOUNDARY_DIFFERENCE
7aLiOz0V7KPglydbD5H7,237,train,person,CANONICAL_POLYGON,76629,77277,1,1,0,0,0,5.847247,55,0.990970479,0.995464764,0.988956199,0.988956199,0.000000000,-0.002014280,648,0.008456329,0.008456329,673,25,1.000,RASTER_BOUNDARY_DIFFERENCE
7aLiOz0V7KPglydbD5H7,238,train,person,CANONICAL_POLYGON,50965,51710,1,1,0,0,0,7.240787,77,0.984863423,0.992373996,0.983960733,0.983960733,0.000000000,-0.000902690,745,0.014617875,0.014617875,764,19,1.000,RASTER_BOUNDARY_DIFFERENCE
7aLiOz0V7KPglydbD5H7,239,train,person,CANONICAL_POLYGON,36703,37289,1,1,0,0,0,7.463169,43,0.983806102,0.991836955,0.980404213,0.980404213,0.000000000,-0.003401889,586,0.015965997,0.015965997,595,9,1.000,RASTER_BOUNDARY_DIFFERENCE
7aLiOz0V7KPglydbD5H7,240,train,helmet_on_head,CANONICAL_POLYGON,5305,5416,1,1,0,0,0,3.991099,15,0.979139745,0.989459938,0.970091743,0.970091743,0.000000000,-0.009048002,111,0.020923657,0.020923657,112,1,1.000,RASTER_BOUNDARY_DIFFERENCE
7aLiOz0V7KPglydbD5H7,241,train,helmet_on_head,CANONICAL_POLYGON,4126,4162,1,1,0,0,0,4.035835,13,0.982300885,0.991071429,0.963380282,0.963380282,0.000000000,-0.018920603,36,0.008725158,0.008725158,55,19,1.000,RASTER_BOUNDARY_DIFFERENCE
7aLiOz0V7KPglydbD5H7,242,train,helmet_on_head,CANONICAL_POLYGON,4585,4692,1,1,0,0,0,3.978279,14,0.975090483,0.987388164,0.969234034,0.969234034,0.000000000,-0.005856450,107,0.023336968,0.023336968,112,5,1.000,RASTER_BOUNDARY_DIFFERENCE
7aLiOz0V7KPglydbD5H7,243,train,vest_on_body,CANONICAL_RLE,17976,18145,5,5,1,0,0,7.679708,398,0.960753447,0.979983943,1.000000000,0.992820060,0.007179940,0.032066613,169,0.009401424,0.009401424,446,277,1.000,MULTI_COMPONENT_APPROXIMATION|COMPONENT_JOIN_APPROXIMATION
7aLiOz0V7KPglydbD5H7,244,train,vest_on_body,CANONICAL_RLE,11822,11926,3,3,1,0,0,7.546121,302,0.965080679,0.982230083,1.000000000,0.995872294,0.004127706,0.030791615,104,0.008797158,0.008797158,263,159,1.000,MULTI_COMPONENT_APPROXIMATION|COMPONENT_JOIN_APPROXIMATION
7aLiOz0V7KPglydbD5H7,245,train,vest_on_body,CANONICAL_RLE,6180,6353,4,3,1,0,0,7.159137,247,0.936794931,0.967366153,0.999514563,0.976137800,0.023376763,0.039342869,173,0.027993528,0.027993528,291,118,0.000,RASTER_BOUNDARY_DIFFERENCE|MULTI_COMPONENT_APPROXIMATION|COMPONENT_JOIN_APPROXIMATION
84V2JE8FINqroFaJRHRL,252,train,person,CANONICAL_POLYGON,394228,396011,1,1,0,0,0,6.613015,123,0.995079451,0.997533658,0.994863083,0.994863083,0.000000000,-0.000216368,1783,0.004522763,0.004522763,1866,83,1.000,RASTER_BOUNDARY_DIFFERENCE
84V2JE8FINqroFaJRHRL,253,train,vest_on_body,CANONICAL_POLYGON,124316,125192,1,1,0,0,0,4.943677,53,0.992636665,0.996304728,0.992554245,0.992554245,0.000000000,-0.000082420,876,0.007046559,0.007046559,899,23,1.000,RASTER_BOUNDARY_DIFFERENCE
84V2JE8FINqroFaJRHRL,254,train,vest_on_body,CANONICAL_POLYGON,209867,210699,1,1,0,0,0,4.620652,64,0.995643963,0.997817227,0.994551662,0.994551662,0.000000000,-0.001092301,832,0.003964416,0.003964416,875,43,1.000,RASTER_BOUNDARY_DIFFERENCE
84V2JE8FINqroFaJRHRL,255,train,person,CANONICAL_POLYGON,297218,298922,1,1,0,0,0,7.720415,101,0.993765928,0.996873218,0.992708657,0.992708657,0.000000000,-0.001057271,1704,0.005733166,0.005733166,1784,80,1.000,RASTER_BOUNDARY_DIFFERENCE
88HbrJU619doTzltW6lx,256,train,person,CANONICAL_RLE,36969,36975,1,1,0,0,0,5.919944,460,0.984487802,0.992183274,1.000000000,1.000000000,0.000000000,0.015512198,6,0.000162298,0.000162298,292,286,1.000,SERIALIZATION_ONLY
88HbrJU619doTzltW6lx,257,train,person,CANONICAL_RLE,36714,37011,6,5,1,0,0,6.029343,500,0.981481979,0.990654459,0.999972762,0.994285714,0.005687048,0.012803735,297,0.008089557,0.008089557,493,196,1.000,RASTER_BOUNDARY_DIFFERENCE|MULTI_COMPONENT_APPROXIMATION|COMPONENT_JOIN_APPROXIMATION
88HbrJU619doTzltW6lx,258,train,person,CANONICAL_RLE,278565,309089,2,1,0,3,30223,5.723038,1018,0.897892680,0.946199634,0.902123787,0.902123787,0.000000000,0.004231107,30524,0.109575862,0.109575862,31070,546,1.000,RASTER_BOUNDARY_DIFFERENCE|MULTI_COMPONENT_APPROXIMATION|HOLE_FILL_APPROXIMATION
88HbrJU619doTzltW6lx,259,train,person,CANONICAL_RLE,49881,50197,5,5,1,0,0,8.394456,769,0.971552964,0.985571254,1.000000000,0.993051961,0.006948039,0.021498997,316,0.006335077,0.006335077,880,564,1.000,MULTI_COMPONENT_APPROXIMATION|COMPONENT_JOIN_APPROXIMATION
88HbrJU619doTzltW6lx,260,train,person,CANONICAL_RLE,47572,47585,1,1,0,0,0,7.633789,657,0.983966808,0.991918619,1.000000000,1.000000000,0.000000000,0.016033192,13,0.000273270,0.000273270,391,378,1.000,SERIALIZATION_ONLY
88HbrJU619doTzltW6lx,261,train,person,CANONICAL_RLE,33912,33973,1,1,0,0,0,4.630001,352,0.990062148,0.995006261,1.000000000,1.000000000,0.000000000,0.009937852,61,0.001798773,0.001798773,200,139,1.000,SERIALIZATION_ONLY
88HbrJU619doTzltW6lx,262,train,person,CANONICAL_RLE,4552,4732,2,2,1,0,0,7.196018,170,0.913832200,0.954976303,1.000000000,0.966454352,0.033545648,0.052622153,180,0.039543058,0.039543058,299,119,0.000,MULTI_COMPONENT_APPROXIMATION|COMPONENT_JOIN_APPROXIMATION
8JoO2wxDSeESnh5SmJpP,266,train,vest_on_body,CANONICAL_RLE,322350,322775,6,6,1,0,0,7.398013,1648,0.993187401,0.996582058,1.000000000,0.999175490,0.000824510,0.005988090,425,0.001318443,0.001318443,1315,890,1.000,MULTI_COMPONENT_APPROXIMATION|COMPONENT_JOIN_APPROXIMATION
8JoO2wxDSeESnh5SmJpP,267,train,vest_on_body,CANONICAL_RLE,145132,144925,3,2,1,2,140,6.002012,678,0.988598656,0.994266644,0.999015640,0.998995009,0.000020630,0.010396353,207,0.001426288,-0.001426288,728,935,1.000,RASTER_BOUNDARY_DIFFERENCE|MULTI_COMPONENT_APPROXIMATION|COMPONENT_JOIN_APPROXIMATION|HOLE_FILL_APPROXIMATION
8JoO2wxDSeESnh5SmJpP,268,train,vest_on_body,CANONICAL_RLE,83356,83275,1,1,0,0,0,5.629789,651,0.990075360,0.995012933,1.000000000,1.000000000,0.000000000,0.009924640,81,0.000971736,-0.000971736,375,456,1.000,SERIALIZATION_ONLY
8JoO2wxDSeESnh5SmJpP,269,train,person,CANONICAL_RLE,183374,184726,1,1,0,10,1283,7.478779,1136,0.985779638,0.992838902,0.993051983,0.993051983,0.000000000,0.007272345,1352,0.007372910,0.007372910,1994,642,0.000,RASTER_BOUNDARY_DIFFERENCE|HOLE_FILL_APPROXIMATION
8JoO2wxDSeESnh5SmJpP,270,train,person,CANONICAL_RLE,14693,14714,3,3,1,0,0,10.797724,321,0.964001870,0.981671031,1.000000000,0.984983576,0.015016424,0.020981706,21,0.001429252,0.001429252,280,259,1.000,MULTI_COMPONENT_APPROXIMATION|COMPONENT_JOIN_APPROXIMATION
8JoO2wxDSeESnh5SmJpP,271,train,person,CANONICAL_RLE,205774,205324,1,1,0,0,0,5.706346,554,0.991387245,0.995674997,1.000000000,1.000000000,0.000000000,0.008612755,450,0.002186865,-0.002186865,664,1114,1.000,SERIALIZATION_ONLY
8JoO2wxDSeESnh5SmJpP,272,train,person,CANONICAL_RLE,69213,69144,5,4,1,0,0,8.945699,764,0.980858161,0.990336593,0.999985552,0.997794277,0.002191275,0.016936115,69,0.000996923,-0.000996923,634,703,1.000,RASTER_BOUNDARY_DIFFERENCE|MULTI_COMPONENT_APPROXIMATION|COMPONENT_JOIN_APPROXIMATION
8JoO2wxDSeESnh5SmJpP,273,train,person,CANONICAL_RLE,76648,76830,1,1,0,0,0,7.463466,591,0.983893901,0.991881573,1.000000000,1.000000000,0.000000000,0.016106099,182,0.002374491,0.002374491,714,532,1.000,SERIALIZATION_ONLY
8JoO2wxDSeESnh5SmJpP,274,train,person,CANONICAL_RLE,724672,732887,4,1,0,117,8329,5.807514,1681,0.985712982,0.992805094,0.988637123,0.988637123,0.000000000,0.002924142,8215,0.011336163,0.011336163,9351,1136,1.000,RASTER_BOUNDARY_DIFFERENCE|MULTI_COMPONENT_APPROXIMATION|HOLE_FILL_APPROXIMATION
8LgvW2srLb751N5SJDxq,275,train,person,CANONICAL_POLYGON,546890,549320,1,1,0,0,0,5.726462,120,0.995416518,0.997702995,0.995870411,0.995870411,0.000000000,0.000453893,2430,0.004443307,0.004443307,2474,44,1.000,RASTER_BOUNDARY_DIFFERENCE
8LgvW2srLb751N5SJDxq,276,train,helmet_on_head,CANONICAL_POLYGON,42776,43049,1,1,0,0,0,4.172683,28,0.992270016,0.996120012,0.988681866,0.988681866,0.000000000,-0.003588150,273,0.006382083,0.006382083,303,30,1.000,RASTER_BOUNDARY_DIFFERENCE
8LgvW2srLb751N5SJDxq,277,train,vest_on_body,CANONICAL_POLYGON,336003,337313,1,1,0,0,0,5.124798,99,0.995714044,0.997852420,0.995415794,0.995415794,0.000000000,-0.000298251,1310,0.003898775,0.003898775,1378,68,1.000,RASTER_BOUNDARY_DIFFERENCE
8NK1Ihm4MCS1gRXK4WzH,278,train,person,CANONICAL_POLYGON,321226,322988,1,1,0,0,0,6.930266,133,0.994174240,0.997078611,0.993726400,0.993726400,0.000000000,-0.000447840,1762,0.005485235,0.005485235,1822,60,1.000,RASTER_BOUNDARY_DIFFERENCE
8O2JjSJCb1ylJibwosnA,279,train,person,CANONICAL_POLYGON,150211,151301,1,1,0,0,0,6.645452,77,0.992163807,0.996066492,0.991271680,0.991271680,0.000000000,-0.000892126,1090,0.007256459,0.007256459,1138,48,1.000,RASTER_BOUNDARY_DIFFERENCE
8O2JjSJCb1ylJibwosnA,280,train,vest_on_body,CANONICAL_POLYGON,55420,55842,1,1,0,0,0,4.993150,40,0.991587012,0.995775737,0.988393272,0.988393272,0.000000000,-0.003193740,422,0.007614580,0.007614580,446,24,1.000,RASTER_BOUNDARY_DIFFERENCE
8O2JjSJCb1ylJibwosnA,281,train,helmet_on_head,CANONICAL_POLYGON,8283,8432,1,1,0,0,0,3.860203,19,0.981154439,0.990487586,0.975664501,0.975664501,0.000000000,-0.005489938,149,0.017988651,0.017988651,154,5,1.000,RASTER_BOUNDARY_DIFFERENCE
8Ru4Ji0Klp7qaNJNZXqv,282,train,vest_on_body,CANONICAL_RLE,106895,106959,1,1,0,0,0,4.573055,462,0.993381928,0.996679978,1.000000000,1.000000000,0.000000000,0.006618072,64,0.000598718,0.000598718,387,323,1.000,SERIALIZATION_ONLY
8Ru4Ji0Klp7qaNJNZXqv,283,train,person,CANONICAL_RLE,11673,11763,2,2,1,0,0,7.156208,315,0.964294694,0.981822837,1.000000000,0.998204207,0.001795793,0.033909513,90,0.007710100,0.007710100,258,168,1.000,MULTI_COMPONENT_APPROXIMATION|COMPONENT_JOIN_APPROXIMATION
8Ru4Ji0Klp7qaNJNZXqv,284,train,person,CANONICAL_RLE,116923,117696,5,5,1,0,0,11.387926,1521,0.979873757,0.989834583,1.000000000,0.995190998,0.004809002,0.015317241,773,0.006611189,0.006611189,1579,806,1.000,MULTI_COMPONENT_APPROXIMATION|COMPONENT_JOIN_APPROXIMATION
8Ru4Ji0Klp7qaNJNZXqv,285,train,person,CANONICAL_RLE,75845,85040,2,2,1,1,9054,7.194638,667,0.883105482,0.937924605,0.893355634,0.893250421,0.000105213,0.010144939,9195,0.121234096,0.121234096,9591,396,1.000,RASTER_BOUNDARY_DIFFERENCE|MULTI_COMPONENT_APPROXIMATION|COMPONENT_JOIN_APPROXIMATION|HOLE_FILL_APPROXIMATION
8Ru4Ji0Klp7qaNJNZXqv,286,train,person,CANONICAL_RLE,384958,385742,1,1,0,3,646,8.876043,1811,0.990762984,0.995360062,0.998324706,0.998324706,0.000000000,0.007561722,784,0.002036586,0.002036586,2180,1396,1.000,RASTER_BOUNDARY_DIFFERENCE|HOLE_FILL_APPROXIMATION
8Ru4Ji0Klp7qaNJNZXqv,287,train,person,CANONICAL_RLE,1793,1784,1,1,0,0,0,3.920864,68,0.958926616,0.979032709,1.000000000,1.000000000,0.000000000,0.041073384,9,0.005019520,-0.005019520,33,42,1.000,SERIALIZATION_ONLY
8kz63cbCBKbeeiebv7po,288,train,person,CANONICAL_RLE,2596040,2596574,2,2,1,11,735,4.659063,2596,0.998063739,0.999030931,0.999716957,0.999715032,0.000001925,0.001651293,534,0.000205698,0.000205698,2783,2249,1.000,RASTER_BOUNDARY_DIFFERENCE|MULTI_COMPONENT_APPROXIMATION|COMPONENT_JOIN_APPROXIMATION|HOLE_FILL_APPROXIMATION
9ImTEhfk6VqdMSI01r6x,289,train,helmet_loose,CANONICAL_RLE,352857,352751,1,1,0,0,0,5.632809,1259,0.995509024,0.997749459,1.000000000,1.000000000,0.000000000,0.004490976,106,0.000300405,-0.000300405,741,847,1.000,SERIALIZATION_ONLY
9RMi9YBhKa1nLz3ugIma,290,train,vest_on_body,CANONICAL_RLE,52756,54455,1,1,0,1,1586,5.691305,548,0.960734468,0.979974070,0.970814471,0.970814471,0.000000000,0.010080003,1699,0.032204868,0.032204868,1923,224,1.000,RASTER_BOUNDARY_DIFFERENCE|HOLE_FILL_APPROXIMATION
9RMi9YBhKa1nLz3ugIma,291,train,person,CANONICAL_RLE,186986,188657,1,1,0,4,1705,6.826038,1116,0.983918160,0.991893899,0.990964063,0.990964063,0.000000000,0.007045903,1671,0.008936498,0.008936498,2358,687,1.000,RASTER_BOUNDARY_DIFFERENCE|HOLE_FILL_APPROXIMATION
9T2zKDdtXzGyeq44pjGp,292,train,person,CANONICAL_RLE,547154,551259,1,1,0,4,3904,8.206058,1914,0.987718060,0.993821086,0.992915446,0.992915446,0.000000000,0.005197386,4105,0.007502458,0.007502458,5446,1341,1.000,RASTER_BOUNDARY_DIFFERENCE|HOLE_FILL_APPROXIMATION
9T2zKDdtXzGyeq44pjGp,293,train,person,CANONICAL_RLE,541529,547465,2,2,1,4,5727,7.896934,2042,0.984748880,0.992315844,0.989535062,0.989524213,0.000010849,0.004775334,5936,0.010961555,0.010961555,7152,1216,1.000,RASTER_BOUNDARY_DIFFERENCE|MULTI_COMPONENT_APPROXIMATION|COMPONENT_JOIN_APPROXIMATION|HOLE_FILL_APPROXIMATION
9V8ayqofeUijfaI5tMrr,294,train,person,CANONICAL_POLYGON,114441,115568,1,1,0,0,0,6.444451,68,0.989748869,0.994848028,0.989802190,0.989802190,0.000000000,0.000053321,1127,0.009847869,0.009847869,1156,29,1.000,RASTER_BOUNDARY_DIFFERENCE
9V8ayqofeUijfaI5tMrr,295,train,person,CANONICAL_POLYGON,236179,237379,1,1,0,0,0,5.159406,70,0.994440677,0.997212591,0.994397405,0.994397405,0.000000000,-0.000043272,1200,0.005080892,0.005080892,1260,60,1.000,RASTER_BOUNDARY_DIFFERENCE
9V8ayqofeUijfaI5tMrr,296,train,helmet_on_head,CANONICAL_POLYGON,29210,29512,1,1,0,0,0,4.594897,30,0.987477154,0.993699125,0.985334865,0.985334865,0.000000000,-0.002142289,302,0.010338925,0.010338925,336,34,1.000,RASTER_BOUNDARY_DIFFERENCE
9V8ayqofeUijfaI5tMrr,297,train,helmet_on_head,CANONICAL_POLYGON,25915,26217,1,1,0,0,0,4.344779,25,0.987571009,0.993746643,0.985076900,0.985076900,0.000000000,-0.002494110,302,0.011653483,0.011653483,314,12,1.000,RASTER_BOUNDARY_DIFFERENCE
9V8ayqofeUijfaI5tMrr,298,train,vest_on_body,CANONICAL_POLYGON,90509,91718,1,1,0,0,0,8.521765,96,0.986276882,0.993091035,0.986207122,0.986207122,0.000000000,-0.000069760,1209,0.013357788,0.013357788,1234,25,1.000,RASTER_BOUNDARY_DIFFERENCE
9V8ayqofeUijfaI5tMrr,299,train,vest_on_body,CANONICAL_POLYGON,18315,18781,1,1,0,1,1,6.004017,39,0.974661982,0.987168428,0.978349193,0.978349193,0.000000000,0.003687210,466,0.025443625,0.025443625,471,5,1.000,RASTER_BOUNDARY_DIFFERENCE|HOLE_FILL_APPROXIMATION
9VzteFV9D5SnmZlhQHfL,300,train,person,CANONICAL_POLYGON,229226,230675,1,1,0,0,0,7.669120,116,0.993277741,0.996627535,0.991209657,0.991209657,0.000000000,-0.002068084,1449,0.006321272,0.006321272,1500,51,1.000,RASTER_BOUNDARY_DIFFERENCE
9VzteFV9D5SnmZlhQHfL,301,train,vest_on_body,CANONICAL_RLE,107207,108195,5,5,1,0,0,10.772352,1266,0.972094301,0.985849714,1.000000000,0.990465544,0.009534456,0.018371243,988,0.009215816,0.009215816,2018,1030,1.000,MULTI_COMPONENT_APPROXIMATION|COMPONENT_JOIN_APPROXIMATION
9jEW0aifcZKM5bRlaCWY,302,train,helmet_loose,CANONICAL_POLYGON,71510,72225,1,1,0,0,0,7.230810,87,0.988971300,0.994455074,0.985318063,0.985318063,0.000000000,-0.003653238,715,0.009998602,0.009998602,756,41,1.000,RASTER_BOUNDARY_DIFFERENCE
9jEW0aifcZKM5bRlaCWY,303,train,helmet_loose,CANONICAL_POLYGON,1062,1115,1,1,0,0,0,4.035108,9,0.935111111,0.966467616,0.929203540,0.929203540,0.000000000,-0.005907571,53,0.049905838,0.049905838,63,10,1.000,RASTER_BOUNDARY_DIFFERENCE
AIAwqRIKtkrSOj8atqNs,314,train,person,CANONICAL_POLYGON,217478,218632,1,1,0,0,0,5.346730,83,0.994411568,0.997197955,0.994050477,0.994050477,0.000000000,-0.000361091,1154,0.005306284,0.005306284,1188,34,1.000,RASTER_BOUNDARY_DIFFERENCE
AIAwqRIKtkrSOj8atqNs,315,train,vest_on_body,CANONICAL_POLYGON,107356,108200,1,1,0,0,0,5.156439,52,0.991573812,0.995769081,0.991340671,0.991340671,0.000000000,-0.000233141,844,0.007861694,0.007861694,878,34,1.000,RASTER_BOUNDARY_DIFFERENCE
AIAwqRIKtkrSOj8atqNs,316,train,helmet_on_head,CANONICAL_POLYGON,12743,12886,1,1,0,0,0,5.604676,28,0.987052256,0.993483944,0.973565244,0.973565244,0.000000000,-0.013487012,143,0.011221847,0.011221847,155,12,1.000,RASTER_BOUNDARY_DIFFERENCE
AvvR6iF4C7rqEdb4F2SB,320,train,person,CANONICAL_POLYGON,241030,242531,1,1,0,0,0,6.344499,93,0.993539849,0.996759457,0.992844099,0.992844099,0.000000000,-0.000695750,1501,0.006227441,0.006227441,1534,33,1.000,RASTER_BOUNDARY_DIFFERENCE
B28mQjiO7iQrGNpLEnKa,321,train,person,CANONICAL_RLE,1360319,1487776,2,2,1,2,126807,5.515762,2400,0.912740184,0.954379682,0.914730157,0.914727697,0.000002460,0.001987513,127457,0.093696405,0.093696405,128694,1237,1.000,RASTER_BOUNDARY_DIFFERENCE|MULTI_COMPONENT_APPROXIMATION|COMPONENT_JOIN_APPROXIMATION|HOLE_FILL_APPROXIMATION
B28mQjiO7iQrGNpLEnKa,322,train,helmet_loose,CANONICAL_RLE,104396,104384,1,1,0,0,0,4.464318,499,0.993716518,0.996848357,1.000000000,1.000000000,0.000000000,0.006283482,12,0.000114947,-0.000114947,323,335,1.000,SERIALIZATION_ONLY
B2QiCIntf9RxLHCBKmVy,323,train,person,CANONICAL_POLYGON,460934,462748,1,1,0,0,0,5.509902,111,0.995579695,0.997784952,0.995688612,0.995688612,0.000000000,0.000108917,1814,0.003935488,0.003935488,1930,116,1.000,RASTER_BOUNDARY_DIFFERENCE
B2QiCIntf9RxLHCBKmVy,324,train,vest_on_body,CANONICAL_POLYGON,36253,36840,1,1,0,0,0,6.786532,54,0.982989691,0.991421887,0.981938003,0.981938003,0.000000000,-0.001051687,587,0.016191763,0.016191763,607,20,1.000,RASTER_BOUNDARY_DIFFERENCE
B2QiCIntf9RxLHCBKmVy,325,train,helmet_on_head,CANONICAL_POLYGON,25747,26038,1,1,0,0,0,4.139997,22,0.986535216,0.993221975,0.986230967,0.986230967,0.000000000,-0.000304249,291,0.011302288,0.011302288,321,30,1.000,RASTER_BOUNDARY_DIFFERENCE
B2QiCIntf9RxLHCBKmVy,326,train,person,CANONICAL_POLYGON,7428,7600,1,1,0,0,0,4.851516,20,0.972955232,0.986292254,0.965481172,0.965481172,0.000000000,-0.007474060,172,0.023155627,0.023155627,189,17,1.000,RASTER_BOUNDARY_DIFFERENCE
B2znvjHzOOKJdNuzNnwo,327,train,person,CANONICAL_POLYGON,261107,262096,1,1,0,0,0,5.205933,65,0.995731631,0.997861251,0.994467307,0.994467307,0.000000000,-0.001264324,989,0.003787719,0.003787719,1054,65,1.000,RASTER_BOUNDARY_DIFFERENCE
B2znvjHzOOKJdNuzNnwo,328,train,helmet_on_head,CANONICAL_POLYGON,17699,17939,1,1,0,0,0,4.561751,29,0.983967043,0.991918738,0.981822225,0.981822225,0.000000000,-0.002144819,240,0.013560088,0.013560088,264,24,1.000,RASTER_BOUNDARY_DIFFERENCE
B2znvjHzOOKJdNuzNnwo,329,train,vest_on_body,CANONICAL_POLYGON,86225,87033,1,1,0,0,0,5.786884,59,0.990373127,0.995163283,0.989055286,0.989055286,0.000000000,-0.001317841,808,0.009370832,0.009370832,823,15,1.000,RASTER_BOUNDARY_DIFFERENCE
B809pvlQ32XXT2akrDG5,330,train,person,CANONICAL_POLYGON,358712,359568,1,1,0,0,0,4.974710,85,0.997297192,0.998646767,0.995657932,0.995657932,0.000000000,-0.001639260,856,0.002386315,0.002386315,914,58,0.000,RASTER_BOUNDARY_DIFFERENCE
B809pvlQ32XXT2akrDG5,331,train,person,CANONICAL_POLYGON,362706,364328,1,1,0,0,0,5.922380,106,0.995411044,0.997700245,0.994685623,0.994685623,0.000000000,-0.000725420,1622,0.004471941,0.004471941,1647,25,1.000,RASTER_BOUNDARY_DIFFERENCE
BKQc0VOlqhWGIuqGozuK,334,train,helmet_loose,CANONICAL_POLYGON,149815,150643,1,1,0,0,0,4.210015,41,0.994331457,0.997157673,0.993957985,0.993957985,0.000000000,-0.000373472,828,0.005526816,0.005526816,841,13,1.000,RASTER_BOUNDARY_DIFFERENCE
BTDhw7BCTG4sfwnaraKa,335,train,vest_on_body,CANONICAL_RLE,559368,560570,6,6,1,5,507,10.808832,2555,0.990618690,0.995287239,0.999094441,0.997893137,0.001201304,0.007274447,1202,0.002148854,0.002148854,3240,2038,1.000,RASTER_BOUNDARY_DIFFERENCE|MULTI_COMPONENT_APPROXIMATION|COMPONENT_JOIN_APPROXIMATION|HOLE_FILL_APPROXIMATION
BTDhw7BCTG4sfwnaraKa,336,train,person,CANONICAL_RLE,907904,909322,7,7,1,2,47,10.452407,3532,0.993499171,0.996738986,0.999948235,0.998840430,0.001107805,0.005341260,1418,0.001561839,0.001561839,3672,2254,1.000,RASTER_BOUNDARY_DIFFERENCE|MULTI_COMPONENT_APPROXIMATION|COMPONENT_JOIN_APPROXIMATION|HOLE_FILL_APPROXIMATION
BZkvs1U3ZhiNDdJ7EitR,337,train,helmet_loose,CANONICAL_POLYGON,430355,430999,1,1,0,0,0,3.932822,56,0.997963425,0.998980675,0.996828001,0.996828001,0.000000000,-0.001135424,644,0.001496439,0.001496439,761,117,1.000,RASTER_BOUNDARY_DIFFERENCE
BgmyvUGHmaKd9YGpEfYd,338,train,person,CANONICAL_POLYGON,207917,209101,1,1,0,0,0,5.595921,96,0.994022971,0.997002527,0.993411931,0.993411931,0.000000000,-0.000611040,1184,0.005694580,0.005694580,1217,33,1.000,RASTER_BOUNDARY_DIFFERENCE
BgmyvUGHmaKd9YGpEfYd,339,train,vest_on_body,CANONICAL_POLYGON,66500,67158,1,1,0,0,0,5.561475,51,0.989639311,0.994792680,0.988717888,0.988717888,0.000000000,-0.000921423,658,0.009894737,0.009894737,677,19,1.000,RASTER_BOUNDARY_DIFFERENCE
BgmyvUGHmaKd9YGpEfYd,340,train,helmet_on_head,CANONICAL_POLYGON,10024,10236,1,1,0,0,0,4.220279,20,0.976199766,0.987956565,0.976555632,0.976555632,0.000000000,0.000355866,212,0.021149242,0.021149242,228,16,2.000,RASTER_BOUNDARY_DIFFERENCE
BqslKEg23m8hmDaQGJMo,343,train,helmet_on_head,CANONICAL_POLYGON,308885,309982,1,1,0,0,0,4.692126,75,0.996267886,0.998130455,0.995411927,0.995411927,0.000000000,-0.000855959,1097,0.003551484,0.003551484,1127,30,1.000,RASTER_BOUNDARY_DIFFERENCE
BqslKEg23m8hmDaQGJMo,344,train,person,CANONICAL_POLYGON,879801,882195,1,1,0,0,0,5.098545,132,0.997105211,0.998550507,0.996917870,0.996917870,0.000000000,-0.000187341,2394,0.002721070,0.002721070,2474,80,1.000,RASTER_BOUNDARY_DIFFERENCE
BqslKEg23m8hmDaQGJMo,345,train,vest_on_body,CANONICAL_POLYGON,91214,91925,1,1,0,0,0,5.382931,46,0.990533123,0.995244050,0.990510663,0.990510663,0.000000000,-0.000022460,711,0.007794856,0.007794856,791,80,1.000,RASTER_BOUNDARY_DIFFERENCE
BqslKEg23m8hmDaQGJMo,346,train,vest_on_body,CANONICAL_POLYGON,22830,23311,1,1,0,0,0,4.658994,24,0.979365965,0.989575432,0.986259938,0.986259938,0.000000000,0.006893973,481,0.021068769,0.021068769,481,0,1.000,RASTER_BOUNDARY_DIFFERENCE
BwtdnuFIdhZLIWJuO3BZ,347,train,person,CANONICAL_POLYGON,172650,173814,1,1,0,0,0,6.162950,82,0.992798721,0.996386349,0.992099271,0.992099271,0.000000000,-0.000699450,1164,0.006741964,0.006741964,1208,44,1.000,RASTER_BOUNDARY_DIFFERENCE
CF4PPPCAZgulnXoSl3hj,354,train,person,CANONICAL_POLYGON,569740,571064,1,1,0,0,0,5.115921,83,0.997419192,0.998707929,0.996389248,0.996389248,0.000000000,-0.001029945,1324,0.002323867,0.002323867,1399,75,1.000,RASTER_BOUNDARY_DIFFERENCE
CF4PPPCAZgulnXoSl3hj,355,train,person,CANONICAL_POLYGON,610490,611446,1,1,0,0,0,5.204876,59,0.998122778,0.999060507,0.996056431,0.996056431,0.000000000,-0.002066347,956,0.001565955,0.001565955,1052,96,1.000,RASTER_BOUNDARY_DIFFERENCE
CF4PPPCAZgulnXoSl3hj,356,train,helmet_on_head,CANONICAL_POLYGON,39640,40112,2,1,0,0,0,4.286807,33,0.987242101,0.993580098,0.988714107,0.988714107,0.000000000,0.001472006,472,0.011907164,0.011907164,492,20,1.000,RASTER_BOUNDARY_DIFFERENCE|MULTI_COMPONENT_APPROXIMATION
CF4PPPCAZgulnXoSl3hj,357,train,helmet_on_head,CANONICAL_POLYGON,51248,51492,1,1,0,0,0,4.329983,17,0.994602885,0.997294141,0.988063507,0.988063507,0.000000000,-0.006539378,244,0.004761161,0.004761161,261,17,1.000,RASTER_BOUNDARY_DIFFERENCE
CF4PPPCAZgulnXoSl3hj,358,train,vest_on_body,CANONICAL_RLE,240286,240439,3,3,1,0,0,5.092693,799,0.994519195,0.997252067,1.000000000,0.999929256,0.000070744,0.005410061,153,0.000636741,0.000636741,737,584,1.000,MULTI_COMPONENT_APPROXIMATION|COMPONENT_JOIN_APPROXIMATION
CF4PPPCAZgulnXoSl3hj,359,train,vest_on_body,CANONICAL_RLE,347456,347036,1,1,0,0,0,4.864151,516,0.994274113,0.997128837,1.000000000,1.000000000,0.000000000,0.005725887,420,0.001208786,-0.001208786,787,1207,1.000,SERIALIZATION_ONLY
CGks86YYT3ldFKEyDmBe,360,train,person,CANONICAL_POLYGON,371006,372542,1,1,0,0,0,5.357265,82,0.995651987,0.997821257,0.995432589,0.995432589,0.000000000,-0.000219398,1536,0.004140095,0.004140095,1578,42,1.000,RASTER_BOUNDARY_DIFFERENCE
CVIS4alNHovwaIjoYMxe,364,train,person,CANONICAL_POLYGON,67393,68194,1,1,0,0,0,6.746910,68,0.987321549,0.993620332,0.985877320,0.985877320,0.000000000,-0.001444229,801,0.011885507,0.011885507,833,32,1.000,RASTER_BOUNDARY_DIFFERENCE
Cd1T5uyp8ZPWDdHbg0nr,365,train,person,CANONICAL_RLE,316699,316694,2,2,1,4,183,7.683832,1424,0.992171504,0.996070370,0.999422498,0.999416190,0.000006308,0.007244687,5,0.000015788,-0.000015788,1242,1247,1.000,RASTER_BOUNDARY_DIFFERENCE|MULTI_COMPONENT_APPROXIMATION|COMPONENT_JOIN_APPROXIMATION|HOLE_FILL_APPROXIMATION
Cd1T5uyp8ZPWDdHbg0nr,366,train,person,CANONICAL_RLE,185741,185829,4,4,1,2,283,5.302350,814,0.992920164,0.996447507,0.998478691,0.998371353,0.000107338,0.005451189,88,0.000473778,0.000473778,704,616,1.000,RASTER_BOUNDARY_DIFFERENCE|MULTI_COMPONENT_APPROXIMATION|COMPONENT_JOIN_APPROXIMATION|HOLE_FILL_APPROXIMATION
Cd1T5uyp8ZPWDdHbg0nr,367,train,person,CANONICAL_RLE,244722,244987,2,2,1,0,0,5.590843,1244,0.994229587,0.997106445,1.000000000,0.999628288,0.000371712,0.005398701,265,0.001082861,0.001082861,841,576,1.000,MULTI_COMPONENT_APPROXIMATION|COMPONENT_JOIN_APPROXIMATION
Cd1T5uyp8ZPWDdHbg0nr,368,train,person,CANONICAL_RLE,262027,262191,1,1,0,2,51,5.257757,1057,0.995310686,0.997649833,0.999805401,0.999805401,0.000000000,0.004494715,164,0.000625890,0.000625890,698,534,1.000,RASTER_BOUNDARY_DIFFERENCE|HOLE_FILL_APPROXIMATION
CoVIro6CIADvOn5LnoQw,369,train,person,CANONICAL_POLYGON,3294392,3298006,1,1,0,0,0,4.557788,149,0.998809034,0.999404162,0.998626377,0.998626377,0.000000000,-0.000182657,3614,0.001097016,0.001097016,3771,157,1.000,RASTER_BOUNDARY_DIFFERENCE
CoVIro6CIADvOn5LnoQw,370,train,helmet_on_head,CANONICAL_RLE,626977,627090,2,2,1,0,0,6.043829,1703,0.996635832,0.998315082,1.000000000,0.999995215,0.000004785,0.003359383,113,0.000180230,0.000180230,1113,1000,1.000,MULTI_COMPONENT_APPROXIMATION|COMPONENT_JOIN_APPROXIMATION
D2TlRBeF3Z3XnwTXgwdf,371,train,vest_on_body,CANONICAL_RLE,111175,111196,1,1,0,0,0,4.867120,598,0.993482685,0.996730689,1.000000000,1.000000000,0.000000000,0.006517315,21,0.000188891,0.000188891,374,353,1.000,SERIALIZATION_ONLY
D2TlRBeF3Z3XnwTXgwdf,372,train,vest_on_body,CANONICAL_RLE,65445,65557,2,2,1,0,0,7.724782,618,0.986052364,0.992977206,1.000000000,0.999923606,0.000076394,0.013871242,112,0.001711361,0.001711361,516,404,1.000,MULTI_COMPONENT_APPROXIMATION|COMPONENT_JOIN_APPROXIMATION
D2TlRBeF3Z3XnwTXgwdf,373,train,person,CANONICAL_RLE,151659,151849,1,1,0,0,0,5.553881,790,0.993772499,0.996876524,1.000000000,1.000000000,0.000000000,0.006227501,190,0.001252811,0.001252811,569,379,1.000,SERIALIZATION_ONLY
D2TlRBeF3Z3XnwTXgwdf,374,train,person,CANONICAL_RLE,112848,113000,1,1,0,0,0,5.220907,657,0.993450726,0.996714605,1.000000000,1.000000000,0.000000000,0.006549274,152,0.001346945,0.001346945,447,295,1.000,SERIALIZATION_ONLY
D2TlRBeF3Z3XnwTXgwdf,375,train,helmet_on_head,CANONICAL_POLYGON,17081,17303,1,1,0,0,0,3.927063,19,0.986136784,0.993020009,0.983731395,0.983731395,0.000000000,-0.002405389,222,0.012996897,0.012996897,231,9,1.000,RASTER_BOUNDARY_DIFFERENCE
D2TlRBeF3Z3XnwTXgwdf,376,train,helmet_on_head,CANONICAL_POLYGON,20793,21008,1,1,0,0,0,3.793704,18,0.989103022,0.994521662,0.985851296,0.985851296,0.000000000,-0.003251725,215,0.010340018,0.010340018,222,7,1.000,RASTER_BOUNDARY_DIFFERENCE
DOt8L8n8BNwvRpo1BFy7,379,train,person,CANONICAL_RLE,18927,18967,1,1,0,0,0,5.944169,291,0.978179161,0.988969230,1.000000000,1.000000000,0.000000000,0.021820839,40,0.002113383,0.002113383,229,189,1.000,SERIALIZATION_ONLY
DOt8L8n8BNwvRpo1BFy7,380,train,person,CANONICAL_RLE,13524,13618,3,3,1,0,0,7.558591,368,0.968808937,0.984157394,1.000000000,0.997198053,0.002801947,0.028389117,94,0.006950606,0.006950606,262,168,1.000,MULTI_COMPONENT_APPROXIMATION|COMPONENT_JOIN_APPROXIMATION
DQK6LrJqCXecgKPqH5UV,381,train,person,CANONICAL_POLYGON,285897,287098,1,1,0,0,0,6.343884,94,0.995497033,0.997743436,0.993917622,0.993917622,0.000000000,-0.001579411,1201,0.004200814,0.004200814,1247,46,1.000,RASTER_BOUNDARY_DIFFERENCE
DQK6LrJqCXecgKPqH5UV,382,train,helmet_on_head,CANONICAL_POLYGON,10065,10354,1,1,0,0,0,6.968243,38,0.970565528,0.985062932,0.962760342,0.962760342,0.000000000,-0.007805186,289,0.028713363,0.028713363,297,8,1.000,RASTER_BOUNDARY_DIFFERENCE
DcP4LlxYQwLImU646IZ7,391,train,person,CANONICAL_POLYGON,40657,41107,1,1,0,0,0,5.944502,45,0.987940676,0.993933761,0.985085847,0.985085847,0.000000000,-0.002854829,450,0.011068205,0.011068205,473,23,1.000,RASTER_BOUNDARY_DIFFERENCE
DcP4LlxYQwLImU646IZ7,392,train,helmet_on_head,CANONICAL_POLYGON,1524,1537,1,1,0,0,0,4.222833,11,0.973565442,0.986605684,0.931013052,0.931013052,0.000000000,-0.042552390,13,0.008530184,0.008530184,27,14,1.000,RASTER_BOUNDARY_DIFFERENCE
DcP4LlxYQwLImU646IZ7,393,train,vest_on_body,CANONICAL_POLYGON,4777,4962,1,1,0,0,0,4.945659,16,0.962321177,0.980798850,0.962648900,0.962648900,0.000000000,0.000327723,185,0.038727235,0.038727235,186,1,1.000,RASTER_BOUNDARY_DIFFERENCE
DcP4LlxYQwLImU646IZ7,394,train,vest_on_body,CANONICAL_POLYGON,2072,2212,1,1,0,0,0,6.655502,13,0.934959350,0.966386555,0.935411021,0.935411021,0.000000000,0.000451671,140,0.067567568,0.067567568,142,2,2.000,RASTER_BOUNDARY_DIFFERENCE
Df656VZ1wmrTjmmkqq3j,395,train,person,CANONICAL_POLYGON,979628,982018,1,1,0,0,0,5.226323,120,0.997425890,0.998711286,0.997186853,0.997186853,0.000000000,-0.000239037,2390,0.002439702,0.002439702,2459,69,1.000,RASTER_BOUNDARY_DIFFERENCE
FBzxttXYsNSZKcVNofUI,418,train,person,CANONICAL_POLYGON,44330,45021,1,1,0,0,0,5.842821,49,0.984254941,0.992065002,0.985619838,0.985619838,0.000000000,0.001364897,691,0.015587638,0.015587638,700,9,1.000,RASTER_BOUNDARY_DIFFERENCE
FBzxttXYsNSZKcVNofUI,419,train,person,CANONICAL_POLYGON,43309,43834,1,1,0,0,0,5.389882,45,0.987388250,0.993654109,0.986068994,0.986068994,0.000000000,-0.001319256,525,0.012122192,0.012122192,539,14,1.000,RASTER_BOUNDARY_DIFFERENCE
FBzxttXYsNSZKcVNofUI,420,train,person,CANONICAL_POLYGON,45612,46160,1,1,0,0,0,5.789516,50,0.987826803,0.993876128,0.985875278,0.985875278,0.000000000,-0.001951524,548,0.012014382,0.012014382,555,7,1.000,RASTER_BOUNDARY_DIFFERENCE
FbZqQM7gZbTKYNSbQPNc,421,train,vest_on_body,CANONICAL_RLE,110702,110920,2,2,1,0,0,9.308620,903,0.986999713,0.993457328,1.000000000,0.999512442,0.000487558,0.012512729,218,0.001969251,0.001969251,834,616,1.000,MULTI_COMPONENT_APPROXIMATION|COMPONENT_JOIN_APPROXIMATION
FbZqQM7gZbTKYNSbQPNc,422,train,vest_on_body,CANONICAL_RLE,142786,142847,2,2,1,0,0,5.876436,674,0.992904239,0.996439487,1.000000000,0.999614956,0.000385044,0.006710718,61,0.000427213,0.000427213,539,478,1.000,MULTI_COMPONENT_APPROXIMATION|COMPONENT_JOIN_APPROXIMATION
FbZqQM7gZbTKYNSbQPNc,423,train,helmet_on_head,CANONICAL_RLE,12603,12568,4,3,1,0,0,7.699762,333,0.971104150,0.985340273,0.999920654,0.998573693,0.001346961,0.027469542,35,0.002777117,-0.002777117,167,202,1.000,RASTER_BOUNDARY_DIFFERENCE|MULTI_COMPONENT_APPROXIMATION|COMPONENT_JOIN_APPROXIMATION
FbZqQM7gZbTKYNSbQPNc,424,train,helmet_on_head,CANONICAL_RLE,16888,16948,3,3,1,0,0,7.199762,416,0.970072780,0.984809079,1.000000000,0.999230815,0.000769185,0.029158035,60,0.003552819,0.003552819,287,227,1.000,MULTI_COMPONENT_APPROXIMATION|COMPONENT_JOIN_APPROXIMATION
FbZqQM7gZbTKYNSbQPNc,425,train,person,CANONICAL_RLE,318290,318727,4,4,1,0,0,8.547970,1356,0.992359178,0.996164938,1.000000000,0.999469319,0.000530681,0.007110141,437,0.001372962,0.001372962,1440,1003,1.000,MULTI_COMPONENT_APPROXIMATION|COMPONENT_JOIN_APPROXIMATION
FbZqQM7gZbTKYNSbQPNc,426,train,person,CANONICAL_RLE,26067,26179,2,2,1,0,0,8.592823,451,0.969540468,0.984534701,1.000000000,0.997856295,0.002143705,0.028315827,112,0.004296620,0.004296620,460,348,1.000,MULTI_COMPONENT_APPROXIMATION|COMPONENT_JOIN_APPROXIMATION
FbZqQM7gZbTKYNSbQPNc,427,train,person,CANONICAL_RLE,371545,372129,7,7,1,0,0,11.283566,2354,0.990711295,0.995333977,1.000000000,0.998583607,0.001416393,0.007872312,584,0.001571815,0.001571815,2027,1443,1.000,MULTI_COMPONENT_APPROXIMATION|COMPONENT_JOIN_APPROXIMATION
FbZqQM7gZbTKYNSbQPNc,428,train,person,CANONICAL_RLE,39602,39826,3,3,1,0,0,8.141754,640,0.978232174,0.988996324,1.000000000,0.995800749,0.004199251,0.017568576,224,0.005656280,0.005656280,549,325,1.000,MULTI_COMPONENT_APPROXIMATION|COMPONENT_JOIN_APPROXIMATION
FbZqQM7gZbTKYNSbQPNc,429,train,person,CANONICAL_RLE,21264,21611,8,7,1,0,0,10.530056,421,0.951702476,0.975253644,0.999482694,0.987455280,0.012027413,0.035752804,347,0.016318661,0.016318661,704,357,1.000,RASTER_BOUNDARY_DIFFERENCE|MULTI_COMPONENT_APPROXIMATION|COMPONENT_JOIN_APPROXIMATION
Fclex3JhZn6KA5UzhPqs,430,train,person,CANONICAL_POLYGON,1185860,1188305,1,1,0,0,0,4.667948,104,0.997794501,0.998896033,0.997744755,0.997744755,0.000000000,-0.000049746,2445,0.002061795,0.002061795,2533,88,1.000,RASTER_BOUNDARY_DIFFERENCE
Fclex3JhZn6KA5UzhPqs,431,train,vest_on_body,CANONICAL_POLYGON,366112,367563,1,1,0,0,0,5.558476,113,0.995699457,0.997845095,0.995208649,0.995208649,0.000000000,-0.000490808,1451,0.003963268,0.003963268,1516,65,1.000,RASTER_BOUNDARY_DIFFERENCE
Fclex3JhZn6KA5UzhPqs,432,train,helmet_loose,CANONICAL_POLYGON,82002,82661,1,1,0,0,0,4.143255,34,0.991473562,0.995718528,0.991634686,0.991634686,0.000000000,0.000161124,659,0.008036389,0.008036389,682,23,1.000,RASTER_BOUNDARY_DIFFERENCE
FdDCioACvsve0FOYsuw2,433,train,vest_on_body,CANONICAL_RLE,170862,171107,3,3,1,0,0,8.756287,1414,0.989417897,0.994680804,1.000000000,0.999309861,0.000690139,0.009891964,245,0.001433906,0.001433906,1032,787,1.000,MULTI_COMPONENT_APPROXIMATION|COMPONENT_JOIN_APPROXIMATION
FdDCioACvsve0FOYsuw2,434,train,person,CANONICAL_RLE,347242,349255,2,2,1,1,1680,7.534091,1812,0.988928772,0.994433573,0.995185170,0.995048285,0.000136885,0.006119513,2013,0.005797110,0.005797110,2945,932,1.000,RASTER_BOUNDARY_DIFFERENCE|MULTI_COMPONENT_APPROXIMATION|COMPONENT_JOIN_APPROXIMATION|HOLE_FILL_APPROXIMATION
FnmvDGwRQ2lAaLFhuOWQ,435,train,person,CANONICAL_POLYGON,722637,724436,1,1,0,0,0,5.483721,141,0.997276829,0.998636558,0.996340503,0.996340503,0.000000000,-0.000936326,1799,0.002489493,0.002489493,1886,87,0.000,RASTER_BOUNDARY_DIFFERENCE
FnmvDGwRQ2lAaLFhuOWQ,436,train,helmet_on_head,CANONICAL_POLYGON,92107,92483,1,1,0,0,0,4.222668,37,0.995610716,0.997800531,0.992451284,0.992451284,0.000000000,-0.003159432,376,0.004082209,0.004082209,391,15,1.000,RASTER_BOUNDARY_DIFFERENCE
FxSzogHP5qjTmbBVRQ5K,440,train,person,CANONICAL_POLYGON,150722,151679,1,1,0,0,0,6.912041,96,0.993348934,0.996663371,0.990699816,0.990699816,0.000000000,-0.002649118,957,0.006349438,0.006349438,983,26,1.000,RASTER_BOUNDARY_DIFFERENCE
FxSzogHP5qjTmbBVRQ5K,441,train,person,CANONICAL_POLYGON,28941,29538,1,1,0,0,0,6.946022,48,0.977445643,0.988594196,0.980400800,0.980400800,0.000000000,0.002955157,597,0.020628175,0.020628175,632,35,1.000,RASTER_BOUNDARY_DIFFERENCE
FxSzogHP5qjTmbBVRQ5K,442,train,vest_on_body,CANONICAL_POLYGON,48439,48773,1,1,0,0,0,4.258410,36,0.992620834,0.996296753,0.989796962,0.989796962,0.000000000,-0.002823872,334,0.006895270,0.006895270,347,13,1.000,RASTER_BOUNDARY_DIFFERENCE
FyyZcyYXsPHz2XgfCwAs,443,train,person,CANONICAL_POLYGON,75867,76451,1,1,0,0,0,4.944347,52,0.991475453,0.995719482,0.990213883,0.990213883,0.000000000,-0.001261569,584,0.007697681,0.007697681,618,34,2.000,RASTER_BOUNDARY_DIFFERENCE
FyyZcyYXsPHz2XgfCwAs,444,train,helmet_on_head,CANONICAL_POLYGON,4232,4343,1,1,0,0,0,4.757030,18,0.966743119,0.983090379,0.959407070,0.959407070,0.000000000,-0.007336050,111,0.026228733,0.026228733,128,17,1.000,RASTER_BOUNDARY_DIFFERENCE
FyyZcyYXsPHz2XgfCwAs,445,train,vest_on_body,CANONICAL_POLYGON,34924,35435,1,1,0,0,0,4.612133,36,0.985299097,0.992595119,0.986987638,0.986987638,0.000000000,0.001688541,511,0.014631772,0.014631772,516,5,1.000,RASTER_BOUNDARY_DIFFERENCE
G4gekWExHFiC5oxkqJg6,446,train,person,CANONICAL_RLE,32881,32648,2,2,1,0,0,10.431468,639,0.967010866,0.983228799,1.000000000,0.999908770,0.000091230,0.032897904,233,0.007086159,-0.007086159,433,666,1.000,MULTI_COMPONENT_APPROXIMATION|COMPONENT_JOIN_APPROXIMATION
G4gekWExHFiC5oxkqJg6,447,train,person,CANONICAL_RLE,129664,129904,4,3,1,0,0,8.090392,1317,0.988904895,0.994421500,0.999984576,0.999136961,0.000847614,0.010232066,240,0.001850938,0.001850938,844,604,1.000,RASTER_BOUNDARY_DIFFERENCE|MULTI_COMPONENT_APPROXIMATION|COMPONENT_JOIN_APPROXIMATION
G4gekWExHFiC5oxkqJg6,448,train,person,CANONICAL_RLE,69215,69250,1,1,0,0,0,4.802117,475,0.990555052,0.995255119,1.000000000,1.000000000,0.000000000,0.009444948,35,0.000505671,0.000505671,346,311,1.000,SERIALIZATION_ONLY
G4gekWExHFiC5oxkqJg6,449,train,person,CANONICAL_RLE,39431,39512,1,1,0,0,0,7.830003,666,0.980854641,0.990334799,1.000000000,1.000000000,0.000000000,0.019145359,81,0.002054221,0.002054221,422,341,1.000,SERIALIZATION_ONLY
G4gekWExHFiC5oxkqJg6,450,train,person,CANONICAL_RLE,244556,246474,19,13,1,13,1253,10.496467,2184,0.983542852,0.991703155,0.994833387,0.993305902,0.001527485,0.009763050,1918,0.007842784,0.007842784,2996,1078,1.000,RASTER_BOUNDARY_DIFFERENCE|MULTI_COMPONENT_APPROXIMATION|COMPONENT_JOIN_APPROXIMATION|HOLE_FILL_APPROXIMATION
G4gekWExHFiC5oxkqJg6,451,train,person,CANONICAL_RLE,50206,54162,1,1,0,2,3862,5.850368,508,0.917542441,0.956998314,0.928571429,0.928571429,0.000000000,0.011028987,3956,0.078795363,0.078795363,4222,266,1.000,RASTER_BOUNDARY_DIFFERENCE|HOLE_FILL_APPROXIMATION
GAAQsDQ6cH9YB5cJ6aHb,454,train,vest_on_body,CANONICAL_RLE,30815,30852,1,1,0,0,0,7.830252,620,0.979424793,0.989605462,1.000000000,1.000000000,0.000000000,0.020575207,37,0.001200714,0.001200714,339,302,1.000,SERIALIZATION_ONLY
GAAQsDQ6cH9YB5cJ6aHb,455,train,helmet_on_head,CANONICAL_RLE,16146,16191,1,1,0,0,0,4.287050,247,0.983013430,0.991433961,1.000000000,1.000000000,0.000000000,0.016986570,45,0.002787068,0.002787068,161,116,1.000,SERIALIZATION_ONLY
GAAQsDQ6cH9YB5cJ6aHb,456,train,person,CANONICAL_RLE,169156,171983,9,6,1,3,2456,8.489440,1521,0.974743996,0.987210492,0.985671165,0.984134372,0.001536793,0.009390376,2827,0.016712384,0.016712384,3595,768,1.000,RASTER_BOUNDARY_DIFFERENCE|MULTI_COMPONENT_APPROXIMATION|COMPONENT_JOIN_APPROXIMATION|HOLE_FILL_APPROXIMATION
GI3xss1sRRS18wHohAkx,463,train,person,CANONICAL_POLYGON,129218,130018,1,1,0,0,0,6.383151,68,0.993203137,0.996589980,0.990236008,0.990236008,0.000000000,-0.002967129,800,0.006191088,0.006191088,842,42,1.000,RASTER_BOUNDARY_DIFFERENCE
GI3xss1sRRS18wHohAkx,464,train,vest_on_body,CANONICAL_POLYGON,34186,34495,1,1,0,0,0,4.916497,26,0.989830803,0.994889416,0.986105093,0.986105093,0.000000000,-0.003725710,309,0.009038788,0.009038788,330,21,1.000,RASTER_BOUNDARY_DIFFERENCE
Gbgzj50ZzCdiYvoAOmpo,466,train,vest_on_body,CANONICAL_POLYGON,246561,247291,1,1,0,0,0,4.861166,68,0.996555516,0.998274787,0.995155293,0.995155293,0.000000000,-0.001400223,730,0.002960728,0.002960728,791,61,1.000,RASTER_BOUNDARY_DIFFERENCE
Gbgzj50ZzCdiYvoAOmpo,467,train,person,CANONICAL_POLYGON,488203,489696,1,1,0,0,0,6.632940,131,0.996478241,0.998236014,0.994851982,0.994851982,0.000000000,-0.001626259,1493,0.003058154,0.003058154,1609,116,1.000,RASTER_BOUNDARY_DIFFERENCE
GgFocHO8SbtIBUGEFc8E,468,train,person,CANONICAL_RLE,26212,26532,1,1,0,3,246,8.602508,590,0.967032147,0.983239800,0.990702245,0.990702245,0.000000000,0.023670098,320,0.012208149,0.012208149,602,282,1.000,RASTER_BOUNDARY_DIFFERENCE|HOLE_FILL_APPROXIMATION
HKL8h8X9rHt0XCXlAVNL,477,train,vest_on_body,CANONICAL_RLE,149894,150321,5,5,1,0,0,8.991189,1368,0.986179475,0.993041653,1.000000000,0.998447981,0.001552019,0.012268506,427,0.002848680,0.002848680,1258,831,1.000,MULTI_COMPONENT_APPROXIMATION|COMPONENT_JOIN_APPROXIMATION
HKL8h8X9rHt0XCXlAVNL,478,train,person,CANONICAL_RLE,360715,361175,2,2,1,1,3,6.109018,1328,0.995494250,0.997742038,0.999991683,0.999861406,0.000130278,0.004367155,460,0.001275245,0.001275245,1045,585,0.000,RASTER_BOUNDARY_DIFFERENCE|MULTI_COMPONENT_APPROXIMATION|COMPONENT_JOIN_APPROXIMATION|HOLE_FILL_APPROXIMATION
HKL8h8X9rHt0XCXlAVNL,479,train,helmet_on_head,CANONICAL_RLE,22339,22337,1,1,0,0,0,5.171260,365,0.983660421,0.991762915,1.000000000,1.000000000,0.000000000,0.016339579,2,0.000089530,-0.000089530,183,185,1.000,SERIALIZATION_ONLY
HY3Mq3OzeaAt6PXtTxKq,482,train,person,CANONICAL_POLYGON,704977,707433,1,1,0,0,0,5.469791,120,0.996223540,0.998108198,0.996528583,0.996528583,0.000000000,0.000305043,2456,0.003483802,0.003483802,2564,108,1.000,RASTER_BOUNDARY_DIFFERENCE
HY3Mq3OzeaAt6PXtTxKq,483,train,helmet_loose,CANONICAL_POLYGON,122515,123123,1,1,0,0,0,4.737312,52,0.994446294,0.997215415,0.992888132,0.992888132,0.000000000,-0.001558162,608,0.004962658,0.004962658,646,38,1.000,RASTER_BOUNDARY_DIFFERENCE
HYb9stwdqDCKBBrTeTLe,484,train,vest_on_body,CANONICAL_RLE,178113,178301,1,1,0,0,0,4.611281,538,0.995062917,0.997525350,1.000000000,1.000000000,0.000000000,0.004937083,188,0.001055510,0.001055510,535,347,1.000,SERIALIZATION_ONLY
HYb9stwdqDCKBBrTeTLe,485,train,person,CANONICAL_RLE,415389,415567,1,1,0,0,0,5.062943,1108,0.996568891,0.998281497,1.000000000,1.000000000,0.000000000,0.003431109,178,0.000428514,0.000428514,803,625,1.000,SERIALIZATION_ONLY
HYb9stwdqDCKBBrTeTLe,486,train,helmet_on_head,CANONICAL_RLE,88871,88989,1,1,0,0,0,6.426181,793,0.990108759,0.995029799,1.000000000,1.000000000,0.000000000,0.009891241,118,0.001327767,0.001327767,501,383,1.000,SERIALIZATION_ONLY
HYomb2CyhaWUoXglExmz,487,train,vest_on_body,CANONICAL_RLE,176717,176736,1,1,0,0,0,5.738656,932,0.993283405,0.996630387,1.000000000,1.000000000,0.000000000,0.006716595,19,0.000107517,0.000107517,605,586,1.000,SERIALIZATION_ONLY
HYomb2CyhaWUoXglExmz,488,train,vest_on_body,CANONICAL_RLE,138588,139300,6,5,1,2,5,7.792542,1006,0.986801747,0.993357036,0.999942277,0.996505382,0.003436895,0.009703635,712,0.005137530,0.005137530,1279,567,1.000,RASTER_BOUNDARY_DIFFERENCE|MULTI_COMPONENT_APPROXIMATION|COMPONENT_JOIN_APPROXIMATION|HOLE_FILL_APPROXIMATION
HYomb2CyhaWUoXglExmz,489,train,vest_on_body,CANONICAL_RLE,75275,76247,9,9,1,1,14,10.008484,1175,0.970377113,0.984965880,0.999814050,0.987355553,0.012458497,0.016978440,972,0.012912654,0.012912654,1625,653,1.000,RASTER_BOUNDARY_DIFFERENCE|MULTI_COMPONENT_APPROXIMATION|COMPONENT_JOIN_APPROXIMATION|HOLE_FILL_APPROXIMATION
HYomb2CyhaWUoXglExmz,490,train,vest_on_body,CANONICAL_RLE,25564,25626,1,1,0,0,0,6.883053,469,0.978892841,0.989333854,1.000000000,1.000000000,0.000000000,0.021107159,62,0.002425286,0.002425286,304,242,1.000,SERIALIZATION_ONLY
HYomb2CyhaWUoXglExmz,491,train,person,CANONICAL_RLE,235028,237303,2,1,0,3,2278,5.784377,1108,0.983933837,0.991901865,0.990375296,0.990375296,0.000000000,0.006441459,2275,0.009679698,0.009679698,3050,775,1.000,RASTER_BOUNDARY_DIFFERENCE|MULTI_COMPONENT_APPROXIMATION|HOLE_FILL_APPROXIMATION
HYomb2CyhaWUoXglExmz,492,train,person,CANONICAL_RLE,210815,211039,3,3,1,0,0,6.177429,1030,0.992433689,0.996202478,1.000000000,0.999478488,0.000521512,0.007044799,224,0.001062543,0.001062543,913,689,1.000,MULTI_COMPONENT_APPROXIMATION|COMPONENT_JOIN_APPROXIMATION
HYomb2CyhaWUoXglExmz,493,train,person,CANONICAL_RLE,48973,49007,1,1,0,0,0,5.697463,568,0.987746490,0.993835477,1.000000000,1.000000000,0.000000000,0.012253510,34,0.000694260,0.000694260,319,285,1.000,SERIALIZATION_ONLY
HYomb2CyhaWUoXglExmz,494,train,person,CANONICAL_RLE,133339,135516,9,6,1,1,1,8.679145,1367,0.973305638,0.986472262,0.999947503,0.984835951,0.015111552,0.011530312,2177,0.016326806,0.016326806,2907,730,4.000,RASTER_BOUNDARY_DIFFERENCE|MULTI_COMPONENT_APPROXIMATION|COMPONENT_JOIN_APPROXIMATION|HOLE_FILL_APPROXIMATION
HYomb2CyhaWUoXglExmz,495,train,helmet_on_head,CANONICAL_RLE,13327,13384,1,1,0,0,0,4.874437,209,0.977567187,0.988656359,1.000000000,1.000000000,0.000000000,0.022432813,57,0.004277032,0.004277032,180,123,1.000,SERIALIZATION_ONLY
HYomb2CyhaWUoXglExmz,496,train,helmet_on_head,CANONICAL_RLE,28614,28669,1,1,0,0,0,4.166455,308,0.988716845,0.994326414,1.000000000,1.000000000,0.000000000,0.011283155,55,0.001922136,0.001922136,190,135,1.000,SERIALIZATION_ONLY
HYomb2CyhaWUoXglExmz,497,train,helmet_on_head,CANONICAL_RLE,22329,22288,1,1,0,0,0,4.538994,252,0.983330370,0.991595132,1.000000000,1.000000000,0.000000000,0.016669630,41,0.001836177,-0.001836177,167,208,1.000,SERIALIZATION_ONLY
HYomb2CyhaWUoXglExmz,498,train,helmet_on_head,CANONICAL_RLE,7596,7602,1,1,0,0,0,4.237994,166,0.974792100,0.987235163,1.000000000,1.000000000,0.000000000,0.025207900,6,0.000789889,0.000789889,100,94,1.000,SERIALIZATION_ONLY
IGdAVWEbTKrgM8llrZbm,518,train,person,CANONICAL_POLYGON,1059016,1061815,1,1,0,0,0,5.168100,101,0.997247327,0.998621767,0.997232688,0.997232688,0.000000000,-0.000014639,2799,0.002643020,0.002643020,2861,62,1.000,RASTER_BOUNDARY_DIFFERENCE
IGdAVWEbTKrgM8llrZbm,519,train,vest_on_body,CANONICAL_POLYGON,409392,411435,1,1,0,0,0,5.770792,90,0.994714472,0.997350233,0.995461555,0.995461555,0.000000000,0.000747082,2043,0.004990327,0.004990327,2109,66,1.000,RASTER_BOUNDARY_DIFFERENCE
IGdAVWEbTKrgM8llrZbm,520,train,helmet_on_head,CANONICAL_POLYGON,159584,160127,1,1,0,0,0,4.048935,40,0.996047998,0.998020087,0.994400658,0.994400658,0.000000000,-0.001647340,543,0.003402597,0.003402597,588,45,1.000,RASTER_BOUNDARY_DIFFERENCE
IdQmnhilWUB8CW2LFhdD,525,train,helmet_loose,CANONICAL_RLE,171126,171210,1,1,0,0,0,4.181112,758,0.995139435,0.997563797,1.000000000,1.000000000,0.000000000,0.004860565,84,0.000490866,0.000490866,459,375,1.000,SERIALIZATION_ONLY
IdlpHmd45MACc3eXTRqN,526,train,person,CANONICAL_POLYGON,478381,479634,1,1,0,0,0,5.264333,124,0.996863015,0.998429043,0.995932318,0.995932318,0.000000000,-0.000930697,1253,0.002619251,0.002619251,1379,126,1.000,RASTER_BOUNDARY_DIFFERENCE
IyVJr4DcosMWf0wZS1uN,538,train,helmet_loose,CANONICAL_POLYGON,149670,150361,1,1,0,0,0,3.898281,38,0.995085946,0.997536921,0.994169542,0.994169542,0.000000000,-0.000916404,691,0.004616824,0.004616824,715,24,1.000,RASTER_BOUNDARY_DIFFERENCE
J3hznbBPysK0tWYT9WUi,540,train,vest_on_body,CANONICAL_POLYGON,112217,112943,1,1,0,0,0,4.614202,51,0.992866183,0.996420323,0.992538568,0.992538568,0.000000000,-0.000327615,726,0.006469608,0.006469608,766,40,1.000,RASTER_BOUNDARY_DIFFERENCE
J3hznbBPysK0tWYT9WUi,541,train,person,CANONICAL_POLYGON,297698,298776,1,1,0,0,0,5.815211,88,0.996057907,0.998025061,0.994472664,0.994472664,0.000000000,-0.001585243,1078,0.003621119,0.003621119,1128,50,0.000,RASTER_BOUNDARY_DIFFERENCE
J43xY0jaSQexxzdN3Uoe,542,train,person,CANONICAL_POLYGON,828347,830391,1,1,0,0,0,5.050153,99,0.997372541,0.998684542,0.997177815,0.997177815,0.000000000,-0.000194726,2044,0.002467565,0.002467565,2113,69,1.000,RASTER_BOUNDARY_DIFFERENCE
J43xY0jaSQexxzdN3Uoe,543,train,vest_on_body,CANONICAL_RLE,306057,306657,7,7,1,11,69,6.143550,950,0.995050746,0.997519234,0.999774603,0.999307798,0.000466805,0.004257052,600,0.001960419,0.001960419,1060,460,1.000,RASTER_BOUNDARY_DIFFERENCE|MULTI_COMPONENT_APPROXIMATION|COMPONENT_JOIN_APPROXIMATION|HOLE_FILL_APPROXIMATION
JFPLvXzjr38rcbgvCedz,551,train,helmet_on_head,CANONICAL_RLE,6503,6493,1,1,0,0,0,4.245869,156,0.969986357,0.984764543,1.000000000,1.000000000,0.000000000,0.030013643,10,0.001537752,-0.001537752,94,104,1.000,SERIALIZATION_ONLY
JFPLvXzjr38rcbgvCedz,552,train,person,CANONICAL_RLE,127620,127713,1,1,0,0,0,8.682026,1262,0.988745142,0.994340724,1.000000000,1.000000000,0.000000000,0.011254858,93,0.000728726,0.000728726,769,676,1.000,SERIALIZATION_ONLY
JQnSkF4L5Wmw2aJj0nae,553,train,person,CANONICAL_POLYGON,1611161,1614081,1,1,0,0,0,4.897642,104,0.997907465,0.998952637,0.997970456,0.997970456,0.000000000,0.000062991,2920,0.001812358,0.001812358,3149,229,1.000,RASTER_BOUNDARY_DIFFERENCE
JQnSkF4L5Wmw2aJj0nae,554,train,helmet_on_head,CANONICAL_POLYGON,107606,108279,1,1,0,0,0,4.693451,53,0.993324346,0.996650995,0.991990625,0.991990625,0.000000000,-0.001333721,673,0.006254298,0.006254298,698,25,1.000,RASTER_BOUNDARY_DIFFERENCE
Jn53NESS4TbEWJbuvG70,561,train,person,CANONICAL_POLYGON,34167,34658,1,1,0,0,0,7.299969,62,0.983429395,0.991645478,0.977254475,0.977254475,0.000000000,-0.006174920,491,0.014370592,0.014370592,533,42,1.000,RASTER_BOUNDARY_DIFFERENCE
Jn53NESS4TbEWJbuvG70,562,train,helmet_on_head,CANONICAL_POLYGON,3025,3113,1,1,0,0,0,3.851334,11,0.969201155,0.984359726,0.959808612,0.959808612,0.000000000,-0.009392543,88,0.029090909,0.029090909,92,4,1.000,RASTER_BOUNDARY_DIFFERENCE
Jn53NESS4TbEWJbuvG70,563,train,vest_on_body,CANONICAL_RLE,7534,7579,1,1,0,0,0,8.046200,306,0.959419162,0.979289354,1.000000000,1.000000000,0.000000000,0.040580838,45,0.005972923,0.005972923,179,134,1.000,SERIALIZATION_ONLY
JtlLc8vU4kkL2Jz7ctjA,564,train,person,CANONICAL_POLYGON,340346,341424,1,1,0,0,0,6.553646,99,0.996269640,0.998131335,0.994128873,0.994128873,0.000000000,-0.002140767,1078,0.003167365,0.003167365,1176,98,1.000,RASTER_BOUNDARY_DIFFERENCE
JtlLc8vU4kkL2Jz7ctjA,565,train,helmet_on_head,CANONICAL_POLYGON,17355,17477,1,1,0,0,0,4.530199,21,0.991196479,0.995578778,0.981470988,0.981470988,0.000000000,-0.009725490,122,0.007029674,0.007029674,138,16,0.000,RASTER_BOUNDARY_DIFFERENCE
K0CnIma3AqzHtRo2VNdu,566,train,vest_on_body,CANONICAL_RLE,28815,29085,3,3,1,0,0,9.154225,583,0.966110904,0.982763385,1.000000000,0.992422938,0.007577062,0.026312034,270,0.009370120,0.009370120,634,364,1.000,MULTI_COMPONENT_APPROXIMATION|COMPONENT_JOIN_APPROXIMATION
K0CnIma3AqzHtRo2VNdu,567,train,vest_on_body,CANONICAL_RLE,63418,63599,3,3,1,0,0,8.365606,811,0.984547599,0.992213641,1.000000000,0.998567132,0.001432868,0.014019533,181,0.002854079,0.002854079,585,404,0.000,MULTI_COMPONENT_APPROXIMATION|COMPONENT_JOIN_APPROXIMATION
K0CnIma3AqzHtRo2VNdu,568,train,helmet_on_head,CANONICAL_RLE,20411,20486,1,1,0,0,0,4.544277,295,0.985194893,0.992542240,1.000000000,1.000000000,0.000000000,0.014805107,75,0.003674489,0.003674489,190,115,1.000,SERIALIZATION_ONLY
K0CnIma3AqzHtRo2VNdu,569,train,helmet_on_head,CANONICAL_RLE,18580,18653,1,1,0,0,0,4.715045,260,0.984913104,0.992399216,1.000000000,1.000000000,0.000000000,0.015086896,73,0.003928956,0.003928956,178,105,1.000,SERIALIZATION_ONLY
K0CnIma3AqzHtRo2VNdu,570,train,person,CANONICAL_RLE,139224,139645,4,4,1,0,0,8.220866,1050,0.988186478,0.994058142,1.000000000,0.998708789,0.001291211,0.010522311,421,0.003023904,0.003023904,1039,618,1.000,MULTI_COMPONENT_APPROXIMATION|COMPONENT_JOIN_APPROXIMATION
K0CnIma3AqzHtRo2VNdu,571,train,person,CANONICAL_RLE,224713,227059,1,1,0,5,2095,5.279936,935,0.985278673,0.992584755,0.990763112,0.990763112,0.000000000,0.005484440,2346,0.010439983,0.010439983,2848,502,1.000,RASTER_BOUNDARY_DIFFERENCE|HOLE_FILL_APPROXIMATION
KMRRC0uoR29Yq6wEaJrP,572,train,helmet_loose,CANONICAL_RLE,271336,271487,1,1,0,0,0,3.869927,854,0.996663785,0.998329105,1.000000000,1.000000000,0.000000000,0.003336215,151,0.000556506,0.000556506,529,378,1.000,SERIALIZATION_ONLY
KMRRC0uoR29Yq6wEaJrP,573,train,helmet_loose,CANONICAL_RLE,55929,55985,1,1,0,0,0,4.583587,474,0.990219092,0.995085512,1.000000000,1.000000000,0.000000000,0.009780908,56,0.001001269,0.001001269,303,247,1.000,SERIALIZATION_ONLY
KMRRC0uoR29Yq6wEaJrP,574,train,helmet_loose,CANONICAL_RLE,29289,29303,1,1,0,0,0,4.269742,299,0.988393796,0.994163026,1.000000000,1.000000000,0.000000000,0.011606204,14,0.000477995,0.000477995,178,164,1.000,SERIALIZATION_ONLY
KMRRC0uoR29Yq6wEaJrP,575,train,helmet_loose,CANONICAL_RLE,52511,52544,1,1,0,0,0,4.361983,493,0.991224246,0.995592785,1.000000000,1.000000000,0.000000000,0.008775754,33,0.000628440,0.000628440,248,215,1.000,SERIALIZATION_ONLY
KMRRC0uoR29Yq6wEaJrP,576,train,helmet_loose,CANONICAL_RLE,105393,105414,1,1,0,0,0,4.028511,535,0.993465659,0.996722120,1.000000000,1.000000000,0.000000000,0.006534341,21,0.000199254,0.000199254,356,335,1.000,SERIALIZATION_ONLY
KN9YcUjf4MbiILNfF6d1,577,train,person,CANONICAL_POLYGON,125917,126874,1,1,0,0,0,4.817230,52,0.992190147,0.996079765,0.992978082,0.992978082,0.000000000,0.000787935,957,0.007600245,0.007600245,974,17,1.000,RASTER_BOUNDARY_DIFFERENCE
KN9YcUjf4MbiILNfF6d1,578,train,person,CANONICAL_POLYGON,145309,146527,1,1,0,0,0,5.168418,64,0.991510850,0.995737332,0.992910614,0.992910614,0.000000000,0.001399763,1218,0.008382137,0.008382137,1231,13,1.000,RASTER_BOUNDARY_DIFFERENCE
KN9YcUjf4MbiILNfF6d1,579,train,person,CANONICAL_POLYGON,158131,158809,1,1,0,0,0,4.835634,57,0.994976994,0.997482173,0.993593612,0.993593612,0.000000000,-0.001383381,678,0.004287584,0.004287584,738,60,1.000,RASTER_BOUNDARY_DIFFERENCE
KN9YcUjf4MbiILNfF6d1,580,train,helmet_on_head,CANONICAL_POLYGON,11056,11198,1,1,0,0,0,3.775832,21,0.985900410,0.992900153,0.980976087,0.980976087,0.000000000,-0.004924324,142,0.012843705,0.012843705,150,8,1.000,RASTER_BOUNDARY_DIFFERENCE
KN9YcUjf4MbiILNfF6d1,581,train,helmet_on_head,CANONICAL_POLYGON,7775,7907,1,1,0,0,0,4.417356,19,0.979300770,0.989542150,0.973892306,0.973892306,0.000000000,-0.005408464,132,0.016977492,0.016977492,148,16,1.000,RASTER_BOUNDARY_DIFFERENCE
KN9YcUjf4MbiILNfF6d1,582,train,helmet_on_head,CANONICAL_POLYGON,9448,9626,1,1,0,0,0,4.101750,18,0.980068514,0.989933941,0.977199710,0.977199710,0.000000000,-0.002868805,178,0.018839966,0.018839966,185,7,1.000,RASTER_BOUNDARY_DIFFERENCE
KyqVojaz6oaARWVjEAyG,583,train,vest_on_body,CANONICAL_RLE,9573,9552,1,1,0,0,0,4.753623,192,0.974703149,0.987189542,1.000000000,1.000000000,0.000000000,0.025296851,21,0.002193670,-0.002193670,112,133,1.000,SERIALIZATION_ONLY
KyqVojaz6oaARWVjEAyG,584,train,vest_on_body,CANONICAL_RLE,29215,29308,2,2,1,1,13,5.786051,475,0.981613788,0.990721597,0.999555221,0.999247529,0.000307692,0.017633741,93,0.003183296,0.003183296,318,225,1.000,RASTER_BOUNDARY_DIFFERENCE|MULTI_COMPONENT_APPROXIMATION|COMPONENT_JOIN_APPROXIMATION|HOLE_FILL_APPROXIMATION
KyqVojaz6oaARWVjEAyG,585,train,vest_on_body,CANONICAL_RLE,14153,14196,1,1,0,0,0,5.130648,270,0.978987784,0.989382342,1.000000000,1.000000000,0.000000000,0.021012216,43,0.003038225,0.003038225,172,129,1.000,SERIALIZATION_ONLY
KyqVojaz6oaARWVjEAyG,586,train,helmet_on_head,CANONICAL_RLE,2280,2312,1,1,0,0,0,5.696563,137,0.940008450,0.969076655,1.000000000,1.000000000,0.000000000,0.059991550,32,0.014035088,0.014035088,87,55,1.000,SERIALIZATION_ONLY
KyqVojaz6oaARWVjEAyG,587,train,helmet_on_head,CANONICAL_RLE,3775,3830,1,1,0,1,10,4.924933,128,0.960051546,0.979618672,0.997357992,0.997357992,0.000000000,0.037306446,55,0.014569536,0.014569536,105,50,1.000,RASTER_BOUNDARY_DIFFERENCE|HOLE_FILL_APPROXIMATION
KyqVojaz6oaARWVjEAyG,588,train,helmet_on_head,CANONICAL_RLE,3184,3135,1,1,0,0,0,6.206399,116,0.965474339,0.982433929,1.000000000,1.000000000,0.000000000,0.034525661,49,0.015389447,-0.015389447,31,80,0.000,SERIALIZATION_ONLY
KyqVojaz6oaARWVjEAyG,589,train,person,CANONICAL_RLE,43463,43714,3,3,1,1,15,10.484521,862,0.971572020,0.985581059,0.999654998,0.995966910,0.003688088,0.024394891,251,0.005775027,0.005775027,754,503,1.000,RASTER_BOUNDARY_DIFFERENCE|MULTI_COMPONENT_APPROXIMATION|COMPONENT_JOIN_APPROXIMATION|HOLE_FILL_APPROXIMATION
KyqVojaz6oaARWVjEAyG,590,train,person,CANONICAL_RLE,62715,64210,3,2,1,1,1323,8.969590,925,0.961503987,0.980374237,0.979324776,0.979187159,0.000137616,0.017683172,1495,0.023837997,0.023837997,1993,498,9.000,RASTER_BOUNDARY_DIFFERENCE|MULTI_COMPONENT_APPROXIMATION|COMPONENT_JOIN_APPROXIMATION|HOLE_FILL_APPROXIMATION
KyqVojaz6oaARWVjEAyG,591,train,person,CANONICAL_RLE,91995,92880,6,4,1,6,752,9.279879,1178,0.976955569,0.988343475,0.991859575,0.991421304,0.000438270,0.014465736,885,0.009620088,0.009620088,1520,635,1.000,RASTER_BOUNDARY_DIFFERENCE|MULTI_COMPONENT_APPROXIMATION|COMPONENT_JOIN_APPROXIMATION|HOLE_FILL_APPROXIMATION
LUvZ2w5JsB8sHFevCPRy,613,train,person,CANONICAL_POLYGON,2013,2227,1,1,0,0,0,5.995841,14,0.903052065,0.949056604,0.933023256,0.933023256,0.000000000,0.029971191,214,0.106308992,0.106308992,215,1,1.000,RASTER_BOUNDARY_DIFFERENCE
LgO9XnFYKArvgSB2viem,615,train,helmet_on_head,CANONICAL_POLYGON,18674,18839,1,1,0,0,0,3.811861,23,0.988813487,0.994375283,0.984884520,0.984884520,0.000000000,-0.003928968,165,0.008835815,0.008835815,188,23,1.000,RASTER_BOUNDARY_DIFFERENCE
LgO9XnFYKArvgSB2viem,616,train,person,CANONICAL_POLYGON,187137,188241,1,1,0,0,0,6.275277,112,0.993404493,0.996691335,0.992448525,0.992448525,0.000000000,-0.000955968,1104,0.005899421,0.005899421,1173,69,1.000,RASTER_BOUNDARY_DIFFERENCE
LgO9XnFYKArvgSB2viem,617,train,vest_on_body,CANONICAL_POLYGON,81609,82358,1,1,0,0,0,5.820139,68,0.990301397,0.995127068,0.989034715,0.989034715,0.000000000,-0.001266682,749,0.009177909,0.009177909,774,25,1.000,RASTER_BOUNDARY_DIFFERENCE
LkPWuopeX4IeCkstwBpU,618,train,vest_on_body,CANONICAL_RLE,21452,21439,1,1,0,0,0,9.320194,573,0.970278837,0.984915250,1.000000000,1.000000000,0.000000000,0.029721163,13,0.000606004,-0.000606004,317,330,1.000,SERIALIZATION_ONLY
LkPWuopeX4IeCkstwBpU,619,train,vest_on_body,CANONICAL_RLE,49628,49700,1,1,0,0,0,7.621133,658,0.981961849,0.990898840,1.000000000,1.000000000,0.000000000,0.018038151,72,0.001450794,0.001450794,488,416,1.000,SERIALIZATION_ONLY
LkPWuopeX4IeCkstwBpU,620,train,helmet_on_head,CANONICAL_RLE,17190,17186,1,1,0,0,0,4.177934,252,0.980298404,0.990051199,1.000000000,1.000000000,0.000000000,0.019701596,4,0.000232693,-0.000232693,169,173,1.000,SERIALIZATION_ONLY
LkPWuopeX4IeCkstwBpU,621,train,helmet_on_head,CANONICAL_RLE,15413,15452,1,1,0,0,0,3.869672,197,0.987315691,0.993617366,1.000000000,1.000000000,0.000000000,0.012684309,39,0.002530332,0.002530332,118,79,1.000,SERIALIZATION_ONLY
LkPWuopeX4IeCkstwBpU,622,train,person,CANONICAL_RLE,95055,95036,1,1,0,0,0,4.950445,545,0.991983485,0.995975612,1.000000000,1.000000000,0.000000000,0.008016515,19,0.000199884,-0.000199884,373,392,1.000,SERIALIZATION_ONLY
LkPWuopeX4IeCkstwBpU,623,train,person,CANONICAL_RLE,140162,140307,1,1,0,0,0,7.381372,1062,0.990836173,0.995396996,1.000000000,1.000000000,0.000000000,0.009163827,145,0.001034517,0.001034517,718,573,1.000,SERIALIZATION_ONLY
MUAB7pAwP5R5mAfVEWsH,632,train,person,CANONICAL_POLYGON,130024,131203,1,1,0,0,0,6.802270,97,0.990543609,0.995249343,0.990070414,0.990070414,0.000000000,-0.000473195,1179,0.009067557,0.009067557,1210,31,1.000,RASTER_BOUNDARY_DIFFERENCE
MUAB7pAwP5R5mAfVEWsH,633,train,vest_on_body,CANONICAL_POLYGON,46521,47070,1,1,0,0,0,5.132201,43,0.987787524,0.993856247,0.987337738,0.987337738,0.000000000,-0.000449786,549,0.011801122,0.011801122,562,13,1.000,RASTER_BOUNDARY_DIFFERENCE
MUAB7pAwP5R5mAfVEWsH,634,train,helmet_on_head,CANONICAL_POLYGON,4539,4700,1,1,0,0,0,5.173270,19,0.964490751,0.981924451,0.960705183,0.960705183,0.000000000,-0.003785568,161,0.035470368,0.035470368,164,3,1.000,RASTER_BOUNDARY_DIFFERENCE
MkxXQ8wmfbTbRbgDBAK1,643,train,helmet_on_head,CANONICAL_POLYGON,119049,119734,1,1,0,0,0,4.887050,57,0.993579682,0.996779503,0.992091564,0.992091564,0.000000000,-0.001488118,685,0.005753933,0.005753933,727,42,1.000,RASTER_BOUNDARY_DIFFERENCE
MkxXQ8wmfbTbRbgDBAK1,644,train,vest_on_body,CANONICAL_POLYGON,225578,227331,1,1,0,0,0,6.764311,94,0.991955808,0.995961661,0.990484779,0.990484779,0.000000000,-0.001471028,1753,0.007771148,0.007771148,1791,38,1.000,RASTER_BOUNDARY_DIFFERENCE
MkxXQ8wmfbTbRbgDBAK1,645,train,person,CANONICAL_POLYGON,732394,734503,1,1,0,0,0,5.180706,123,0.996946513,0.998470922,0.996633386,0.996633386,0.000000000,-0.000313127,2109,0.002879598,0.002879598,2176,67,1.000,RASTER_BOUNDARY_DIFFERENCE
MkxXQ8wmfbTbRbgDBAK1,646,train,person,CANONICAL_POLYGON,818,912,1,1,0,0,0,4.580734,10,0.890710383,0.942196532,0.916666667,0.916666667,0.000000000,0.025956284,94,0.114914425,0.114914425,97,3,1.000,RASTER_BOUNDARY_DIFFERENCE|SMALL_MASK_SENSITIVITY
MkxXQ8wmfbTbRbgDBAK1,647,train,person,CANONICAL_POLYGON,21,26,1,1,0,0,0,3.213896,5,0.807692308,0.893617021,0.625000000,0.625000000,0.000000000,-0.182692308,5,0.238095238,0.238095238,5,0,1.000,RASTER_BOUNDARY_DIFFERENCE|SMALL_MASK_SENSITIVITY
MkxXQ8wmfbTbRbgDBAK1,648,train,person,CANONICAL_POLYGON,65610,66459,1,1,0,0,0,7.406029,80,0.986298692,0.993102091,0.984714123,0.984714123,0.000000000,-0.001584569,849,0.012940101,0.012940101,880,31,1.000,RASTER_BOUNDARY_DIFFERENCE
MqWRDetc1VZN6mHw7iwA,649,train,helmet_on_head,CANONICAL_POLYGON,79579,80248,1,1,0,0,0,3.904979,28,0.991564073,0.995764170,0.992449109,0.992449109,0.000000000,0.000885036,669,0.008406740,0.008406740,673,4,1.000,RASTER_BOUNDARY_DIFFERENCE
MqWRDetc1VZN6mHw7iwA,650,train,vest_on_body,CANONICAL_POLYGON,239951,241193,1,1,0,0,0,4.257497,45,0.994751353,0.997368771,0.995327646,0.995327646,0.000000000,0.000576293,1242,0.005176057,0.005176057,1254,12,1.000,RASTER_BOUNDARY_DIFFERENCE
MqWRDetc1VZN6mHw7iwA,651,train,person,CANONICAL_POLYGON,447120,448828,1,1,0,0,0,5.030209,156,0.995901037,0.997946309,0.996020189,0.996020189,0.000000000,0.000119152,1708,0.003820004,0.003820004,1774,66,1.000,RASTER_BOUNDARY_DIFFERENCE
MvvtCo7VlWi4U7eiAk9x,652,train,helmet_on_head,CANONICAL_RLE,3132,3136,1,1,0,0,0,3.787515,99,0.964274522,0.981812380,1.000000000,1.000000000,0.000000000,0.035725478,4,0.001277139,0.001277139,59,55,1.000,SERIALIZATION_ONLY
MvvtCo7VlWi4U7eiAk9x,653,train,helmet_on_head,CANONICAL_RLE,10054,10078,1,1,0,0,0,4.255288,174,0.976438249,0.988078681,1.000000000,1.000000000,0.000000000,0.023561751,24,0.002387110,0.002387110,132,108,1.000,SERIALIZATION_ONLY
MvvtCo7VlWi4U7eiAk9x,654,train,helmet_on_head,CANONICAL_RLE,5472,5469,1,1,0,0,0,4.168418,121,0.972773170,0.986198702,1.000000000,1.000000000,0.000000000,0.027226830,3,0.000548246,-0.000548246,74,77,1.000,SERIALIZATION_ONLY
MvvtCo7VlWi4U7eiAk9x,655,train,person,CANONICAL_RLE,132695,135327,1,1,0,2,2543,6.033498,865,0.973361802,0.986501108,0.981196114,0.981196114,0.000000000,0.007834311,2632,0.019834960,0.019834960,3125,493,1.000,RASTER_BOUNDARY_DIFFERENCE|HOLE_FILL_APPROXIMATION
MvvtCo7VlWi4U7eiAk9x,656,train,person,CANONICAL_RLE,62226,62414,1,1,0,1,69,7.467913,708,0.985946687,0.992923620,0.998892367,0.998892367,0.000000000,0.012945680,188,0.003021245,0.003021245,535,347,1.000,RASTER_BOUNDARY_DIFFERENCE|HOLE_FILL_APPROXIMATION
MvvtCo7VlWi4U7eiAk9x,657,train,person,CANONICAL_RLE,56980,57048,1,1,0,0,0,5.813046,564,0.988976103,0.994457502,1.000000000,1.000000000,0.000000000,0.011023897,68,0.001193401,0.001193401,350,282,1.000,SERIALIZATION_ONLY
NCdN7Jz3Eoh0ICakh5Cx,658,train,person,CANONICAL_POLYGON,352998,354281,1,1,0,0,0,5.259589,73,0.996102503,0.998047447,0.995359923,0.995359923,0.000000000,-0.000742580,1283,0.003634581,0.003634581,1332,49,1.000,RASTER_BOUNDARY_DIFFERENCE
NCdN7Jz3Eoh0ICakh5Cx,659,train,vest_on_body,CANONICAL_POLYGON,164604,165385,1,1,0,0,0,5.067592,67,0.995000242,0.997493856,0.993490613,0.993490613,0.000000000,-0.001509629,781,0.004744721,0.004744721,804,23,1.000,RASTER_BOUNDARY_DIFFERENCE
NL3zUnIqUyNKhcch1hNK,660,train,person,CANONICAL_POLYGON,308134,309346,1,1,0,0,0,4.907692,80,0.995585331,0.997787783,0.995282013,0.995282013,0.000000000,-0.000303319,1212,0.003933354,0.003933354,1289,77,1.000,RASTER_BOUNDARY_DIFFERENCE
NL3zUnIqUyNKhcch1hNK,661,train,helmet_on_head,CANONICAL_POLYGON,26718,27217,1,1,0,0,0,5.088074,35,0.981229108,0.990525633,0.983442732,0.983442732,0.000000000,0.002213624,499,0.018676548,0.018676548,505,6,1.000,RASTER_BOUNDARY_DIFFERENCE
NL3zUnIqUyNKhcch1hNK,662,train,vest_on_body,CANONICAL_POLYGON,194041,194628,1,1,0,0,0,4.195667,46,0.996655707,0.998325053,0.994706172,0.994706172,0.000000000,-0.001949535,587,0.003025134,0.003025134,619,32,1.000,RASTER_BOUNDARY_DIFFERENCE
Npv1zPbAHshMBBa1mbY4,667,train,helmet_loose,CANONICAL_POLYGON,340699,341700,1,1,0,0,0,3.924804,61,0.996778347,0.998386574,0.996544460,0.996544460,0.000000000,-0.000233887,1001,0.002938077,0.002938077,1051,50,1.000,RASTER_BOUNDARY_DIFFERENCE
OQJwjQoYsf1KUgr9G0V8,668,train,person,CANONICAL_POLYGON,10218,10395,1,1,0,0,0,5.995730,32,0.977645591,0.988696454,0.971044861,0.971044861,0.000000000,-0.006600730,177,0.017322372,0.017322372,205,28,1.000,RASTER_BOUNDARY_DIFFERENCE
OQJwjQoYsf1KUgr9G0V8,669,train,person,CANONICAL_POLYGON,14908,15166,1,1,0,0,0,6.546111,35,0.978162205,0.988960564,0.971968113,0.971968113,0.000000000,-0.006194092,258,0.017306144,0.017306144,295,37,1.000,RASTER_BOUNDARY_DIFFERENCE
OQJwjQoYsf1KUgr9G0V8,670,train,helmet_on_head,CANONICAL_POLYGON,1119,1178,1,1,0,0,0,4.072331,8,0.943316413,0.970831519,0.940134907,0.940134907,0.000000000,-0.003181506,59,0.052725648,0.052725648,63,4,1.000,RASTER_BOUNDARY_DIFFERENCE
OQJwjQoYsf1KUgr9G0V8,671,train,person,CANONICAL_POLYGON,10197,10363,1,1,0,0,0,5.087604,27,0.981877771,0.990856031,0.975294456,0.975294456,0.000000000,-0.006583316,166,0.016279298,0.016279298,177,11,1.000,RASTER_BOUNDARY_DIFFERENCE
OQJwjQoYsf1KUgr9G0V8,672,train,helmet_on_head,CANONICAL_POLYGON,695,738,1,1,0,0,0,3.689086,8,0.936486486,0.967201675,0.921017403,0.921017403,0.000000000,-0.015469084,43,0.061870504,0.061870504,45,2,1.000,RASTER_BOUNDARY_DIFFERENCE|SMALL_MASK_SENSITIVITY
OQJwjQoYsf1KUgr9G0V8,673,train,helmet_on_head,CANONICAL_POLYGON,175,196,1,1,0,0,0,3.772047,5,0.892857143,0.943396226,0.857142857,0.857142857,0.000000000,-0.035714286,21,0.120000000,0.120000000,21,0,1.000,RASTER_BOUNDARY_DIFFERENCE|SMALL_MASK_SENSITIVITY
OQJwjQoYsf1KUgr9G0V8,674,train,vest_on_body,CANONICAL_RLE,3989,4015,1,1,0,0,0,6.028244,146,0.961283999,0.980259870,1.000000000,1.000000000,0.000000000,0.038716001,26,0.006517924,0.006517924,92,66,0.000,SERIALIZATION_ONLY
OQJwjQoYsf1KUgr9G0V8,675,train,vest_on_body,CANONICAL_RLE,3523,3492,1,1,0,0,0,4.809719,124,0.957856545,0.978474697,1.000000000,1.000000000,0.000000000,0.042143455,31,0.008799319,-0.008799319,60,91,1.000,SERIALIZATION_ONLY
OQJwjQoYsf1KUgr9G0V8,676,train,vest_on_body,CANONICAL_RLE,565,600,1,1,0,0,0,3.921509,27,0.932006633,0.964806867,1.000000000,1.000000000,0.000000000,0.067993367,35,0.061946903,0.061946903,38,3,1.000,SERIALIZATION_ONLY|SMALL_MASK_SENSITIVITY
OQJwjQoYsf1KUgr9G0V8,677,train,helmet_on_head,CANONICAL_POLYGON,44,63,1,1,0,0,0,3.426363,7,0.698412698,0.822429907,0.733333333,0.733333333,0.000000000,0.034920635,19,0.431818182,0.431818182,19,0,1.000,RASTER_BOUNDARY_DIFFERENCE|SMALL_MASK_SENSITIVITY
OQJwjQoYsf1KUgr9G0V8,678,train,helmet_on_head,SYNTHETIC_RECTANGLE,48,63,1,1,0,0,0,3.464102,4,0.761904762,0.864864865,0.761904762,0.761904762,0.000000000,0.000000000,15,0.312500000,0.312500000,15,0,1.000,RASTER_BOUNDARY_DIFFERENCE|SMALL_MASK_SENSITIVITY
OQJwjQoYsf1KUgr9G0V8,679,train,vest_on_body,SYNTHETIC_RECTANGLE,210,224,1,1,0,0,0,3.726354,4,0.937500000,0.967741935,0.937500000,0.937500000,0.000000000,0.000000000,14,0.066666667,0.066666667,14,0,1.000,RASTER_BOUNDARY_DIFFERENCE|SMALL_MASK_SENSITIVITY
OQJwjQoYsf1KUgr9G0V8,680,train,person,CANONICAL_POLYGON,2174,2275,1,1,0,0,0,4.351514,11,0.954745167,0.976848730,0.950087566,0.950087566,0.000000000,-0.004657601,101,0.046458142,0.046458142,102,1,1.000,RASTER_BOUNDARY_DIFFERENCE
OgbeepjjlVIRghzAMurI,681,train,person,CANONICAL_POLYGON,17011,17312,1,1,0,0,0,5.815413,41,0.981125541,0.990472861,0.976017943,0.976017943,0.000000000,-0.005107598,301,0.017694433,0.017694433,314,13,1.000,RASTER_BOUNDARY_DIFFERENCE
OgbeepjjlVIRghzAMurI,682,train,helmet_on_head,CANONICAL_POLYGON,1079,1112,1,1,0,0,0,3.787929,9,0.966786355,0.983112734,0.944736842,0.944736842,0.000000000,-0.022049513,33,0.030583874,0.030583874,35,2,1.000,RASTER_BOUNDARY_DIFFERENCE
OgbeepjjlVIRghzAMurI,683,train,vest_on_body,CANONICAL_POLYGON,1608,1715,1,1,0,0,0,6.310159,15,0.931976744,0.964790852,0.928157590,0.928157590,0.000000000,-0.003819154,107,0.066542289,0.066542289,112,5,2.000,RASTER_BOUNDARY_DIFFERENCE
Onxr5fVm9Rf4SRgJSUwU,684,train,person,CANONICAL_POLYGON,308962,310752,1,1,0,0,0,5.659894,92,0.993989530,0.996985706,0.994669750,0.994669750,0.000000000,0.000680220,1790,0.005793593,0.005793593,1829,39,1.000,RASTER_BOUNDARY_DIFFERENCE
OugGxvkSv1brFNywY26P,685,train,helmet_loose,CANONICAL_POLYGON,60984,61303,1,1,0,0,0,4.046959,29,0.994015686,0.996998863,0.990534738,0.990534738,0.000000000,-0.003480948,319,0.005230880,0.005230880,343,24,1.000,RASTER_BOUNDARY_DIFFERENCE
P7zAHwjb68yXM9zLAlb1,690,train,person,CANONICAL_POLYGON,40373,41069,1,1,0,0,0,5.760469,46,0.982956344,0.991404926,0.985803992,0.985803992,0.000000000,0.002847649,696,0.017239244,0.017239244,698,2,1.000,RASTER_BOUNDARY_DIFFERENCE
P9Jz8sNsaNTHaD6dqhKc,691,train,vest_on_body,CANONICAL_RLE,9051,9073,2,2,1,0,0,8.915130,297,0.953227719,0.976053851,1.000000000,0.999006623,0.000993377,0.045778904,22,0.002430671,0.002430671,228,206,1.000,MULTI_COMPONENT_APPROXIMATION|COMPONENT_JOIN_APPROXIMATION
P9Jz8sNsaNTHaD6dqhKc,692,train,vest_on_body,CANONICAL_RLE,29192,29185,1,1,0,0,0,4.863637,311,0.987505107,0.993713277,1.000000000,1.000000000,0.000000000,0.012494893,7,0.000239792,-0.000239792,180,187,0.000,SERIALIZATION_ONLY
P9Jz8sNsaNTHaD6dqhKc,693,train,vest_on_body,CANONICAL_RLE,19157,19465,1,1,0,1,253,4.547127,213,0.971314822,0.985448708,0.986965482,0.986965482,0.000000000,0.015650659,308,0.016077674,0.016077674,435,127,1.000,RASTER_BOUNDARY_DIFFERENCE|HOLE_FILL_APPROXIMATION
P9Jz8sNsaNTHaD6dqhKc,694,train,vest_on_body,CANONICAL_RLE,11380,11375,2,2,1,0,0,6.802664,243,0.964008286,0.981674357,1.000000000,0.998245614,0.001754386,0.034237328,5,0.000439367,-0.000439367,206,211,1.000,MULTI_COMPONENT_APPROXIMATION|COMPONENT_JOIN_APPROXIMATION
P9Jz8sNsaNTHaD6dqhKc,695,train,person,CANONICAL_RLE,53222,53311,1,1,0,0,0,6.793705,578,0.986592325,0.993250918,1.000000000,1.000000000,0.000000000,0.013407675,89,0.001672241,0.001672241,404,315,1.000,SERIALIZATION_ONLY
P9Jz8sNsaNTHaD6dqhKc,696,train,person,CANONICAL_RLE,28479,28621,2,2,1,0,0,7.468754,456,0.978448425,0.989106830,1.000000000,0.999263158,0.000736842,0.020814733,142,0.004986130,0.004986130,382,240,1.000,MULTI_COMPONENT_APPROXIMATION|COMPONENT_JOIN_APPROXIMATION
P9Jz8sNsaNTHaD6dqhKc,697,train,person,CANONICAL_RLE,33542,33657,1,1,0,0,0,6.472765,408,0.982973324,0.991413563,1.000000000,1.000000000,0.000000000,0.017026676,115,0.003428537,0.003428537,346,231,1.000,SERIALIZATION_ONLY
P9Jz8sNsaNTHaD6dqhKc,698,train,person,CANONICAL_RLE,41298,41335,1,1,0,0,0,7.143535,525,0.982985769,0.991419893,1.000000000,1.000000000,0.000000000,0.017014231,37,0.000895927,0.000895927,373,336,1.000,SERIALIZATION_ONLY
P9Jz8sNsaNTHaD6dqhKc,699,train,helmet_on_head,CANONICAL_RLE,2434,2434,1,1,0,0,0,4.285722,90,0.962903226,0.981101068,1.000000000,1.000000000,0.000000000,0.037096774,0,0.000000000,0.000000000,46,46,1.000,SERIALIZATION_ONLY
P9Jz8sNsaNTHaD6dqhKc,700,train,helmet_on_head,CANONICAL_RLE,2415,2445,1,1,0,0,0,4.506884,87,0.958098308,0.978600823,1.000000000,1.000000000,0.000000000,0.041901692,30,0.012422360,0.012422360,67,37,1.000,SERIALIZATION_ONLY
P9Jz8sNsaNTHaD6dqhKc,701,train,helmet_on_head,CANONICAL_POLYGON,1249,1322,1,1,0,0,0,4.377630,8,0.943310658,0.970828471,0.932981928,0.932981928,0.000000000,-0.010328730,73,0.058446757,0.058446757,74,1,1.000,RASTER_BOUNDARY_DIFFERENCE
P9Jz8sNsaNTHaD6dqhKc,702,train,helmet_on_head,CANONICAL_POLYGON,1283,1328,1,1,0,0,0,4.011315,7,0.949962659,0.974339334,0.941568047,0.941568047,0.000000000,-0.008394611,45,0.035074045,0.035074045,56,11,1.000,RASTER_BOUNDARY_DIFFERENCE
PIo6f9EGJ9nINHXHAGy7,703,train,person,CANONICAL_POLYGON,621597,623662,1,1,0,0,0,5.458561,126,0.996378409,0.998185920,0.996108881,0.996108881,0.000000000,-0.000269528,2065,0.003322088,0.003322088,2162,97,1.000,RASTER_BOUNDARY_DIFFERENCE
PIo6f9EGJ9nINHXHAGy7,704,train,vest_on_body,CANONICAL_POLYGON,296002,297288,1,1,0,0,0,5.541419,117,0.995117210,0.997552630,0.994272673,0.994272673,0.000000000,-0.000844537,1286,0.004344565,0.004344565,1369,83,0.000,RASTER_BOUNDARY_DIFFERENCE
PIo6f9EGJ9nINHXHAGy7,705,train,helmet_loose,CANONICAL_POLYGON,26394,26641,1,1,0,0,0,4.070549,20,0.988489370,0.994211370,0.986408567,0.986408567,0.000000000,-0.002080804,247,0.009358187,0.009358187,277,30,1.000,RASTER_BOUNDARY_DIFFERENCE
PTpMxjS814v4U28HlRcf,706,train,person,CANONICAL_POLYGON,122070,122579,1,1,0,0,0,4.557492,53,0.995098879,0.997543419,0.992415241,0.992415241,0.000000000,-0.002683638,509,0.004169739,0.004169739,555,46,1.000,RASTER_BOUNDARY_DIFFERENCE
PqhswFNoQbq1qKOEBp5u,707,train,helmet_loose,CANONICAL_POLYGON,54226,54567,1,1,0,0,0,3.809549,33,0.992764773,0.996369252,0.991182658,0.991182658,0.000000000,-0.001582115,341,0.006288496,0.006288496,368,27,1.000,RASTER_BOUNDARY_DIFFERENCE
PqhswFNoQbq1qKOEBp5u,708,train,helmet_loose,CANONICAL_POLYGON,53057,53427,1,1,0,0,0,3.781389,21,0.992291573,0.996130874,0.991156399,0.991156399,0.000000000,-0.001135174,370,0.006973632,0.006973632,391,21,1.000,RASTER_BOUNDARY_DIFFERENCE
PqhswFNoQbq1qKOEBp5u,709,train,helmet_loose,CANONICAL_POLYGON,34582,34737,1,1,0,0,0,3.920514,25,0.994217491,0.997100362,0.989315995,0.989315995,0.000000000,-0.004901497,155,0.004482101,0.004482101,178,23,1.000,RASTER_BOUNDARY_DIFFERENCE
PqhswFNoQbq1qKOEBp5u,710,train,helmet_loose,CANONICAL_POLYGON,51849,52277,1,1,0,0,0,3.905926,33,0.991622356,0.995793558,0.991295198,0.991295198,0.000000000,-0.000327158,428,0.008254740,0.008254740,433,5,1.000,RASTER_BOUNDARY_DIFFERENCE
PqhswFNoQbq1qKOEBp5u,711,train,helmet_loose,CANONICAL_POLYGON,35858,36328,1,1,0,0,0,4.254257,27,0.986843554,0.993378217,0.988273921,0.988273921,0.000000000,0.001430367,470,0.013107256,0.013107256,474,4,1.000,RASTER_BOUNDARY_DIFFERENCE
PqhswFNoQbq1qKOEBp5u,712,train,helmet_loose,CANONICAL_POLYGON,39825,40149,1,1,0,0,0,3.870593,18,0.991235714,0.995598570,0.989849484,0.989849484,0.000000000,-0.001386231,324,0.008135593,0.008135593,338,14,1.000,RASTER_BOUNDARY_DIFFERENCE
PqhswFNoQbq1qKOEBp5u,713,train,helmet_loose,CANONICAL_POLYGON,66110,66568,1,1,0,0,0,3.768495,33,0.992730659,0.996352070,0.992414228,0.992414228,0.000000000,-0.000316431,458,0.006927848,0.006927848,471,13,1.000,RASTER_BOUNDARY_DIFFERENCE
PqhswFNoQbq1qKOEBp5u,714,train,helmet_loose,CANONICAL_POLYGON,40945,41370,1,1,0,0,0,3.876798,26,0.989390241,0.994666829,0.990171871,0.990171871,0.000000000,0.000781630,425,0.010379778,0.010379778,432,7,1.000,RASTER_BOUNDARY_DIFFERENCE
PqhswFNoQbq1qKOEBp5u,715,train,helmet_loose,CANONICAL_POLYGON,22009,22327,1,1,0,0,0,4.994300,40,0.983891176,0.991880188,0.981194443,0.981194443,0.000000000,-0.002696733,318,0.014448635,0.014448635,339,21,1.000,RASTER_BOUNDARY_DIFFERENCE
PqhswFNoQbq1qKOEBp5u,716,train,helmet_loose,CANONICAL_POLYGON,18567,18944,1,1,0,0,0,4.589632,26,0.979576759,0.989683026,0.981720886,0.981720886,0.000000000,0.002144127,377,0.020304842,0.020304842,382,5,1.000,RASTER_BOUNDARY_DIFFERENCE
PqhswFNoQbq1qKOEBp5u,717,train,helmet_loose,CANONICAL_POLYGON,11654,11909,1,1,0,0,0,4.737640,24,0.977591272,0.988668675,0.974572004,0.974572004,0.000000000,-0.003019267,255,0.021880899,0.021880899,261,6,1.000,RASTER_BOUNDARY_DIFFERENCE
PqhswFNoQbq1qKOEBp5u,718,train,helmet_loose,CANONICAL_POLYGON,13305,13600,1,1,0,0,0,4.901094,36,0.977581771,0.988663817,0.975857500,0.975857500,0.000000000,-0.001724271,295,0.022172116,0.022172116,300,5,4.000,RASTER_BOUNDARY_DIFFERENCE
PqhswFNoQbq1qKOEBp5u,719,train,helmet_loose,CANONICAL_POLYGON,17361,17521,1,1,0,0,0,4.947378,30,0.988144771,0.994037039,0.979539931,0.979539931,0.000000000,-0.008604840,160,0.009216059,0.009216059,184,24,1.000,RASTER_BOUNDARY_DIFFERENCE
PqhswFNoQbq1qKOEBp5u,720,train,helmet_loose,CANONICAL_POLYGON,16596,16823,1,1,0,0,0,4.674203,19,0.985326442,0.992608995,0.979692126,0.979692126,0.000000000,-0.005634317,227,0.013677995,0.013677995,237,10,1.000,RASTER_BOUNDARY_DIFFERENCE
PqhswFNoQbq1qKOEBp5u,721,train,helmet_loose,CANONICAL_POLYGON,17970,18277,1,1,0,0,0,5.279070,20,0.981793330,0.990813033,0.978392536,0.978392536,0.000000000,-0.003400794,307,0.017084029,0.017084029,320,13,1.000,RASTER_BOUNDARY_DIFFERENCE
PqhswFNoQbq1qKOEBp5u,722,train,helmet_loose,CANONICAL_POLYGON,20173,20366,1,1,0,0,0,5.212793,22,0.987011077,0.993463085,0.982404835,0.982404835,0.000000000,-0.004606242,193,0.009567243,0.009567243,229,36,0.000,RASTER_BOUNDARY_DIFFERENCE
Pto3IbY2BV6RjJJsxw4T,723,train,helmet_loose,CANONICAL_RLE,236121,236114,1,1,0,0,0,5.162793,1004,0.994901171,0.997444069,1.000000000,1.000000000,0.000000000,0.005098829,7,0.000029646,-0.000029646,600,607,1.000,SERIALIZATION_ONLY
QUQENHzkWEHi5igbSpA1,724,train,person,CANONICAL_POLYGON,777662,780119,1,1,0,0,0,4.875078,104,0.996543367,0.998268691,0.996997652,0.996997652,0.000000000,0.000454285,2457,0.003159470,0.003159470,2577,120,1.000,RASTER_BOUNDARY_DIFFERENCE
QUQENHzkWEHi5igbSpA1,725,train,helmet_on_head,CANONICAL_POLYGON,98696,99348,1,1,0,0,0,4.719409,55,0.993156337,0.996566420,0.991852746,0.991852746,0.000000000,-0.001303592,652,0.006606144,0.006606144,666,14,1.000,RASTER_BOUNDARY_DIFFERENCE
QVvTSJRWlcfwVnFYCOJ9,726,train,person,CANONICAL_POLYGON,251456,252735,1,1,0,0,0,6.122527,92,0.994505321,0.997245092,0.993421781,0.993421781,0.000000000,-0.001083540,1279,0.005086377,0.005086377,1334,55,1.000,RASTER_BOUNDARY_DIFFERENCE
QVvTSJRWlcfwVnFYCOJ9,727,train,vest_on_body,CANONICAL_RLE,85511,85968,6,6,1,0,0,9.318597,1084,0.980447185,0.990127071,1.000000000,0.995714901,0.004285099,0.015267716,457,0.005344342,0.005344342,1075,618,1.000,MULTI_COMPONENT_APPROXIMATION|COMPONENT_JOIN_APPROXIMATION
QiKJqc8mjFL8EnIf105y,730,train,person,CANONICAL_POLYGON,201062,202197,1,1,0,0,0,5.135349,68,0.994061217,0.997021765,0.993324895,0.993324895,0.000000000,-0.000736323,1135,0.005645025,0.005645025,1168,33,1.000,RASTER_BOUNDARY_DIFFERENCE
RGHYIrvH4ypjKeh0X9jI,734,train,vest_on_body,CANONICAL_RLE,14764,14758,1,1,0,0,0,4.801738,174,0.980279045,0.990041325,1.000000000,1.000000000,0.000000000,0.019720955,6,0.000406394,-0.000406394,144,150,1.000,SERIALIZATION_ONLY
RGHYIrvH4ypjKeh0X9jI,735,train,person,CANONICAL_RLE,83165,83303,1,1,0,0,0,6.936933,704,0.988722433,0.994329240,1.000000000,1.000000000,0.000000000,0.011277567,138,0.001659352,0.001659352,541,403,1.000,SERIALIZATION_ONLY
RGHYIrvH4ypjKeh0X9jI,736,train,person,CANONICAL_RLE,135829,135985,1,1,0,0,0,8.732784,1277,0.988834419,0.994385867,1.000000000,1.000000000,0.000000000,0.011165581,156,0.001148503,0.001148503,841,685,0.000,SERIALIZATION_ONLY
RGHYIrvH4ypjKeh0X9jI,737,train,person,CANONICAL_RLE,3932,3963,1,1,0,0,0,6.942953,171,0.960029791,0.979607346,1.000000000,1.000000000,0.000000000,0.039970209,31,0.007884028,0.007884028,96,65,0.000,SERIALIZATION_ONLY
RGHYIrvH4ypjKeh0X9jI,738,train,person,CANONICAL_RLE,4765,4694,1,1,0,0,0,5.594267,122,0.953128226,0.976001692,1.000000000,1.000000000,0.000000000,0.046871774,71,0.014900315,-0.014900315,78,149,1.000,SERIALIZATION_ONLY
RGHYIrvH4ypjKeh0X9jI,739,train,person,CANONICAL_RLE,44182,44215,1,1,0,0,0,5.135001,387,0.989041897,0.994490763,1.000000000,1.000000000,0.000000000,0.010958103,33,0.000746911,0.000746911,260,227,1.000,SERIALIZATION_ONLY
RGHYIrvH4ypjKeh0X9jI,740,train,person,CANONICAL_RLE,19680,19637,1,1,0,0,0,6.243378,378,0.976622593,0.988173055,1.000000000,1.000000000,0.000000000,0.023377407,43,0.002184959,-0.002184959,211,254,1.000,SERIALIZATION_ONLY
RGHYIrvH4ypjKeh0X9jI,741,train,person,CANONICAL_RLE,39380,39482,1,1,0,0,0,6.089705,404,0.988301440,0.994116304,1.000000000,1.000000000,0.000000000,0.011698560,102,0.002590147,0.002590147,283,181,1.000,SERIALIZATION_ONLY
RL2s7RdAmeNec6fLrJez,747,train,helmet_loose,CANONICAL_POLYGON,44273,44579,1,1,0,0,0,3.841035,25,0.992778164,0.996375996,0.990413690,0.990413690,0.000000000,-0.002364474,306,0.006911662,0.006911662,314,8,1.000,RASTER_BOUNDARY_DIFFERENCE
RL2s7RdAmeNec6fLrJez,748,train,helmet_loose,CANONICAL_POLYGON,39533,39943,1,1,0,0,0,3.825606,23,0.988988438,0.994463737,0.989725856,0.989725856,0.000000000,0.000737418,410,0.010371082,0.010371082,425,15,1.000,RASTER_BOUNDARY_DIFFERENCE
RL2s7RdAmeNec6fLrJez,749,train,helmet_loose,CANONICAL_POLYGON,42887,43178,1,1,0,0,0,3.775604,27,0.992060920,0.996014640,0.990361501,0.990361501,0.000000000,-0.001699419,291,0.006785273,0.006785273,317,26,1.000,RASTER_BOUNDARY_DIFFERENCE
RL2s7RdAmeNec6fLrJez,750,train,helmet_loose,CANONICAL_POLYGON,36770,37167,1,1,0,0,0,3.807756,24,0.988729894,0.994333013,0.989576600,0.989576600,0.000000000,0.000846706,397,0.010796845,0.010796845,408,11,1.000,RASTER_BOUNDARY_DIFFERENCE
RL2s7RdAmeNec6fLrJez,751,train,helmet_loose,CANONICAL_POLYGON,39839,40249,1,1,0,0,0,3.803002,24,0.989566254,0.994755769,0.989949749,0.989949749,0.000000000,0.000383494,410,0.010291423,0.010291423,415,5,1.000,RASTER_BOUNDARY_DIFFERENCE
RL2s7RdAmeNec6fLrJez,752,train,helmet_loose,CANONICAL_POLYGON,43021,43545,1,1,0,0,0,3.855616,25,0.987646951,0.993785089,0.990164463,0.990164463,0.000000000,0.002517512,524,0.012180098,0.012180098,531,7,1.000,RASTER_BOUNDARY_DIFFERENCE
RL2s7RdAmeNec6fLrJez,753,train,helmet_loose,CANONICAL_POLYGON,40323,40463,1,1,0,0,0,3.836036,24,0.995948116,0.997969945,0.989805193,0.989805193,0.000000000,-0.006142923,140,0.003471964,0.003471964,152,12,0.000,RASTER_BOUNDARY_DIFFERENCE
RL2s7RdAmeNec6fLrJez,754,train,helmet_loose,CANONICAL_POLYGON,34937,35197,1,1,0,0,0,3.820990,21,0.991707608,0.995836541,0.989511580,0.989511580,0.000000000,-0.002196028,260,0.007441967,0.007441967,276,16,1.000,RASTER_BOUNDARY_DIFFERENCE
RL2s7RdAmeNec6fLrJez,755,train,helmet_loose,CANONICAL_POLYGON,38755,39048,1,1,0,0,0,3.806045,24,0.991731306,0.995848489,0.990233426,0.990233426,0.000000000,-0.001497880,293,0.007560315,0.007560315,308,15,1.000,RASTER_BOUNDARY_DIFFERENCE
RdJdZdkvlh1EvYQcyy98,761,train,vest_on_body,CANONICAL_POLYGON,284662,286016,1,1,0,0,0,4.812742,73,0.994875416,0.997431126,0.994558565,0.994558565,0.000000000,-0.000316851,1354,0.004756518,0.004756518,1410,56,1.000,RASTER_BOUNDARY_DIFFERENCE
RdJdZdkvlh1EvYQcyy98,762,train,person,CANONICAL_POLYGON,658777,661594,1,1,0,0,0,6.649700,170,0.995497790,0.997743816,0.995450883,0.995450883,0.000000000,-0.000046907,2817,0.004276106,0.004276106,2898,81,1.000,RASTER_BOUNDARY_DIFFERENCE
RpNbe3NA9Ewqpz10Tid7,763,train,person,CANONICAL_POLYGON,81268,82418,1,1,0,0,0,7.030866,81,0.985300004,0.992595579,0.987921177,0.987921177,0.000000000,0.002621174,1150,0.014150711,0.014150711,1181,31,1.000,RASTER_BOUNDARY_DIFFERENCE
RpNbe3NA9Ewqpz10Tid7,764,train,person,CANONICAL_POLYGON,78644,79380,1,1,0,0,0,6.136909,67,0.990326969,0.995139979,0.988512255,0.988512255,0.000000000,-0.001814713,736,0.009358629,0.009358629,752,16,1.000,RASTER_BOUNDARY_DIFFERENCE
RpNbe3NA9Ewqpz10Tid7,765,train,vest_on_body,CANONICAL_POLYGON,28015,28447,1,1,0,0,0,5.827679,40,0.982444437,0.991144487,0.981329403,0.981329403,0.000000000,-0.001115034,432,0.015420311,0.015420311,466,34,1.000,RASTER_BOUNDARY_DIFFERENCE
RpNbe3NA9Ewqpz10Tid7,766,train,vest_on_body,CANONICAL_POLYGON,34682,35219,1,1,0,0,0,4.646753,29,0.984583499,0.992231871,0.987064421,0.987064421,0.000000000,0.002480923,537,0.015483536,0.015483536,540,3,1.000,RASTER_BOUNDARY_DIFFERENCE
RpNbe3NA9Ewqpz10Tid7,767,train,helmet_on_head,CANONICAL_POLYGON,10486,10545,1,1,0,0,0,3.883225,16,0.988935124,0.994436784,0.979674035,0.979674035,0.000000000,-0.009261089,59,0.005626550,0.005626550,88,29,1.000,RASTER_BOUNDARY_DIFFERENCE
SAxTZz7s67P7PHgPiVQD,771,train,person,CANONICAL_RLE,9658,9635,1,1,0,0,0,5.042015,175,0.977754997,0.988752397,1.000000000,1.000000000,0.000000000,0.022245003,23,0.002381445,-0.002381445,97,120,1.000,SERIALIZATION_ONLY
SAxTZz7s67P7PHgPiVQD,772,train,person,CANONICAL_RLE,226884,226984,1,1,0,1,64,6.058643,1095,0.993403167,0.996690668,0.999717997,0.999717997,0.000000000,0.006314830,100,0.000440754,0.000440754,801,701,1.000,RASTER_BOUNDARY_DIFFERENCE|HOLE_FILL_APPROXIMATION
SAxTZz7s67P7PHgPiVQD,773,train,person,CANONICAL_RLE,193027,193505,3,2,1,2,294,8.868030,1454,0.988415161,0.994173833,0.998468868,0.998453374,0.000015494,0.010038212,478,0.002476338,0.002476338,1365,887,1.000,RASTER_BOUNDARY_DIFFERENCE|MULTI_COMPONENT_APPROXIMATION|COMPONENT_JOIN_APPROXIMATION|HOLE_FILL_APPROXIMATION
SAxTZz7s67P7PHgPiVQD,774,train,person,CANONICAL_RLE,7788,7795,1,1,0,0,0,5.249253,205,0.969539939,0.984534429,1.000000000,1.000000000,0.000000000,0.030460061,7,0.000898819,0.000898819,124,117,1.000,SERIALIZATION_ONLY
SAxTZz7s67P7PHgPiVQD,775,train,person,CANONICAL_RLE,3389,3392,1,1,0,0,0,4.485011,86,0.957563510,0.978321781,1.000000000,1.000000000,0.000000000,0.042436490,3,0.000885217,0.000885217,75,72,1.000,SERIALIZATION_ONLY
SAxTZz7s67P7PHgPiVQD,776,train,person,CANONICAL_RLE,49944,50161,3,3,1,0,0,7.958400,587,0.982944754,0.991399031,1.000000000,0.997364007,0.002635993,0.014419253,217,0.004344866,0.004344866,539,322,1.000,MULTI_COMPONENT_APPROXIMATION|COMPONENT_JOIN_APPROXIMATION
SAxTZz7s67P7PHgPiVQD,777,train,person,CANONICAL_RLE,60138,60295,2,2,1,0,0,10.101845,978,0.978983173,0.989379987,1.000000000,0.998853954,0.001146046,0.019870780,157,0.002610662,0.002610662,718,561,1.000,MULTI_COMPONENT_APPROXIMATION|COMPONENT_JOIN_APPROXIMATION
SAxTZz7s67P7PHgPiVQD,778,train,person,CANONICAL_RLE,32413,32641,2,2,1,0,0,8.260662,503,0.975223926,0.987456575,1.000000000,0.994538369,0.005461631,0.019314444,228,0.007034215,0.007034215,522,294,0.000,MULTI_COMPONENT_APPROXIMATION|COMPONENT_JOIN_APPROXIMATION
SAxTZz7s67P7PHgPiVQD,779,train,person,CANONICAL_RLE,178912,178942,9,6,1,4,31,10.133432,1625,0.987481533,0.993701342,0.999787642,0.999151108,0.000636534,0.011669575,30,0.000167680,0.000167680,1142,1112,1.000,RASTER_BOUNDARY_DIFFERENCE|MULTI_COMPONENT_APPROXIMATION|COMPONENT_JOIN_APPROXIMATION|HOLE_FILL_APPROXIMATION
SAxTZz7s67P7PHgPiVQD,780,train,person,CANONICAL_RLE,13649,13703,1,1,0,0,0,4.257394,209,0.982459955,0.991152384,1.000000000,1.000000000,0.000000000,0.017540045,54,0.003956334,0.003956334,148,94,1.000,SERIALIZATION_ONLY
SAxTZz7s67P7PHgPiVQD,781,train,helmet_on_head,CANONICAL_RLE,7420,7442,3,1,0,0,0,4.316330,152,0.980015987,0.989907146,0.999191375,0.999191375,0.000000000,0.019175387,22,0.002964960,0.002964960,86,64,4.000,RASTER_BOUNDARY_DIFFERENCE|MULTI_COMPONENT_APPROXIMATION
SAxTZz7s67P7PHgPiVQD,782,train,helmet_on_head,CANONICAL_RLE,15777,16035,1,1,0,1,270,4.098522,214,0.967225280,0.983339620,0.983174425,0.983174425,0.000000000,0.015949145,258,0.016352919,0.016352919,394,136,1.000,RASTER_BOUNDARY_DIFFERENCE|HOLE_FILL_APPROXIMATION
SAxTZz7s67P7PHgPiVQD,783,train,helmet_on_head,CANONICAL_RLE,11996,12529,1,1,0,1,500,4.263457,207,0.945193528,0.971824669,0.959987196,0.959987196,0.000000000,0.014793668,533,0.044431477,0.044431477,612,79,1.000,RASTER_BOUNDARY_DIFFERENCE|HOLE_FILL_APPROXIMATION
SAxTZz7s67P7PHgPiVQD,784,train,helmet_on_head,CANONICAL_RLE,5537,5545,1,1,0,0,0,4.862265,151,0.971184632,0.985381700,1.000000000,1.000000000,0.000000000,0.028815368,8,0.001444826,0.001444826,85,77,1.000,SERIALIZATION_ONLY
SAxTZz7s67P7PHgPiVQD,785,train,vest_on_body,CANONICAL_RLE,3184,3212,1,1,0,0,0,4.233695,99,0.961963190,0.980612883,1.000000000,1.000000000,0.000000000,0.038036810,28,0.008793970,0.008793970,76,48,1.000,SERIALIZATION_ONLY
SAxTZz7s67P7PHgPiVQD,786,train,vest_on_body,CANONICAL_RLE,111964,111967,1,1,0,0,0,4.439125,534,0.994131529,0.997057129,1.000000000,1.000000000,0.000000000,0.005868471,3,0.000026794,0.000026794,331,328,1.000,SERIALIZATION_ONLY
SAxTZz7s67P7PHgPiVQD,787,train,vest_on_body,CANONICAL_RLE,76590,76750,2,2,1,0,0,6.617278,712,0.988355658,0.994143733,1.000000000,0.999451926,0.000548074,0.011096268,160,0.002089046,0.002089046,529,369,1.000,MULTI_COMPONENT_APPROXIMATION|COMPONENT_JOIN_APPROXIMATION
SAxTZz7s67P7PHgPiVQD,788,train,vest_on_body,CANONICAL_RLE,2509,2693,2,2,1,0,0,8.173728,146,0.861180680,0.925413303,1.000000000,0.935147223,0.064852777,0.073966543,184,0.073335990,0.073335990,286,102,1.000,MULTI_COMPONENT_APPROXIMATION|COMPONENT_JOIN_APPROXIMATION
SAxTZz7s67P7PHgPiVQD,789,train,vest_on_body,CANONICAL_RLE,6951,6960,2,2,1,0,0,10.136740,317,0.932351716,0.964991733,1.000000000,0.999568594,0.000431406,0.067216878,9,0.001294778,0.001294778,248,239,1.000,MULTI_COMPONENT_APPROXIMATION|COMPONENT_JOIN_APPROXIMATION
SAxTZz7s67P7PHgPiVQD,790,train,vest_on_body,CANONICAL_RLE,4131,4160,1,1,0,0,0,5.682990,171,0.956347334,0.977686648,1.000000000,1.000000000,0.000000000,0.043652666,29,0.007020092,0.007020092,107,78,1.000,SERIALIZATION_ONLY
SAxTZz7s67P7PHgPiVQD,791,train,helmet_loose,CANONICAL_POLYGON,1248,1303,1,1,0,0,0,3.952768,9,0.953292496,0.976087809,0.943009119,0.943009119,0.000000000,-0.010283378,55,0.044070513,0.044070513,58,3,1.000,RASTER_BOUNDARY_DIFFERENCE
SJJJI5U15RfnloEUpsCl,792,train,person,CANONICAL_POLYGON,729504,732511,2,1,0,0,0,8.321140,226,0.995448186,0.997718902,0.995100046,0.995100046,0.000000000,-0.000348141,3007,0.004121979,0.004121979,3171,164,1.000,RASTER_BOUNDARY_DIFFERENCE|MULTI_COMPONENT_APPROXIMATION
SPkjTewbo5B0mADZT61m,796,train,person,CANONICAL_POLYGON,742953,744487,1,1,0,0,0,4.910512,127,0.997598756,0.998797935,0.996731798,0.996731798,0.000000000,-0.000866958,1534,0.002064734,0.002064734,1661,127,1.000,RASTER_BOUNDARY_DIFFERENCE
SPkjTewbo5B0mADZT61m,797,train,vest_on_body,CANONICAL_POLYGON,196851,197966,1,1,0,0,0,5.713207,79,0.994075608,0.997029003,0.992767740,0.992767740,0.000000000,-0.001307868,1115,0.005664183,0.005664183,1144,29,1.000,RASTER_BOUNDARY_DIFFERENCE
SPkjTewbo5B0mADZT61m,798,train,helmet_on_head,CANONICAL_POLYGON,81459,81900,1,1,0,0,0,3.885778,40,0.993958036,0.996969864,0.992743106,0.992743106,0.000000000,-0.001214930,441,0.005413766,0.005413766,468,27,1.000,RASTER_BOUNDARY_DIFFERENCE
STq4QNtivjTEw93pnzUf,799,train,person,CANONICAL_POLYGON,451296,452849,1,1,0,0,0,4.947942,77,0.996072518,0.998032395,0.995970689,0.995970689,0.000000000,-0.000101830,1553,0.003441200,0.003441200,1666,113,1.000,RASTER_BOUNDARY_DIFFERENCE
STq4QNtivjTEw93pnzUf,800,train,helmet_on_head,CANONICAL_POLYGON,62026,62583,1,1,0,0,0,4.025153,25,0.990304753,0.995128763,0.991281674,0.991281674,0.000000000,0.000976921,557,0.008980105,0.008980105,582,25,1.000,RASTER_BOUNDARY_DIFFERENCE
SoyYOpTgmlQWlluJOZEE,803,train,person,CANONICAL_POLYGON,855104,857688,1,1,0,0,0,4.959823,91,0.996940684,0.998467998,0.997188941,0.997188941,0.000000000,0.000248257,2584,0.003021855,0.003021855,2604,20,1.000,RASTER_BOUNDARY_DIFFERENCE
SoyYOpTgmlQWlluJOZEE,804,train,vest_on_body,CANONICAL_POLYGON,357059,359243,1,1,0,0,0,5.770590,84,0.993709659,0.996844906,0.994412178,0.994412178,0.000000000,0.000702519,2184,0.006116636,0.006116636,2222,38,1.000,RASTER_BOUNDARY_DIFFERENCE
SurmZufksfn5NllTtjD8,811,train,person,CANONICAL_RLE,337267,337228,1,1,0,0,0,8.883916,2259,0.992123007,0.996045931,1.000000000,1.000000000,0.000000000,0.007876993,39,0.000115635,-0.000115635,1314,1353,1.000,SERIALIZATION_ONLY
SurmZufksfn5NllTtjD8,812,train,person,CANONICAL_RLE,43724,43965,4,4,1,1,37,11.607788,970,0.970893644,0.985231899,0.999154498,0.995174800,0.003979699,0.024281156,241,0.005511847,0.005511847,768,527,1.000,RASTER_BOUNDARY_DIFFERENCE|MULTI_COMPONENT_APPROXIMATION|COMPONENT_JOIN_APPROXIMATION|HOLE_FILL_APPROXIMATION
T6C7HiZwQDa07dlanhBF,820,train,person,CANONICAL_POLYGON,37119,37410,1,1,0,0,0,5.336198,53,0.990146599,0.995048907,0.984531561,0.984531561,0.000000000,-0.005615038,291,0.007839651,0.007839651,330,39,1.000,RASTER_BOUNDARY_DIFFERENCE
T6C7HiZwQDa07dlanhBF,821,train,person,CANONICAL_POLYGON,40212,40810,1,1,0,0,0,6.126113,43,0.984568657,0.992224334,0.983539095,0.983539095,0.000000000,-0.001029563,598,0.014871183,0.014871183,614,16,1.000,RASTER_BOUNDARY_DIFFERENCE
T6C7HiZwQDa07dlanhBF,822,train,helmet_on_head,CANONICAL_POLYGON,3501,3636,1,1,0,0,0,3.824065,15,0.960175776,0.979683340,0.963525836,0.963525836,0.000000000,0.003350060,135,0.038560411,0.038560411,140,5,1.000,RASTER_BOUNDARY_DIFFERENCE
T6C7HiZwQDa07dlanhBF,823,train,vest_on_body,CANONICAL_POLYGON,14152,14334,1,1,0,0,0,4.297890,27,0.984395681,0.992136488,0.978704218,0.978704218,0.000000000,-0.005691463,182,0.012860373,0.012860373,203,21,1.000,RASTER_BOUNDARY_DIFFERENCE
T6C7HiZwQDa07dlanhBF,824,train,vest_on_body,CANONICAL_POLYGON,14679,14869,1,1,0,0,0,4.016078,22,0.986820871,0.993366725,0.981508777,0.981508777,0.000000000,-0.005312095,190,0.012943661,0.012943661,193,3,1.000,RASTER_BOUNDARY_DIFFERENCE
THaelQmgDKdUwfSFIAx5,825,train,person,CANONICAL_POLYGON,726281,727717,1,1,0,0,0,4.906283,81,0.997925123,0.998961484,0.996758854,0.996758854,0.000000000,-0.001166269,1436,0.001977196,0.001977196,1473,37,1.000,RASTER_BOUNDARY_DIFFERENCE
THaelQmgDKdUwfSFIAx5,826,train,helmet_loose,CANONICAL_POLYGON,126360,127029,1,1,0,0,0,3.872029,37,0.994450873,0.997217717,0.994378528,0.994378528,0.000000000,-0.000072344,669,0.005294397,0.005294397,687,18,1.000,RASTER_BOUNDARY_DIFFERENCE
TRn9Bx3c2kyqm0x9Suct,827,train,vest_on_body,CANONICAL_RLE,799141,800324,6,6,1,2,284,7.179243,2265,0.994825438,0.997406008,0.999644745,0.998710279,0.000934466,0.003884841,1183,0.001480340,0.001480340,2666,1483,1.000,RASTER_BOUNDARY_DIFFERENCE|MULTI_COMPONENT_APPROXIMATION|COMPONENT_JOIN_APPROXIMATION|HOLE_FILL_APPROXIMATION
TRn9Bx3c2kyqm0x9Suct,828,train,person,CANONICAL_RLE,1577105,1577602,13,11,1,3,21,6.084487,2739,0.997620996,0.998809081,0.999985417,0.999818688,0.000166729,0.002197692,497,0.000315134,0.000315134,2127,1630,1.000,RASTER_BOUNDARY_DIFFERENCE|MULTI_COMPONENT_APPROXIMATION|COMPONENT_JOIN_APPROXIMATION|HOLE_FILL_APPROXIMATION
TfT34mr30shVLpJdQuu4,829,train,vest_on_body,CANONICAL_RLE,177726,177736,2,1,0,0,0,4.515545,627,0.994366924,0.997175507,0.999983120,0.999983120,0.000000000,0.005616196,10,0.000056266,0.000056266,507,497,1.000,RASTER_BOUNDARY_DIFFERENCE|MULTI_COMPONENT_APPROXIMATION
TfT34mr30shVLpJdQuu4,830,train,person,CANONICAL_RLE,267334,267552,1,1,0,1,148,6.968869,1293,0.992943105,0.996459059,0.999446692,0.999446692,0.000000000,0.006503587,218,0.000815459,0.000815459,1056,838,1.000,RASTER_BOUNDARY_DIFFERENCE|HOLE_FILL_APPROXIMATION
TqbtZYtTWiEhg5zB0duU,831,train,person,CANONICAL_POLYGON,280236,281487,2,1,0,0,0,5.407877,112,0.995045443,0.997516570,0.994592176,0.994592176,0.000000000,-0.000453267,1251,0.004464095,0.004464095,1323,72,1.000,RASTER_BOUNDARY_DIFFERENCE|MULTI_COMPONENT_APPROXIMATION
Tw3kcCGIMX2DmGQevfCR,832,train,person,CANONICAL_RLE,221391,221812,1,1,0,1,435,6.297857,1088,0.991529765,0.995746870,0.998039004,0.998039004,0.000000000,0.006509239,421,0.001901613,0.001901613,1153,732,1.000,RASTER_BOUNDARY_DIFFERENCE|HOLE_FILL_APPROXIMATION
Tw3kcCGIMX2DmGQevfCR,833,train,vest_on_body,CANONICAL_RLE,114411,114389,2,2,1,0,0,5.928757,686,0.989911289,0.994930070,1.000000000,0.999930082,0.000069918,0.010018793,22,0.000192289,-0.000192289,569,591,1.000,MULTI_COMPONENT_APPROXIMATION|COMPONENT_JOIN_APPROXIMATION
TwF1Rahc7CIP2gpmlbLS,834,train,helmet_loose,CANONICAL_POLYGON,18111,18298,1,1,0,0,0,3.945399,23,0.987607817,0.993765278,0.984646377,0.984646377,0.000000000,-0.002961441,187,0.010325217,0.010325217,207,20,1.000,RASTER_BOUNDARY_DIFFERENCE
TwF1Rahc7CIP2gpmlbLS,835,train,helmet_loose,CANONICAL_POLYGON,13873,14187,1,1,0,0,0,4.235390,24,0.977588273,0.988667142,0.980174184,0.980174184,0.000000000,0.002585911,314,0.022633893,0.022633893,316,2,1.000,RASTER_BOUNDARY_DIFFERENCE
TwF1Rahc7CIP2gpmlbLS,836,train,helmet_loose,CANONICAL_POLYGON,21726,22008,1,1,0,0,0,3.871167,27,0.986644862,0.993277542,0.986316316,0.986316316,0.000000000,-0.000328546,282,0.012979840,0.012979840,288,6,1.000,RASTER_BOUNDARY_DIFFERENCE
TwF1Rahc7CIP2gpmlbLS,837,train,helmet_loose,CANONICAL_POLYGON,36377,36703,1,1,0,0,0,3.805407,22,0.990196078,0.995073892,0.989136354,0.989136354,0.000000000,-0.001059725,326,0.008961707,0.008961707,343,17,1.000,RASTER_BOUNDARY_DIFFERENCE
TwF1Rahc7CIP2gpmlbLS,838,train,helmet_loose,CANONICAL_POLYGON,24602,24817,1,1,0,0,0,4.339702,38,0.989252506,0.994597220,0.985397360,0.985397360,0.000000000,-0.003855145,215,0.008739127,0.008739127,241,26,1.000,RASTER_BOUNDARY_DIFFERENCE
TwF1Rahc7CIP2gpmlbLS,839,train,vest_loose,CANONICAL_POLYGON,10712,10878,1,1,0,0,0,5.801191,12,0.981461087,0.990643817,0.966636446,0.966636446,0.000000000,-0.014824641,166,0.015496639,0.015496639,184,18,1.000,RASTER_BOUNDARY_DIFFERENCE
TwF1Rahc7CIP2gpmlbLS,840,train,vest_loose,CANONICAL_POLYGON,21841,22112,1,1,0,0,0,4.707653,17,0.987564439,0.993743317,0.981944257,0.981944257,0.000000000,-0.005620182,271,0.012407857,0.012407857,273,2,1.000,RASTER_BOUNDARY_DIFFERENCE
TwF1Rahc7CIP2gpmlbLS,841,train,vest_loose,CANONICAL_POLYGON,21737,22030,1,1,0,0,0,4.628317,16,0.986159013,0.993031279,0.981981166,0.981981166,0.000000000,-0.004177846,293,0.013479321,0.013479321,299,6,1.000,RASTER_BOUNDARY_DIFFERENCE
TwF1Rahc7CIP2gpmlbLS,842,train,vest_loose,CANONICAL_POLYGON,30951,31161,1,1,0,0,0,4.689878,20,0.992685274,0.996329212,0.983971193,0.983971193,0.000000000,-0.008714082,210,0.006784918,0.006784918,219,9,1.000,RASTER_BOUNDARY_DIFFERENCE
TwF1Rahc7CIP2gpmlbLS,843,train,vest_loose,CANONICAL_POLYGON,41612,41927,1,1,0,0,0,4.362940,18,0.992296869,0.996133542,0.987685139,0.987685139,0.000000000,-0.004611730,315,0.007569932,0.007569932,319,4,1.000,RASTER_BOUNDARY_DIFFERENCE
TwF1Rahc7CIP2gpmlbLS,844,train,vest_loose,CANONICAL_POLYGON,52077,52475,1,1,0,0,0,4.396555,16,0.992301536,0.996135894,0.989650908,0.989650908,0.000000000,-0.002650627,398,0.007642529,0.007642529,401,3,0.000,RASTER_BOUNDARY_DIFFERENCE
TypXpPM2GOKRXVcgFCjR,845,train,vest_on_body,CANONICAL_POLYGON,55579,56015,1,1,0,0,0,4.878598,43,0.991327623,0.995644927,0.989826462,0.989826462,0.000000000,-0.001501161,436,0.007844690,0.007844690,461,25,1.000,RASTER_BOUNDARY_DIFFERENCE
TypXpPM2GOKRXVcgFCjR,846,train,person,CANONICAL_POLYGON,123249,124503,1,1,0,0,0,7.830029,115,0.988889602,0.994413769,0.988623865,0.988623865,0.000000000,-0.000265737,1254,0.010174525,0.010174525,1319,65,1.000,RASTER_BOUNDARY_DIFFERENCE
TypXpPM2GOKRXVcgFCjR,847,train,helmet_on_head,CANONICAL_POLYGON,2002,2142,1,1,0,0,0,7.063534,19,0.931934732,0.964768340,0.923291492,0.923291492,0.000000000,-0.008643240,140,0.069930070,0.069930070,143,3,1.000,RASTER_BOUNDARY_DIFFERENCE
U0AseIcul3Oj2l27WnM8,848,train,person,CANONICAL_POLYGON,2049254,2051910,1,1,0,0,0,4.524366,118,0.998587741,0.999293371,0.998273276,0.998273276,0.000000000,-0.000314464,2656,0.001296081,0.001296081,2777,121,1.000,RASTER_BOUNDARY_DIFFERENCE
U0AseIcul3Oj2l27WnM8,849,train,helmet_on_head,CANONICAL_POLYGON,180568,181673,1,1,0,0,0,4.779315,46,0.993522610,0.996750782,0.993749036,0.993749036,0.000000000,0.000226426,1105,0.006119578,0.006119578,1141,36,1.000,RASTER_BOUNDARY_DIFFERENCE
U1qd4okczSBsE3VT6pzg,850,train,person,CANONICAL_POLYGON,143694,145214,2,1,0,0,0,7.499551,91,0.989162840,0.994551899,0.989818919,0.989818919,0.000000000,0.000656079,1520,0.010578034,0.010578034,1547,27,2.000,RASTER_BOUNDARY_DIFFERENCE|MULTI_COMPONENT_APPROXIMATION
U8OKPL7BU1Y2lII5M7Ui,851,train,person,CANONICAL_POLYGON,288549,290077,1,1,0,0,0,6.127896,98,0.994333672,0.997158787,0.993958318,0.993958318,0.000000000,-0.000375354,1528,0.005295461,0.005295461,1586,58,1.000,RASTER_BOUNDARY_DIFFERENCE
UCdf01APuQuNPLZxO7Vb,852,train,helmet_loose,CANONICAL_RLE,60756,60722,1,1,0,0,0,3.870876,336,0.990822531,0.995390112,1.000000000,1.000000000,0.000000000,0.009177469,34,0.000559616,-0.000559616,263,297,1.000,SERIALIZATION_ONLY
UCdf01APuQuNPLZxO7Vb,853,train,helmet_loose,CANONICAL_RLE,19651,19495,1,1,0,0,0,4.200927,119,0.987308356,0.993613651,1.000000000,1.000000000,0.000000000,0.012691644,156,0.007938527,-0.007938527,47,203,1.000,SERIALIZATION_ONLY
UCdf01APuQuNPLZxO7Vb,854,train,helmet_loose,CANONICAL_RLE,78477,78489,1,1,0,0,0,4.137646,295,0.992080716,0.996024617,1.000000000,1.000000000,0.000000000,0.007919284,12,0.000152911,0.000152911,318,306,1.000,SERIALIZATION_ONLY
UCdf01APuQuNPLZxO7Vb,855,train,helmet_loose,CANONICAL_RLE,85201,85267,1,1,0,0,0,3.899915,495,0.992822155,0.996398151,1.000000000,1.000000000,0.000000000,0.007177845,66,0.000774639,0.000774639,340,274,1.000,SERIALIZATION_ONLY
UCdf01APuQuNPLZxO7Vb,856,train,helmet_loose,CANONICAL_RLE,71807,71861,1,1,0,0,0,3.914109,460,0.992510818,0.996241334,1.000000000,1.000000000,0.000000000,0.007489182,54,0.000752016,0.000752016,297,243,1.000,SERIALIZATION_ONLY
UCdf01APuQuNPLZxO7Vb,857,train,helmet_loose,CANONICAL_RLE,4082,4009,1,1,0,0,0,5.035533,87,0.974859653,0.987269806,1.000000000,1.000000000,0.000000000,0.025140347,73,0.017883390,-0.017883390,15,88,1.000,SERIALIZATION_ONLY
UCdf01APuQuNPLZxO7Vb,858,train,helmet_loose,CANONICAL_RLE,26919,26797,1,1,0,0,0,4.480312,200,0.980313364,0.990058828,1.000000000,1.000000000,0.000000000,0.019686636,122,0.004532115,-0.004532115,206,328,1.000,SERIALIZATION_ONLY
UCdf01APuQuNPLZxO7Vb,859,train,helmet_loose,CANONICAL_RLE,110055,110120,1,1,0,0,0,3.863483,562,0.994031716,0.997006926,1.000000000,1.000000000,0.000000000,0.005968284,65,0.000590614,0.000590614,362,297,1.000,SERIALIZATION_ONLY
UCdf01APuQuNPLZxO7Vb,860,train,helmet_loose,CANONICAL_RLE,43086,43301,1,1,0,0,0,4.594619,263,0.993331487,0.996654589,1.000000000,1.000000000,0.000000000,0.006668513,215,0.004990020,0.004990020,252,37,0.000,SERIALIZATION_ONLY
UCdf01APuQuNPLZxO7Vb,861,train,helmet_loose,CANONICAL_RLE,102590,102750,1,1,0,0,0,3.876878,527,0.993901965,0.996941658,1.000000000,1.000000000,0.000000000,0.006098035,160,0.001559606,0.001559606,394,234,1.000,SERIALIZATION_ONLY
UCdf01APuQuNPLZxO7Vb,862,train,helmet_loose,CANONICAL_RLE,61461,61535,1,1,0,0,0,3.932487,434,0.991676787,0.995821002,1.000000000,1.000000000,0.000000000,0.008323213,74,0.001204016,0.001204016,294,220,1.000,SERIALIZATION_ONLY
UCdf01APuQuNPLZxO7Vb,863,train,helmet_loose,CANONICAL_RLE,67575,67640,1,1,0,0,0,3.928806,451,0.992763769,0.996368746,1.000000000,1.000000000,0.000000000,0.007236231,65,0.000961894,0.000961894,278,213,1.000,SERIALIZATION_ONLY
UCdf01APuQuNPLZxO7Vb,864,train,helmet_loose,CANONICAL_RLE,50841,50716,1,1,0,0,0,4.012710,270,0.993111434,0.996543813,1.000000000,1.000000000,0.000000000,0.006888566,125,0.002458646,-0.002458646,113,238,1.000,SERIALIZATION_ONLY
UCdf01APuQuNPLZxO7Vb,865,train,helmet_loose,CANONICAL_RLE,52758,52725,1,1,0,0,0,4.012324,337,0.992877385,0.996425964,1.000000000,1.000000000,0.000000000,0.007122615,33,0.000625498,-0.000625498,172,205,1.000,SERIALIZATION_ONLY
UCdf01APuQuNPLZxO7Vb,866,train,helmet_loose,CANONICAL_RLE,91119,91223,1,1,0,0,0,3.875350,499,0.993353375,0.996665606,1.000000000,1.000000000,0.000000000,0.006646625,104,0.001141365,0.001141365,356,252,1.000,SERIALIZATION_ONLY
UCdf01APuQuNPLZxO7Vb,867,train,helmet_loose,CANONICAL_RLE,76386,76429,1,1,0,0,0,3.897681,474,0.992554731,0.996263456,1.000000000,1.000000000,0.000000000,0.007445269,43,0.000562930,0.000562930,307,264,1.000,SERIALIZATION_ONLY
UUktj1unQEF7oxAAKuge,868,train,person,CANONICAL_POLYGON,295945,297786,1,1,0,0,0,5.829777,77,0.993670419,0.996825162,0.994235430,0.994235430,0.000000000,0.000565011,1841,0.006220750,0.006220750,1863,22,1.000,RASTER_BOUNDARY_DIFFERENCE
Ud5BlYIB2FSpmLDEEq9z,869,train,vest_on_body,CANONICAL_RLE,3336,3368,2,2,1,0,0,8.045931,192,0.929208633,0.963305489,1.000000000,0.996118244,0.003881756,0.066909611,32,0.009592326,0.009592326,139,107,1.000,MULTI_COMPONENT_APPROXIMATION|COMPONENT_JOIN_APPROXIMATION
Ud5BlYIB2FSpmLDEEq9z,870,train,helmet_on_head,CANONICAL_RLE,2929,2939,1,1,0,0,0,3.857195,91,0.961229947,0.980231766,1.000000000,1.000000000,0.000000000,0.038770053,10,0.003414135,0.003414135,63,53,1.000,SERIALIZATION_ONLY
Ud5BlYIB2FSpmLDEEq9z,871,train,person,CANONICAL_RLE,34723,35178,1,1,0,1,381,6.480061,495,0.972542822,0.986080314,0.989146536,0.989146536,0.000000000,0.016603714,455,0.013103706,0.013103706,714,259,1.000,RASTER_BOUNDARY_DIFFERENCE|HOLE_FILL_APPROXIMATION
Um5Oft7wh92nWZzcd33C,872,train,person,CANONICAL_POLYGON,96896,98209,1,1,0,0,0,5.931947,69,0.986488963,0.993198534,0.990029248,0.990029248,0.000000000,0.003540284,1313,0.013550611,0.013550611,1320,7,1.000,RASTER_BOUNDARY_DIFFERENCE
Um5Oft7wh92nWZzcd33C,873,train,person,CANONICAL_POLYGON,101636,102736,1,1,0,0,0,5.720397,65,0.988944469,0.994441509,0.990880362,0.990880362,0.000000000,0.001935893,1100,0.010822937,0.010822937,1118,18,1.000,RASTER_BOUNDARY_DIFFERENCE
Um5Oft7wh92nWZzcd33C,874,train,person,CANONICAL_POLYGON,97146,97848,1,1,0,0,0,5.373221,54,0.992520156,0.996246038,0.990721839,0.990721839,0.000000000,-0.001798317,702,0.007226237,0.007226237,717,15,1.000,RASTER_BOUNDARY_DIFFERENCE
Um5Oft7wh92nWZzcd33C,875,train,helmet_on_head,CANONICAL_POLYGON,2609,2754,1,1,0,0,0,4.298899,13,0.947349310,0.972962894,0.955114054,0.955114054,0.000000000,0.007764744,145,0.055576849,0.055576849,145,0,1.000,RASTER_BOUNDARY_DIFFERENCE
V2ZGAcXVfLD8h3Nv7zCq,879,train,person,CANONICAL_POLYGON,450142,451931,1,1,0,0,0,5.648357,94,0.995878027,0.997934757,0.995687862,0.995687862,0.000000000,-0.000190164,1789,0.003974301,0.003974301,1826,37,0.000,RASTER_BOUNDARY_DIFFERENCE
V2ZGAcXVfLD8h3Nv7zCq,880,train,person,CANONICAL_POLYGON,330529,332057,1,1,0,0,0,6.168446,93,0.995085951,0.997536924,0.994539960,0.994539960,0.000000000,-0.000545991,1528,0.004622892,0.004622892,1580,52,1.000,RASTER_BOUNDARY_DIFFERENCE
V2ZGAcXVfLD8h3Nv7zCq,881,train,helmet_on_head,CANONICAL_POLYGON,33425,33749,1,1,0,0,0,4.432326,27,0.989515460,0.994730104,0.986663512,0.986663512,0.000000000,-0.002851948,324,0.009693343,0.009693343,339,15,1.000,RASTER_BOUNDARY_DIFFERENCE
V2ZGAcXVfLD8h3Nv7zCq,882,train,helmet_on_head,CANONICAL_POLYGON,13765,13910,1,1,0,0,0,4.678350,20,0.987004595,0.993459801,0.977633735,0.977633735,0.000000000,-0.009370860,145,0.010533963,0.010533963,163,18,1.000,RASTER_BOUNDARY_DIFFERENCE
V2ZGAcXVfLD8h3Nv7zCq,883,train,helmet_on_head,CANONICAL_POLYGON,54623,55127,1,1,0,0,0,4.078105,30,0.990315912,0.995134396,0.990522532,0.990522532,0.000000000,0.000206620,504,0.009226882,0.009226882,519,15,2.000,RASTER_BOUNDARY_DIFFERENCE
V2ZGAcXVfLD8h3Nv7zCq,884,train,person,CANONICAL_POLYGON,584738,586089,1,1,0,0,0,5.380495,105,0.997493807,0.998745331,0.996300033,0.996300033,0.000000000,-0.001193774,1351,0.002310436,0.002310436,1410,59,0.000,RASTER_BOUNDARY_DIFFERENCE
V2ZGAcXVfLD8h3Nv7zCq,885,train,person,CANONICAL_POLYGON,12145,12335,1,1,0,0,0,5.779278,24,0.979461470,0.989624183,0.971678434,0.971678434,0.000000000,-0.007783036,190,0.015644298,0.015644298,222,32,1.000,RASTER_BOUNDARY_DIFFERENCE
V2ZGAcXVfLD8h3Nv7zCq,886,train,vest_on_body,CANONICAL_RLE,253360,253786,3,3,1,0,0,6.693124,1173,0.992668149,0.996320586,1.000000000,0.998726757,0.001273243,0.006058608,426,0.001681402,0.001681402,1146,720,1.000,MULTI_COMPONENT_APPROXIMATION|COMPONENT_JOIN_APPROXIMATION
V2ZGAcXVfLD8h3Nv7zCq,887,train,vest_on_body,CANONICAL_RLE,94817,95013,2,2,1,0,0,8.115723,762,0.987353301,0.993636412,1.000000000,0.999609927,0.000390073,0.012256625,196,0.002067140,0.002067140,702,506,1.000,MULTI_COMPONENT_APPROXIMATION|COMPONENT_JOIN_APPROXIMATION
V2ZGAcXVfLD8h3Nv7zCq,888,train,vest_on_body,CANONICAL_RLE,161761,161892,2,2,1,0,0,5.399262,784,0.993489575,0.996734157,1.000000000,0.999950547,0.000049453,0.006460971,131,0.000809837,0.000809837,594,463,1.000,MULTI_COMPONENT_APPROXIMATION|COMPONENT_JOIN_APPROXIMATION
VKyk8uoMs024kVF0SQRN,892,train,person,CANONICAL_POLYGON,448794,450699,1,1,0,0,0,5.135528,91,0.995658106,0.997824330,0.995702505,0.995702505,0.000000000,0.000044399,1905,0.004244709,0.004244709,1931,26,1.000,RASTER_BOUNDARY_DIFFERENCE
Vtt35PA66TdcCFU5LqWG,893,train,helmet_loose,CANONICAL_POLYGON,17725,18064,1,1,0,0,0,3.829417,20,0.981123720,0.990471933,0.985034771,0.985034771,0.000000000,0.003911051,339,0.019125529,0.019125529,340,1,1.000,RASTER_BOUNDARY_DIFFERENCE
Vtt35PA66TdcCFU5LqWG,894,train,helmet_loose,CANONICAL_POLYGON,25594,25784,1,1,0,0,0,3.838407,20,0.991472538,0.995718012,0.987140871,0.987140871,0.000000000,-0.004331667,190,0.007423615,0.007423615,205,15,1.000,RASTER_BOUNDARY_DIFFERENCE
Vtt35PA66TdcCFU5LqWG,895,train,helmet_loose,CANONICAL_POLYGON,20905,21198,1,1,0,0,0,3.861489,19,0.986084249,0.992993373,0.985454545,0.985454545,0.000000000,-0.000629704,293,0.014015786,0.014015786,294,1,1.000,RASTER_BOUNDARY_DIFFERENCE
Vtt35PA66TdcCFU5LqWG,896,train,helmet_loose,CANONICAL_POLYGON,22818,23185,1,1,0,0,0,3.862439,20,0.983657453,0.991761407,0.986754394,0.986754394,0.000000000,0.003096940,367,0.016083793,0.016083793,373,6,1.000,RASTER_BOUNDARY_DIFFERENCE
Vtt35PA66TdcCFU5LqWG,897,train,helmet_loose,CANONICAL_POLYGON,25880,26140,1,1,0,0,0,3.850794,23,0.989520786,0.994732795,0.987813730,0.987813730,0.000000000,-0.001707057,260,0.010046368,0.010046368,267,7,1.000,RASTER_BOUNDARY_DIFFERENCE
Vtt35PA66TdcCFU5LqWG,898,train,helmet_loose,CANONICAL_POLYGON,19212,19424,1,1,0,0,0,3.801097,17,0.987550800,0.993736412,0.985364351,0.985364351,0.000000000,-0.002186449,212,0.011034770,0.011034770,227,15,1.000,RASTER_BOUNDARY_DIFFERENCE
Vtt35PA66TdcCFU5LqWG,899,train,helmet_loose,CANONICAL_POLYGON,23621,23917,1,1,0,0,0,3.872495,23,0.986295074,0.993100257,0.986906505,0.986906505,0.000000000,0.000611431,296,0.012531222,0.012531222,312,16,1.000,RASTER_BOUNDARY_DIFFERENCE
Vtt35PA66TdcCFU5LqWG,900,train,helmet_loose,CANONICAL_POLYGON,22683,22845,1,1,0,0,0,3.908645,21,0.992385454,0.996178176,0.986245919,0.986245919,0.000000000,-0.006139534,162,0.007141912,0.007141912,168,6,1.000,RASTER_BOUNDARY_DIFFERENCE
Vtt35PA66TdcCFU5LqWG,901,train,helmet_loose,CANONICAL_POLYGON,12560,12725,1,1,0,0,0,3.978926,13,0.986408987,0.993157999,0.983084032,0.983084032,0.000000000,-0.003324956,165,0.013136943,0.013136943,169,4,1.000,RASTER_BOUNDARY_DIFFERENCE
Vtt35PA66TdcCFU5LqWG,902,train,helmet_loose,CANONICAL_POLYGON,17518,17849,1,1,0,0,0,4.172156,18,0.981233544,0.990527893,0.983420446,0.983420446,0.000000000,0.002186902,331,0.018894851,0.018894851,333,2,1.000,RASTER_BOUNDARY_DIFFERENCE
Vtt35PA66TdcCFU5LqWG,903,train,helmet_loose,CANONICAL_POLYGON,2705,2853,1,1,0,0,0,3.847044,9,0.947442186,0.973011875,0.962566845,0.962566845,0.000000000,0.015124659,148,0.054713494,0.054713494,149,1,1.000,RASTER_BOUNDARY_DIFFERENCE
Vtt35PA66TdcCFU5LqWG,904,train,helmet_loose,CANONICAL_POLYGON,2179,2207,1,1,0,0,0,3.934031,9,0.984615385,0.992248062,0.964143426,0.964143426,0.000000000,-0.020471958,28,0.012849931,0.012849931,31,3,0.000,RASTER_BOUNDARY_DIFFERENCE
Vtt35PA66TdcCFU5LqWG,905,train,helmet_loose,CANONICAL_POLYGON,1589,1619,1,1,0,0,0,4.550594,8,0.977805179,0.988778055,0.935866983,0.935866983,0.000000000,-0.041938195,30,0.018879799,0.018879799,33,3,1.000,RASTER_BOUNDARY_DIFFERENCE
Vtt35PA66TdcCFU5LqWG,906,train,helmet_loose,CANONICAL_POLYGON,1017,1097,1,1,0,0,0,3.982767,6,0.925318761,0.961210974,0.936170213,0.936170213,0.000000000,0.010851451,80,0.078662734,0.078662734,81,1,1.000,RASTER_BOUNDARY_DIFFERENCE|SMALL_MASK_SENSITIVITY
Vtt35PA66TdcCFU5LqWG,907,train,vest_loose,CANONICAL_RLE,138915,138966,1,1,0,2,3,7.512663,951,0.991236242,0.995598835,0.999978405,0.999978405,0.000000000,0.008742163,51,0.000367131,0.000367131,637,586,1.000,RASTER_BOUNDARY_DIFFERENCE|HOLE_FILL_APPROXIMATION
Vtt35PA66TdcCFU5LqWG,908,train,vest_loose,CANONICAL_RLE,57368,57503,1,1,0,0,0,5.765337,480,0.987078137,0.993497053,1.000000000,1.000000000,0.000000000,0.012921863,135,0.002353228,0.002353228,441,306,1.000,SERIALIZATION_ONLY
Vtt35PA66TdcCFU5LqWG,909,train,vest_loose,CANONICAL_RLE,241004,243357,29,23,1,12,1301,13.242502,2948,0.976798097,0.988262887,0.994585337,0.990338819,0.004246517,0.013540723,2353,0.009763323,0.009763323,4019,1666,1.000,RASTER_BOUNDARY_DIFFERENCE|MULTI_COMPONENT_APPROXIMATION|COMPONENT_JOIN_APPROXIMATION|HOLE_FILL_APPROXIMATION
Vtt35PA66TdcCFU5LqWG,910,train,vest_loose,CANONICAL_RLE,87595,87610,1,1,0,0,0,4.938379,629,0.991079039,0.995519534,1.000000000,1.000000000,0.000000000,0.008920961,15,0.000171243,0.000171243,400,385,1.000,SERIALIZATION_ONLY
Vtt35PA66TdcCFU5LqWG,911,train,vest_loose,CANONICAL_RLE,57584,57647,2,2,1,0,0,5.561492,593,0.988318321,0.994124845,1.000000000,0.999496641,0.000503359,0.011178320,63,0.001094054,0.001094054,370,307,0.000,MULTI_COMPONENT_APPROXIMATION|COMPONENT_JOIN_APPROXIMATION
Vtt35PA66TdcCFU5LqWG,912,train,vest_loose,CANONICAL_RLE,72186,72471,1,1,0,1,302,5.580889,599,0.985873728,0.992886621,0.995833793,0.995833793,0.000000000,0.009960065,285,0.003948134,0.003948134,657,372,1.000,RASTER_BOUNDARY_DIFFERENCE|HOLE_FILL_APPROXIMATION
Vtt35PA66TdcCFU5LqWG,913,train,vest_loose,CANONICAL_RLE,254401,254959,3,3,1,3,411,9.604239,1706,0.989267889,0.994604995,0.998387046,0.998222512,0.000164534,0.008954623,558,0.002193388,0.002193388,1653,1095,1.000,RASTER_BOUNDARY_DIFFERENCE|MULTI_COMPONENT_APPROXIMATION|COMPONENT_JOIN_APPROXIMATION|HOLE_FILL_APPROXIMATION
Vtt35PA66TdcCFU5LqWG,914,train,vest_loose,CANONICAL_RLE,44061,44036,1,1,0,0,0,5.359920,303,0.991522742,0.995743328,1.000000000,1.000000000,0.000000000,0.008477258,25,0.000567395,-0.000567395,175,200,1.000,SERIALIZATION_ONLY
Vtt35PA66TdcCFU5LqWG,915,train,vest_loose,CANONICAL_RLE,48452,48299,1,1,0,0,0,5.520607,327,0.982358726,0.991100867,1.000000000,1.000000000,0.000000000,0.017641274,153,0.003157764,-0.003157764,354,507,1.000,SERIALIZATION_ONLY
Vtt35PA66TdcCFU5LqWG,916,train,vest_loose,CANONICAL_RLE,54207,54315,1,1,0,0,0,4.884674,351,0.988201455,0.994065719,1.000000000,1.000000000,0.000000000,0.011798545,108,0.001992363,0.001992363,376,268,1.000,SERIALIZATION_ONLY
Vtt35PA66TdcCFU5LqWG,917,train,vest_loose,CANONICAL_RLE,42668,42720,1,1,0,0,0,5.487219,392,0.986737709,0.993324589,1.000000000,1.000000000,0.000000000,0.013262291,52,0.001218712,0.001218712,311,259,1.000,SERIALIZATION_ONLY
Vtt35PA66TdcCFU5LqWG,918,train,vest_loose,CANONICAL_RLE,19278,19268,2,2,1,0,0,7.205262,283,0.967034089,0.983240803,1.000000000,0.998084390,0.001915610,0.031050302,10,0.000518726,-0.000518726,318,328,1.000,MULTI_COMPONENT_APPROXIMATION|COMPONENT_JOIN_APPROXIMATION
Vtt35PA66TdcCFU5LqWG,919,train,vest_loose,CANONICAL_RLE,69468,69483,1,1,0,0,0,4.987988,592,0.991244035,0.995602766,1.000000000,1.000000000,0.000000000,0.008755965,15,0.000215927,0.000215927,313,298,1.000,SERIALIZATION_ONLY
VzapfWdPlwdZ5ZjvR9Lz,920,train,vest_on_body,CANONICAL_RLE,308642,308639,2,2,1,0,0,5.931492,1004,0.995154982,0.997571608,1.000000000,0.999381543,0.000618457,0.004226560,3,0.000009720,-0.000009720,748,751,1.000,MULTI_COMPONENT_APPROXIMATION|COMPONENT_JOIN_APPROXIMATION
VzapfWdPlwdZ5ZjvR9Lz,921,train,helmet_loose,CANONICAL_RLE,377557,377603,1,1,0,0,0,3.883948,903,0.997027572,0.998511574,1.000000000,1.000000000,0.000000000,0.002972428,46,0.000121836,0.000121836,585,539,1.000,SERIALIZATION_ONLY
VzapfWdPlwdZ5ZjvR9Lz,922,train,person,CANONICAL_RLE,739025,738831,4,4,1,0,0,9.364322,1880,0.994423707,0.997204058,1.000000000,0.998440918,0.001559082,0.004017211,194,0.000262508,-0.000262508,1969,2163,1.000,MULTI_COMPONENT_APPROXIMATION|COMPONENT_JOIN_APPROXIMATION
VzapfWdPlwdZ5ZjvR9Lz,923,train,person,CANONICAL_RLE,663451,664414,7,7,1,0,0,10.644271,3008,0.992854709,0.996414545,1.000000000,0.998317707,0.001682293,0.005462997,963,0.001451501,0.001451501,2862,1899,1.000,MULTI_COMPONENT_APPROXIMATION|COMPONENT_JOIN_APPROXIMATION
WDUbla9aKXNSFb1VPo3Y,924,train,person,CANONICAL_POLYGON,555751,558355,1,1,0,0,0,5.434324,91,0.995204086,0.997596279,0.995971458,0.995971458,0.000000000,0.000767372,2604,0.004685552,0.004685552,2641,37,1.000,RASTER_BOUNDARY_DIFFERENCE
WDUbla9aKXNSFb1VPo3Y,925,train,vest_on_body,CANONICAL_POLYGON,271106,272752,1,1,0,0,0,4.602982,68,0.993833633,0.996907281,0.995119712,0.995119712,0.000000000,0.001286079,1646,0.006071426,0.006071426,1664,18,1.000,RASTER_BOUNDARY_DIFFERENCE
WDUbla9aKXNSFb1VPo3Y,926,train,helmet_on_head,CANONICAL_POLYGON,158638,159349,1,1,0,0,0,3.860951,41,0.995262626,0.997625689,0.994723369,0.994723369,0.000000000,-0.000539257,711,0.004481902,0.004481902,733,22,1.000,RASTER_BOUNDARY_DIFFERENCE
WK7rSXorlMi85h9asAR3,927,train,helmet_on_head,CANONICAL_POLYGON,148622,149225,1,1,0,0,0,4.839299,61,0.995103457,0.997545720,0.993225394,0.993225394,0.000000000,-0.001878063,603,0.004057273,0.004057273,667,64,0.000,RASTER_BOUNDARY_DIFFERENCE
WK7rSXorlMi85h9asAR3,928,train,vest_on_body,CANONICAL_POLYGON,172507,173824,1,1,0,0,0,8.903179,119,0.990144981,0.995048090,0.990123514,0.990123514,0.000000000,-0.000021467,1317,0.007634473,0.007634473,1516,199,1.000,RASTER_BOUNDARY_DIFFERENCE
WK7rSXorlMi85h9asAR3,929,train,person,CANONICAL_POLYGON,677436,679304,1,1,0,0,0,5.236801,186,0.997073734,0.998534723,0.996563807,0.996563807,0.000000000,-0.000509927,1868,0.002757456,0.002757456,1928,60,1.000,RASTER_BOUNDARY_DIFFERENCE
WfgDXbNWgS61DtELPPR9,935,train,person,CANONICAL_POLYGON,315590,316985,1,1,0,0,0,5.070878,70,0.995485847,0.997737818,0.995173532,0.995173532,0.000000000,-0.000312315,1395,0.004420292,0.004420292,1413,18,1.000,RASTER_BOUNDARY_DIFFERENCE
WiRPJkDVQdPSvkqMW8Rh,936,train,helmet_loose,CANONICAL_POLYGON,15438,15530,1,1,0,0,0,3.780531,19,0.990999100,0.995479204,0.983468437,0.983468437,0.000000000,-0.007530663,92,0.005959321,0.005959321,116,24,1.000,RASTER_BOUNDARY_DIFFERENCE
WmrVhZUFxNgrZvYUWnIJ,951,train,person,CANONICAL_POLYGON,665069,667000,1,1,0,0,0,4.851556,138,0.996829523,0.998412244,0.996784012,0.996784012,0.000000000,-0.000045511,1931,0.002903458,0.002903458,2023,92,1.000,RASTER_BOUNDARY_DIFFERENCE
WmrVhZUFxNgrZvYUWnIJ,952,train,helmet_on_head,CANONICAL_POLYGON,38483,38823,1,1,0,0,0,4.914618,43,0.990780799,0.995369053,0.985934653,0.985934653,0.000000000,-0.004846147,340,0.008835070,0.008835070,349,9,2.000,RASTER_BOUNDARY_DIFFERENCE
WmrVhZUFxNgrZvYUWnIJ,953,train,vest_on_body,CANONICAL_POLYGON,196489,198326,1,1,0,0,0,7.344846,133,0.990526703,0.995240809,0.991523113,0.991523113,0.000000000,0.000996410,1837,0.009349124,0.009349124,1858,21,1.000,RASTER_BOUNDARY_DIFFERENCE
WmrVhZUFxNgrZvYUWnIJ,954,train,vest_on_body,CANONICAL_POLYGON,126011,126520,1,1,0,0,0,5.300731,58,0.994258819,0.997121146,0.992331458,0.992331458,0.000000000,-0.001927361,509,0.004039330,0.004039330,618,109,1.000,RASTER_BOUNDARY_DIFFERENCE
WrxzGNad1ocUQmr32npK,955,train,person,CANONICAL_POLYGON,2089701,2093164,1,1,0,0,0,4.854588,143,0.998205236,0.999101812,0.998180252,0.998180252,0.000000000,-0.000024984,3463,0.001657175,0.001657175,3610,147,1.000,RASTER_BOUNDARY_DIFFERENCE
WrxzGNad1ocUQmr32npK,956,train,vest_on_body,CANONICAL_POLYGON,542325,544330,2,1,0,0,0,6.113854,170,0.995795927,0.997893536,0.995485974,0.995485974,0.000000000,-0.000309953,2005,0.003697045,0.003697045,2147,142,1.000,RASTER_BOUNDARY_DIFFERENCE|MULTI_COMPONENT_APPROXIMATION
WrxzGNad1ocUQmr32npK,957,train,helmet_on_head,CANONICAL_POLYGON,142999,143810,1,1,0,0,0,4.985884,47,0.993099423,0.996537766,0.992842053,0.992842053,0.000000000,-0.000257370,811,0.005671368,0.005671368,902,91,1.000,RASTER_BOUNDARY_DIFFERENCE
Wv9gMcKNBNTvFlSRuZe3,958,train,person,CANONICAL_POLYGON,55471,56021,1,1,0,0,0,6.134003,59,0.989081567,0.994510817,0.986699902,0.986699902,0.000000000,-0.002381665,550,0.009915091,0.009915091,581,31,1.000,RASTER_BOUNDARY_DIFFERENCE
Wv9gMcKNBNTvFlSRuZe3,959,train,helmet_loose,CANONICAL_POLYGON,395124,396152,1,1,0,0,0,4.072584,70,0.997158008,0.998576982,0.996407506,0.996407506,0.000000000,-0.000750502,1028,0.002601715,0.002601715,1077,49,1.000,RASTER_BOUNDARY_DIFFERENCE
Wv9gMcKNBNTvFlSRuZe3,960,train,vest_on_body,CANONICAL_RLE,29942,29912,1,1,0,0,0,3.982968,246,0.988504983,0.994219267,1.000000000,1.000000000,0.000000000,0.011495017,30,0.001001937,-0.001001937,158,188,1.000,SERIALIZATION_ONLY
Wxlj5YOPuTXsUopMH7bg,966,train,person,CANONICAL_POLYGON,55932,56766,1,1,0,0,0,7.206765,73,0.984154651,0.992014055,0.984129221,0.984129221,0.000000000,-0.000025430,834,0.014910963,0.014910963,867,33,1.000,RASTER_BOUNDARY_DIFFERENCE
WzTgGIeyuH1B3BYfY7tf,967,train,person,CANONICAL_POLYGON,84427,85204,1,1,0,0,0,6.464983,83,0.989736432,0.994841745,0.987630170,0.987630170,0.000000000,-0.002106261,777,0.009203217,0.009203217,826,49,1.000,RASTER_BOUNDARY_DIFFERENCE
X5ZA7xQ8Kzl1xm0xBcdd,968,train,vest_on_body,CANONICAL_RLE,864552,864828,4,4,1,0,0,5.174824,1745,0.997463582,0.998730181,1.000000000,0.999756003,0.000243997,0.002292420,276,0.000319240,0.000319240,1236,960,1.000,MULTI_COMPONENT_APPROXIMATION|COMPONENT_JOIN_APPROXIMATION
X5ZA7xQ8Kzl1xm0xBcdd,969,train,person,CANONICAL_RLE,48785,48816,1,1,0,0,0,6.464543,554,0.986141918,0.993022612,1.000000000,1.000000000,0.000000000,0.013858082,31,0.000635441,0.000635441,356,325,1.000,SERIALIZATION_ONLY
X8B97hWGbmozigS9fEf4,970,train,person,CANONICAL_POLYGON,481528,483392,1,1,0,0,0,6.521895,140,0.995504056,0.997746963,0.994392693,0.994392693,0.000000000,-0.001111363,1864,0.003871011,0.003871011,2019,155,1.000,RASTER_BOUNDARY_DIFFERENCE
X8B97hWGbmozigS9fEf4,971,train,vest_on_body,CANONICAL_POLYGON,286228,287178,1,1,0,0,0,5.310020,107,0.996149776,0.998071175,0.994929965,0.994929965,0.000000000,-0.001219810,950,0.003319032,0.003319032,1028,78,1.000,RASTER_BOUNDARY_DIFFERENCE
XJ12x7QMBoWQ5JDrvK1E,972,train,person,CANONICAL_POLYGON,4073,4224,1,1,0,0,0,4.520674,14,0.960075597,0.979631192,0.956285444,0.956285444,0.000000000,-0.003790152,151,0.037073410,0.037073410,160,9,1.000,RASTER_BOUNDARY_DIFFERENCE
XJ12x7QMBoWQ5JDrvK1E,973,train,helmet_on_head,CANONICAL_POLYGON,1299,1356,1,1,0,0,0,3.791976,8,0.949339207,0.974011299,0.945215486,0.945215486,0.000000000,-0.004123721,57,0.043879908,0.043879908,63,6,1.000,RASTER_BOUNDARY_DIFFERENCE
XJ12x7QMBoWQ5JDrvK1E,974,train,vest_on_body,CANONICAL_RLE,4306,4352,2,2,1,0,0,5.191905,130,0.956610169,0.977823978,1.000000000,0.998377000,0.001623000,0.041766830,46,0.010682768,0.010682768,119,73,1.000,MULTI_COMPONENT_APPROXIMATION|COMPONENT_JOIN_APPROXIMATION
XQUau6Bs9iWpTYrXHtq0,975,train,person,CANONICAL_POLYGON,64879,65608,1,1,0,0,0,7.167523,70,0.988161263,0.994045384,0.986457905,0.986457905,0.000000000,-0.001703357,729,0.011236301,0.011236301,753,24,1.000,RASTER_BOUNDARY_DIFFERENCE
XR2eyVIj5HC0jcNt3TaF,976,train,person,CANONICAL_POLYGON,378460,380217,1,1,0,0,0,5.009660,82,0.995132329,0.997560227,0.995586261,0.995586261,0.000000000,0.000453932,1757,0.004642499,0.004642499,1804,47,1.000,RASTER_BOUNDARY_DIFFERENCE
XR2eyVIj5HC0jcNt3TaF,977,train,helmet_on_head,CANONICAL_POLYGON,42612,43163,1,1,0,0,0,4.434474,26,0.987188398,0.993552900,0.988365883,0.988365883,0.000000000,0.001177485,551,0.012930630,0.012930630,552,1,1.000,RASTER_BOUNDARY_DIFFERENCE
XR2eyVIj5HC0jcNt3TaF,978,train,vest_on_body,CANONICAL_RLE,34817,35952,5,4,1,0,0,11.512130,794,0.947466909,0.973024912,0.999971278,0.974582913,0.025388365,0.027116005,1135,0.032599018,0.032599018,1522,387,1.000,RASTER_BOUNDARY_DIFFERENCE|MULTI_COMPONENT_APPROXIMATION|COMPONENT_JOIN_APPROXIMATION
XakHn7NQJzcdCBMuA4V1,979,train,person,CANONICAL_POLYGON,127474,128187,1,1,0,0,0,4.483967,41,0.994080025,0.997031225,0.993264733,0.993264733,0.000000000,-0.000815292,713,0.005593297,0.005593297,736,23,1.000,RASTER_BOUNDARY_DIFFERENCE
XakHn7NQJzcdCBMuA4V1,980,train,person,CANONICAL_POLYGON,66895,67397,1,1,0,0,0,4.349633,34,0.991783219,0.995874661,0.990675956,0.990675956,0.000000000,-0.001107263,502,0.007504298,0.007504298,528,26,0.000,RASTER_BOUNDARY_DIFFERENCE
XakHn7NQJzcdCBMuA4V1,981,train,person,CANONICAL_RLE,136641,137379,1,1,0,1,539,6.375479,1005,0.987884943,0.993905554,0.996070856,0.996070856,0.000000000,0.008185913,738,0.005401014,0.005401014,1204,466,1.000,RASTER_BOUNDARY_DIFFERENCE|HOLE_FILL_APPROXIMATION
XakHn7NQJzcdCBMuA4V1,982,train,person,CANONICAL_RLE,280445,281668,1,1,0,1,1049,5.692303,1061,0.990886971,0.995422629,0.996273455,0.996273455,0.000000000,0.005386484,1223,0.004360926,0.004360926,1898,675,1.000,RASTER_BOUNDARY_DIFFERENCE|HOLE_FILL_APPROXIMATION
XglPXJS02oKjbtcYMeG1,983,train,person,CANONICAL_POLYGON,384733,386663,1,1,0,0,0,5.311635,94,0.994833164,0.997409891,0.995787670,0.995787670,0.000000000,0.000954506,1930,0.005016466,0.005016466,1964,34,1.000,RASTER_BOUNDARY_DIFFERENCE
XglPXJS02oKjbtcYMeG1,984,train,helmet_loose,CANONICAL_POLYGON,60277,60689,1,1,0,0,0,3.803776,28,0.992948581,0.996461816,0.991505334,0.991505334,0.000000000,-0.001443247,412,0.006835111,0.006835111,420,8,1.000,RASTER_BOUNDARY_DIFFERENCE
XvqBrAuKPXCrvqEIjBai,985,train,vest_on_body,CANONICAL_RLE,60919,60903,3,3,1,0,0,9.843570,675,0.981876749,0.990855510,1.000000000,0.994384865,0.005615135,0.012508116,16,0.000262644,-0.000262644,549,565,1.000,MULTI_COMPONENT_APPROXIMATION|COMPONENT_JOIN_APPROXIMATION
XvqBrAuKPXCrvqEIjBai,986,train,helmet_on_head,CANONICAL_RLE,19211,19114,1,1,0,0,0,4.433623,185,0.990288741,0.995120678,1.000000000,1.000000000,0.000000000,0.009711259,97,0.005049191,-0.005049191,45,142,1.000,SERIALIZATION_ONLY
XvqBrAuKPXCrvqEIjBai,987,train,person,CANONICAL_RLE,463157,463269,2,2,1,2,505,8.863519,1758,0.994514378,0.997249645,0.998910845,0.998794521,0.000116324,0.004280143,112,0.000241819,0.000241819,1330,1218,0.000,RASTER_BOUNDARY_DIFFERENCE|MULTI_COMPONENT_APPROXIMATION|COMPONENT_JOIN_APPROXIMATION|HOLE_FILL_APPROXIMATION
XvqBrAuKPXCrvqEIjBai,988,train,person,CANONICAL_RLE,19003,18979,1,1,0,0,0,6.646952,236,0.983912249,0.991890896,1.000000000,1.000000000,0.000000000,0.016087751,24,0.001262958,-0.001262958,142,166,1.000,SERIALIZATION_ONLY
Y1meTyz9qAlTOKqcMF21,989,train,person,CANONICAL_POLYGON,126457,127426,1,1,0,0,0,5.068706,50,0.992129815,0.996049361,0.992719190,0.992719190,0.000000000,0.000589375,969,0.007662684,0.007662684,986,17,1.000,RASTER_BOUNDARY_DIFFERENCE
Y1meTyz9qAlTOKqcMF21,990,train,helmet_on_head,CANONICAL_POLYGON,5535,5749,1,1,0,0,0,5.653642,20,0.961752434,0.980503368,0.958108813,0.958108813,0.000000000,-0.003643621,214,0.038663053,0.038663053,217,3,2.000,RASTER_BOUNDARY_DIFFERENCE
Y1meTyz9qAlTOKqcMF21,991,train,vest_on_body,CANONICAL_POLYGON,4488,4588,1,1,0,0,0,4.949003,17,0.970473296,0.985015425,0.966544356,0.966544356,0.000000000,-0.003928940,100,0.022281640,0.022281640,118,18,1.000,RASTER_BOUNDARY_DIFFERENCE
Y1meTyz9qAlTOKqcMF21,992,train,vest_on_body,CANONICAL_POLYGON,3651,3758,1,1,0,0,0,3.927910,14,0.968384697,0.983938453,0.963424331,0.963424331,0.000000000,-0.004960366,107,0.029307039,0.029307039,113,6,1.000,RASTER_BOUNDARY_DIFFERENCE
Y1meTyz9qAlTOKqcMF21,993,train,vest_on_body,CANONICAL_POLYGON,11791,12076,1,1,0,0,0,4.697555,22,0.975254490,0.987472242,0.976927546,0.976927546,0.000000000,0.001673056,285,0.024170978,0.024170978,292,7,1.000,RASTER_BOUNDARY_DIFFERENCE
Y1meTyz9qAlTOKqcMF21,994,train,vest_on_body,CANONICAL_POLYGON,23289,23602,1,1,0,0,0,4.167605,23,0.985981110,0.992941076,0.986019319,0.986019319,0.000000000,0.000038208,313,0.013439821,0.013439821,322,9,1.000,RASTER_BOUNDARY_DIFFERENCE
Y8Qx4RUxXlcq5dm2gx4n,1000,train,helmet_on_head,CANONICAL_POLYGON,2183,2250,1,1,0,0,0,4.873936,13,0.962372731,0.980825626,0.951528384,0.951528384,0.000000000,-0.010844347,67,0.030691709,0.030691709,76,9,3.000,RASTER_BOUNDARY_DIFFERENCE
Y8Qx4RUxXlcq5dm2gx4n,1001,train,vest_on_body,CANONICAL_RLE,279925,285210,2,2,1,1,5181,6.582629,1270,0.975809976,0.987756908,0.981827811,0.981789932,0.000037880,0.005979956,5285,0.018880057,0.018880057,6102,817,1.000,RASTER_BOUNDARY_DIFFERENCE|MULTI_COMPONENT_APPROXIMATION|COMPONENT_JOIN_APPROXIMATION|HOLE_FILL_APPROXIMATION
Y8Qx4RUxXlcq5dm2gx4n,1002,train,vest_on_body,CANONICAL_RLE,14145,14187,2,2,1,0,0,6.549647,359,0.975732218,0.987717069,1.000000000,0.998940678,0.001059322,0.023208460,42,0.002969247,0.002969247,195,153,1.000,MULTI_COMPONENT_APPROXIMATION|COMPONENT_JOIN_APPROXIMATION
Y8Qx4RUxXlcq5dm2gx4n,995,train,person,CANONICAL_POLYGON,415101,416306,1,1,0,0,0,4.782165,85,0.996606710,0.998300471,0.996068020,0.996068020,0.000000000,-0.000538690,1205,0.002902908,0.002902908,1309,104,1.000,RASTER_BOUNDARY_DIFFERENCE
Y8Qx4RUxXlcq5dm2gx4n,996,train,person,CANONICAL_POLYGON,32501,33082,1,1,0,0,0,7.382113,51,0.980820925,0.990317613,0.978525757,0.978525757,0.000000000,-0.002295168,581,0.017876373,0.017876373,608,27,1.000,RASTER_BOUNDARY_DIFFERENCE
Y8Qx4RUxXlcq5dm2gx4n,997,train,person,CANONICAL_POLYGON,45586,46113,1,1,0,0,0,7.009891,59,0.987752536,0.993838537,0.983415034,0.983415034,0.000000000,-0.004337502,527,0.011560567,0.011560567,546,19,1.000,RASTER_BOUNDARY_DIFFERENCE
Y8Qx4RUxXlcq5dm2gx4n,998,train,helmet_on_head,CANONICAL_POLYGON,32924,33239,1,1,0,0,0,4.654868,28,0.988668470,0.994301951,0.985991961,0.985991961,0.000000000,-0.002676509,315,0.009567489,0.009567489,346,31,1.000,RASTER_BOUNDARY_DIFFERENCE
Y8Qx4RUxXlcq5dm2gx4n,999,train,helmet_on_head,CANONICAL_POLYGON,1869,1982,1,1,0,0,0,4.027692,10,0.936148819,0.967021553,0.948875256,0.948875256,0.000000000,0.012726437,113,0.060460139,0.060460139,120,7,1.000,RASTER_BOUNDARY_DIFFERENCE
YEZrZA7GrbvlyKBA7z5q,1003,train,person,CANONICAL_POLYGON,1309325,1311009,1,1,0,0,0,4.507623,107,0.998634695,0.999316881,0.998179476,0.998179476,0.000000000,-0.000455219,1684,0.001286159,0.001286159,1737,53,1.000,RASTER_BOUNDARY_DIFFERENCE
YEZrZA7GrbvlyKBA7z5q,1004,train,helmet_loose,CANONICAL_POLYGON,41737,42197,1,1,0,0,0,6.403538,49,0.987450275,0.993685515,0.980442057,0.980442057,0.000000000,-0.007008218,460,0.011021396,0.011021396,495,35,1.000,RASTER_BOUNDARY_DIFFERENCE
YEZrZA7GrbvlyKBA7z5q,1005,train,helmet_loose,CANONICAL_POLYGON,125530,126278,1,1,0,0,0,5.507039,54,0.993460896,0.996719723,0.992745770,0.992745770,0.000000000,-0.000715126,748,0.005958735,0.005958735,787,39,1.000,RASTER_BOUNDARY_DIFFERENCE
YUsaUSUsoTg1Dhf5PVRS,1006,train,person,CANONICAL_POLYGON,22870,23280,1,1,0,0,0,7.383586,46,0.980261746,0.990032503,0.974552752,0.974552752,0.000000000,-0.005708995,410,0.017927416,0.017927416,435,25,1.000,RASTER_BOUNDARY_DIFFERENCE
YUsaUSUsoTg1Dhf5PVRS,1007,train,vest_on_body,CANONICAL_POLYGON,4840,4995,1,1,0,0,0,4.221371,16,0.967393479,0.983426538,0.968136273,0.968136273,0.000000000,0.000742794,155,0.032024793,0.032024793,159,4,1.000,RASTER_BOUNDARY_DIFFERENCE
YUsaUSUsoTg1Dhf5PVRS,1008,train,helmet_on_head,CANONICAL_POLYGON,174,188,1,1,0,0,0,3.945266,11,0.885416667,0.939226519,0.882653061,0.882653061,0.000000000,-0.002763605,14,0.080459770,0.080459770,18,4,1.000,RASTER_BOUNDARY_DIFFERENCE|SMALL_MASK_SENSITIVITY
Ye8ccAU3zvBw2RWzUr4w,1009,train,person,CANONICAL_POLYGON,209015,210069,1,1,0,0,0,4.680545,78,0.994811673,0.997399089,0.994159952,0.994159952,0.000000000,-0.000651722,1054,0.005042700,0.005042700,1072,18,1.000,RASTER_BOUNDARY_DIFFERENCE
Ye8ccAU3zvBw2RWzUr4w,1010,train,person,CANONICAL_POLYGON,62906,63479,1,1,0,0,0,4.829112,42,0.990471691,0.995213040,0.989684552,0.989684552,0.000000000,-0.000787139,573,0.009108829,0.009108829,589,16,1.000,RASTER_BOUNDARY_DIFFERENCE
Ye8ccAU3zvBw2RWzUr4w,1011,train,vest_on_body,CANONICAL_RLE,56013,56750,6,6,1,0,0,9.619001,885,0.971105440,0.985340936,1.000000000,0.989908808,0.010091192,0.018803368,737,0.013157660,0.013157660,1195,458,1.000,MULTI_COMPONENT_APPROXIMATION|COMPONENT_JOIN_APPROXIMATION
Ye8ccAU3zvBw2RWzUr4w,1012,train,vest_on_body,CANONICAL_RLE,32619,32626,1,1,0,0,0,5.077691,312,0.987540744,0.993731320,1.000000000,1.000000000,0.000000000,0.012459256,7,0.000214599,0.000214599,208,201,1.000,SERIALIZATION_ONLY
Yus4GG8O9bfML35pe2Xg,1013,train,person,CANONICAL_POLYGON,343541,345095,1,1,0,0,0,4.487979,63,0.995311871,0.997650428,0.995795176,0.995795176,0.000000000,0.000483305,1554,0.004523478,0.004523478,1586,32,1.000,RASTER_BOUNDARY_DIFFERENCE
Yus4GG8O9bfML35pe2Xg,1014,train,person,CANONICAL_POLYGON,582776,584818,1,1,0,0,0,5.436303,135,0.996265958,0.998129487,0.995993756,0.995993756,0.000000000,-0.000272203,2042,0.003503919,0.003503919,2113,71,1.000,RASTER_BOUNDARY_DIFFERENCE
Yus4GG8O9bfML35pe2Xg,1015,train,helmet_on_head,CANONICAL_POLYGON,184997,185953,1,1,0,0,0,4.535019,57,0.994537135,0.997261086,0.994299451,0.994299451,0.000000000,-0.000237684,956,0.005167651,0.005167651,986,30,1.000,RASTER_BOUNDARY_DIFFERENCE
Yus4GG8O9bfML35pe2Xg,1016,train,person,CANONICAL_POLYGON,161998,163376,1,1,0,0,0,8.060734,102,0.990578562,0.995266985,0.988255495,0.988255495,0.000000000,-0.002323067,1378,0.008506278,0.008506278,1459,81,1.000,RASTER_BOUNDARY_DIFFERENCE
Yus4GG8O9bfML35pe2Xg,1017,train,helmet_on_head,CANONICAL_POLYGON,95457,96207,1,1,0,0,0,3.825031,33,0.991997256,0.995982553,0.993190125,0.993190125,0.000000000,0.001192868,750,0.007856941,0.007856941,760,10,1.000,RASTER_BOUNDARY_DIFFERENCE
Yus4GG8O9bfML35pe2Xg,1018,train,helmet_on_head,CANONICAL_POLYGON,63396,63830,1,1,0,0,0,4.800902,34,0.992201935,0.996085706,0.988567859,0.988567859,0.000000000,-0.003634077,434,0.006845858,0.006845858,466,32,1.000,RASTER_BOUNDARY_DIFFERENCE
Yus4GG8O9bfML35pe2Xg,1019,train,person,CANONICAL_POLYGON,40112,40519,1,1,0,0,0,5.715162,37,0.988434032,0.994183379,0.983782588,0.983782588,0.000000000,-0.004651444,407,0.010146590,0.010146590,438,31,1.000,RASTER_BOUNDARY_DIFFERENCE
Yus4GG8O9bfML35pe2Xg,1020,train,vest_on_body,CANONICAL_RLE,166078,166143,2,2,1,0,0,5.720115,716,0.991804262,0.995885269,1.000000000,0.999338099,0.000661901,0.007533837,65,0.000391382,0.000391382,716,651,1.000,MULTI_COMPONENT_APPROXIMATION|COMPONENT_JOIN_APPROXIMATION
Yus4GG8O9bfML35pe2Xg,1021,train,vest_on_body,CANONICAL_RLE,177119,177186,2,1,0,0,0,7.151798,1129,0.993837929,0.996909442,0.999988708,0.999988708,0.000000000,0.006150779,67,0.000378277,0.000378277,581,514,1.000,RASTER_BOUNDARY_DIFFERENCE|MULTI_COMPONENT_APPROXIMATION
Yus4GG8O9bfML35pe2Xg,1022,train,vest_on_body,CANONICAL_RLE,20194,20286,1,1,0,0,0,5.540322,408,0.980139901,0.989970356,1.000000000,1.000000000,0.000000000,0.019860099,92,0.004555809,0.004555809,249,157,1.000,SERIALIZATION_ONLY
ZBOFTpRZenVU4pLo2qvs,1023,train,helmet_loose,CANONICAL_POLYGON,118300,118912,1,1,0,0,0,4.804087,37,0.994467566,0.997226110,0.992235243,0.992235243,0.000000000,-0.002232324,612,0.005173288,0.005173288,635,23,1.000,RASTER_BOUNDARY_DIFFERENCE
ZBOFTpRZenVU4pLo2qvs,1024,train,helmet_loose,CANONICAL_POLYGON,62943,63677,1,1,0,0,0,6.221653,43,0.987661492,0.993792450,0.987034392,0.987034392,0.000000000,-0.000627100,734,0.011661344,0.011661344,760,26,1.000,RASTER_BOUNDARY_DIFFERENCE
ZBOFTpRZenVU4pLo2qvs,1025,train,helmet_loose,CANONICAL_POLYGON,19245,19746,1,1,0,0,0,7.916166,32,0.973428485,0.986535354,0.969937348,0.969937348,0.000000000,-0.003491136,501,0.026032736,0.026032736,513,12,2.000,RASTER_BOUNDARY_DIFFERENCE
ZBOFTpRZenVU4pLo2qvs,1026,train,helmet_loose,CANONICAL_POLYGON,108734,109409,1,1,0,0,0,4.860387,35,0.993010763,0.996493126,0.991719466,0.991719466,0.000000000,-0.001291296,675,0.006207810,0.006207810,720,45,0.000,RASTER_BOUNDARY_DIFFERENCE
ZC5U6cHpgTUpFTtOQWiW,1027,train,vest_on_body,CANONICAL_POLYGON,38127,38477,1,1,0,0,0,4.927141,42,0.990282938,0.995117748,0.986425925,0.986425925,0.000000000,-0.003857013,350,0.009179846,0.009179846,362,12,1.000,RASTER_BOUNDARY_DIFFERENCE
ZC5U6cHpgTUpFTtOQWiW,1028,train,person,CANONICAL_RLE,455963,456319,9,9,1,1,110,7.297202,1851,0.992878535,0.996426544,0.999758811,0.998974653,0.000784157,0.006096118,356,0.000780765,0.000780765,1808,1452,1.000,RASTER_BOUNDARY_DIFFERENCE|MULTI_COMPONENT_APPROXIMATION|COMPONENT_JOIN_APPROXIMATION|HOLE_FILL_APPROXIMATION
ZC5U6cHpgTUpFTtOQWiW,1029,train,person,CANONICAL_RLE,155352,155443,4,4,1,2,4,7.379841,1174,0.988706168,0.994321015,0.999974253,0.998804151,0.001170102,0.010097982,91,0.000585767,0.000585767,928,837,1.000,RASTER_BOUNDARY_DIFFERENCE|MULTI_COMPONENT_APPROXIMATION|COMPONENT_JOIN_APPROXIMATION|HOLE_FILL_APPROXIMATION
ZSEtO1xi7ojj6XTirEb1,1030,train,vest_on_body,CANONICAL_RLE,2495,2482,2,2,1,0,0,6.905142,62,0.942622951,0.970464135,1.000000000,0.976898982,0.023101018,0.034276031,13,0.005210421,-0.005210421,67,80,1.000,MULTI_COMPONENT_APPROXIMATION|COMPONENT_JOIN_APPROXIMATION
ZSEtO1xi7ojj6XTirEb1,1031,train,vest_on_body,CANONICAL_RLE,8040,8071,1,1,0,0,0,6.000393,219,0.964037547,0.981689529,1.000000000,1.000000000,0.000000000,0.035962453,31,0.003855721,0.003855721,163,132,1.000,SERIALIZATION_ONLY
ZSEtO1xi7ojj6XTirEb1,1032,train,vest_on_body,CANONICAL_RLE,17283,17551,8,5,1,0,0,12.716286,608,0.945707423,0.972096228,0.999537117,0.990368629,0.009168488,0.044661206,268,0.015506567,0.015506567,620,352,1.000,RASTER_BOUNDARY_DIFFERENCE|MULTI_COMPONENT_APPROXIMATION|COMPONENT_JOIN_APPROXIMATION
ZSEtO1xi7ojj6XTirEb1,1033,train,vest_on_body,CANONICAL_RLE,14543,14763,3,2,1,0,0,8.073221,409,0.960267559,0.979731113,0.999931238,0.992018555,0.007912683,0.031750997,220,0.015127553,0.015127553,407,187,2.000,RASTER_BOUNDARY_DIFFERENCE|MULTI_COMPONENT_APPROXIMATION|COMPONENT_JOIN_APPROXIMATION
ZSEtO1xi7ojj6XTirEb1,1034,train,vest_on_body,CANONICAL_RLE,81619,81700,3,3,1,0,0,8.485372,1095,0.984362660,0.992119717,1.000000000,0.999143091,0.000856909,0.014780432,81,0.000992416,0.000992416,684,603,1.000,MULTI_COMPONENT_APPROXIMATION|COMPONENT_JOIN_APPROXIMATION
ZSEtO1xi7ojj6XTirEb1,1035,train,vest_on_body,CANONICAL_RLE,4712,4743,1,1,0,0,0,5.368521,212,0.957151728,0.978106822,1.000000000,1.000000000,0.000000000,0.042848272,31,0.006578947,0.006578947,119,88,1.000,SERIALIZATION_ONLY
ZSEtO1xi7ojj6XTirEb1,1036,train,person,CANONICAL_RLE,70335,70433,1,1,0,0,0,7.823291,872,0.987434525,0.993677540,1.000000000,1.000000000,0.000000000,0.012565475,98,0.001393332,0.001393332,494,396,1.000,SERIALIZATION_ONLY
ZSEtO1xi7ojj6XTirEb1,1037,train,person,CANONICAL_RLE,16093,15889,1,1,0,0,0,9.203090,285,0.977982559,0.988868739,1.000000000,1.000000000,0.000000000,0.022017441,204,0.012676319,-0.012676319,76,280,1.000,SERIALIZATION_ONLY
ZSEtO1xi7ojj6XTirEb1,1038,train,person,CANONICAL_RLE,70877,71048,3,3,1,0,0,6.515252,598,0.987383250,0.993651577,1.000000000,0.998914790,0.001085210,0.011531540,171,0.002412630,0.002412630,536,365,1.000,MULTI_COMPONENT_APPROXIMATION|COMPONENT_JOIN_APPROXIMATION
ZSEtO1xi7ojj6XTirEb1,1039,train,person,CANONICAL_RLE,214779,214993,3,3,1,0,0,9.133140,1870,0.989703608,0.994825163,1.000000000,0.999548577,0.000451423,0.009844968,214,0.000996373,0.000996373,1219,1005,1.000,MULTI_COMPONENT_APPROXIMATION|COMPONENT_JOIN_APPROXIMATION
ZSEtO1xi7ojj6XTirEb1,1040,train,helmet_on_head,CANONICAL_RLE,8779,8798,1,1,0,0,0,4.245512,185,0.979614821,0.989702452,1.000000000,1.000000000,0.000000000,0.020385179,19,0.002164256,0.002164256,100,81,1.000,SERIALIZATION_ONLY
ZSEtO1xi7ojj6XTirEb1,1041,train,helmet_on_head,CANONICAL_RLE,1562,1499,1,1,0,0,0,6.283209,53,0.954661558,0.976804966,1.000000000,1.000000000,0.000000000,0.045338442,63,0.040332907,-0.040332907,4,67,1.000,SERIALIZATION_ONLY
ZSEtO1xi7ojj6XTirEb1,1042,train,helmet_on_head,CANONICAL_RLE,4144,4156,1,1,0,0,0,3.853518,88,0.980434264,0.990120482,1.000000000,1.000000000,0.000000000,0.019565736,12,0.002895753,0.002895753,47,35,0.000,SERIALIZATION_ONLY
ZSEtO1xi7ojj6XTirEb1,1043,train,helmet_on_head,CANONICAL_RLE,13161,13166,1,1,0,0,0,5.020984,260,0.979176064,0.989478482,1.000000000,1.000000000,0.000000000,0.020823936,5,0.000379910,0.000379910,141,136,0.000,SERIALIZATION_ONLY
ZyE71IGsDLI6OG9aIUwV,1046,train,person,CANONICAL_POLYGON,689050,691460,1,1,0,0,0,6.060726,150,0.996240357,0.998116638,0.996079452,0.996079452,0.000000000,-0.000160905,2410,0.003497569,0.003497569,2505,95,1.000,RASTER_BOUNDARY_DIFFERENCE
ZyE71IGsDLI6OG9aIUwV,1047,train,person,CANONICAL_POLYGON,814020,815451,1,1,0,0,0,4.939577,114,0.997924182,0.998961013,0.997026533,0.997026533,0.000000000,-0.000897648,1431,0.001757942,0.001757942,1562,131,1.000,RASTER_BOUNDARY_DIFFERENCE
ZyE71IGsDLI6OG9aIUwV,1048,train,vest_on_body,CANONICAL_RLE,101008,101336,6,5,1,0,0,11.096921,1537,0.981550032,0.990689123,0.999990100,0.998240846,0.001749254,0.016690814,328,0.003247268,0.003247268,1106,778,1.000,RASTER_BOUNDARY_DIFFERENCE|MULTI_COMPONENT_APPROXIMATION|COMPONENT_JOIN_APPROXIMATION
ajcbQPBpsaCua5ocPPgp,1054,train,person,CANONICAL_RLE,189972,189699,2,1,0,0,0,5.220911,703,0.991643586,0.995804262,0.999984208,0.999984208,0.000000000,0.008340623,273,0.001437054,-0.001437054,660,933,1.000,RASTER_BOUNDARY_DIFFERENCE|MULTI_COMPONENT_APPROXIMATION
ajcbQPBpsaCua5ocPPgp,1055,train,person,CANONICAL_RLE,127538,127464,1,1,0,0,0,5.337804,720,0.995227141,0.997607862,1.000000000,1.000000000,0.000000000,0.004772859,74,0.000580219,-0.000580219,268,342,1.000,SERIALIZATION_ONLY
bQfpZl7W2IH4XyIddjOY,1056,train,person,CANONICAL_RLE,72401,72395,2,2,1,0,0,5.891090,557,0.987918394,0.993922484,1.000000000,0.999972377,0.000027623,0.012053983,6,0.000082872,-0.000082872,437,443,1.000,MULTI_COMPONENT_APPROXIMATION|COMPONENT_JOIN_APPROXIMATION
bQfpZl7W2IH4XyIddjOY,1057,train,person,CANONICAL_RLE,373628,373767,1,1,0,0,0,5.816269,1470,0.995826201,0.997908736,1.000000000,1.000000000,0.000000000,0.004173799,139,0.000372028,0.000372028,851,712,1.000,SERIALIZATION_ONLY
bQfpZl7W2IH4XyIddjOY,1058,train,person,CANONICAL_RLE,90148,90254,1,1,0,1,334,5.331334,472,0.990840470,0.995399164,0.996308658,0.996308658,0.000000000,0.005468188,106,0.001175844,0.001175844,468,362,1.000,RASTER_BOUNDARY_DIFFERENCE|HOLE_FILL_APPROXIMATION
bQfpZl7W2IH4XyIddjOY,1059,train,person,CANONICAL_RLE,69696,69840,1,1,0,0,0,5.403331,609,0.990641406,0.995298704,1.000000000,1.000000000,0.000000000,0.009358594,144,0.002066116,0.002066116,400,256,1.000,SERIALIZATION_ONLY
bQfpZl7W2IH4XyIddjOY,1060,train,person,CANONICAL_RLE,34565,35614,6,6,1,1,82,8.809156,641,0.952888468,0.975875974,0.997633273,0.972894618,0.024738654,0.020006150,1049,0.030348619,0.030348619,1371,322,1.000,RASTER_BOUNDARY_DIFFERENCE|MULTI_COMPONENT_APPROXIMATION|COMPONENT_JOIN_APPROXIMATION|HOLE_FILL_APPROXIMATION
bQfpZl7W2IH4XyIddjOY,1061,train,person,CANONICAL_RLE,45473,45588,1,1,0,4,68,5.350755,481,0.986409843,0.993158432,0.998506840,0.998506840,0.000000000,0.012096997,115,0.002528973,0.002528973,369,254,1.000,RASTER_BOUNDARY_DIFFERENCE|HOLE_FILL_APPROXIMATION
bQfpZl7W2IH4XyIddjOY,1062,train,person,CANONICAL_RLE,66536,66555,1,1,0,0,0,5.456742,510,0.990145794,0.995048501,1.000000000,1.000000000,0.000000000,0.009854206,19,0.000285560,0.000285560,339,320,1.000,SERIALIZATION_ONLY
bQh3X6QEPcT50H0QeLPP,1063,train,person,CANONICAL_RLE,542401,551566,1,1,0,2,9370,6.669301,1608,0.977739813,0.988744633,0.983018317,0.983018317,0.000000000,0.005278505,9165,0.016897093,0.016897093,10739,1574,1.000,RASTER_BOUNDARY_DIFFERENCE|HOLE_FILL_APPROXIMATION
bQh3X6QEPcT50H0QeLPP,1064,train,person,CANONICAL_RLE,1009319,1009114,1,1,0,2,15,7.004006,2529,0.997360843,0.998678678,0.999985139,0.999985139,0.000000000,0.002624296,205,0.000203107,-0.000203107,1231,1436,1.000,RASTER_BOUNDARY_DIFFERENCE|HOLE_FILL_APPROXIMATION
bQh3X6QEPcT50H0QeLPP,1065,train,person,CANONICAL_RLE,111707,112729,5,5,1,0,0,8.653373,1193,0.979450182,0.989618421,1.000000000,0.991849057,0.008150943,0.012398874,1022,0.009148934,0.009148934,1676,654,1.000,MULTI_COMPONENT_APPROXIMATION|COMPONENT_JOIN_APPROXIMATION
bya4T8yTfPXtyN71EGq6,1066,train,person,CANONICAL_RLE,366673,367541,1,1,0,1,706,7.744807,1820,0.992282833,0.996126470,0.998078279,0.998078279,0.000000000,0.005795446,868,0.002367232,0.002367232,1856,988,1.000,RASTER_BOUNDARY_DIFFERENCE|HOLE_FILL_APPROXIMATION
dOdZyD1R1kVyKKu9TD1D,1081,train,vest_loose,CANONICAL_POLYGON,622481,624143,1,1,0,0,0,4.618347,63,0.997189954,0.998593000,0.997324318,0.997324318,0.000000000,0.000134365,1662,0.002669961,0.002669961,1708,46,1.000,RASTER_BOUNDARY_DIFFERENCE
dOdZyD1R1kVyKKu9TD1D,1082,train,vest_loose,CANONICAL_POLYGON,409770,411493,1,1,0,0,0,5.889537,119,0.995541236,0.997765637,0.995938566,0.995938566,0.000000000,0.000397330,1723,0.004204798,0.004204798,1779,56,1.000,RASTER_BOUNDARY_DIFFERENCE
dOdZyD1R1kVyKKu9TD1D,1083,train,vest_loose,CANONICAL_POLYGON,348977,350693,1,1,0,0,0,5.756379,105,0.994919111,0.997453085,0.995575057,0.995575057,0.000000000,0.000655946,1716,0.004917230,0.004917230,1749,33,1.000,RASTER_BOUNDARY_DIFFERENCE
dYU1JnyrMTQu4U60pGK9,1090,train,person,CANONICAL_POLYGON,332887,334391,1,1,0,0,0,5.265536,101,0.995311327,0.997650155,0.995119165,0.995119165,0.000000000,-0.000192163,1504,0.004518050,0.004518050,1536,32,1.000,RASTER_BOUNDARY_DIFFERENCE
dcveFfgBcxZdfrcwfGt2,1091,train,vest_on_body,CANONICAL_RLE,32097,32161,1,1,0,0,0,5.307374,450,0.985600396,0.992747985,1.000000000,1.000000000,0.000000000,0.014399604,64,0.001993956,0.001993956,265,201,1.000,SERIALIZATION_ONLY
dcveFfgBcxZdfrcwfGt2,1092,train,vest_on_body,CANONICAL_RLE,52906,52999,1,1,0,0,0,4.327224,395,0.991182056,0.995571503,1.000000000,1.000000000,0.000000000,0.008817944,93,0.001757835,0.001757835,281,188,1.000,SERIALIZATION_ONLY
dcveFfgBcxZdfrcwfGt2,1093,train,vest_on_body,CANONICAL_RLE,42679,42660,1,1,0,0,0,4.435203,417,0.989485954,0.994715195,1.000000000,1.000000000,0.000000000,0.010514046,19,0.000445184,-0.000445184,216,235,1.000,SERIALIZATION_ONLY
dcveFfgBcxZdfrcwfGt2,1094,train,person,CANONICAL_RLE,53343,53528,1,1,0,2,114,5.263956,591,0.986782175,0.993347119,0.997867445,0.997867445,0.000000000,0.011085269,185,0.003468121,0.003468121,448,263,1.000,RASTER_BOUNDARY_DIFFERENCE|HOLE_FILL_APPROXIMATION
dcveFfgBcxZdfrcwfGt2,1095,train,person,CANONICAL_RLE,74214,74303,1,1,0,0,0,5.563389,582,0.990337582,0.995145337,1.000000000,1.000000000,0.000000000,0.009662418,89,0.001199235,0.001199235,405,316,1.000,SERIALIZATION_ONLY
dcveFfgBcxZdfrcwfGt2,1096,train,person,CANONICAL_RLE,57072,57101,1,1,0,0,0,4.496932,470,0.990429037,0.995191508,1.000000000,1.000000000,0.000000000,0.009570963,29,0.000508130,0.000508130,289,260,1.000,SERIALIZATION_ONLY
dcveFfgBcxZdfrcwfGt2,1097,train,helmet_on_head,CANONICAL_RLE,11078,11095,1,1,0,0,0,3.890144,200,0.983451114,0.991656519,1.000000000,1.000000000,0.000000000,0.016548886,17,0.001534573,0.001534573,101,84,1.000,SERIALIZATION_ONLY
dcveFfgBcxZdfrcwfGt2,1098,train,helmet_on_head,CANONICAL_RLE,9739,9790,1,1,0,0,0,3.828773,144,0.981834788,0.990834144,1.000000000,1.000000000,0.000000000,0.018165212,51,0.005236677,0.005236677,115,64,1.000,SERIALIZATION_ONLY
dcveFfgBcxZdfrcwfGt2,1099,train,helmet_on_head,CANONICAL_RLE,13966,14001,1,1,0,0,0,3.795768,187,0.982912649,0.991382701,1.000000000,1.000000000,0.000000000,0.017087351,35,0.002506086,0.002506086,138,103,1.000,SERIALIZATION_ONLY
dwz8H6tUE91TOzWAqabt,1106,train,helmet_on_head,CANONICAL_POLYGON,118094,118640,1,1,0,0,0,4.312635,41,0.994994270,0.997490855,0.992981570,0.992981570,0.000000000,-0.002012699,546,0.004623436,0.004623436,570,24,1.000,RASTER_BOUNDARY_DIFFERENCE
dwz8H6tUE91TOzWAqabt,1107,train,person,CANONICAL_POLYGON,977334,979201,1,1,0,0,0,4.771848,264,0.997911752,0.998954785,0.997369525,0.997369525,0.000000000,-0.000542227,1867,0.001910299,0.001910299,1956,89,1.000,RASTER_BOUNDARY_DIFFERENCE
dwz8H6tUE91TOzWAqabt,1108,train,vest_on_body,CANONICAL_POLYGON,509722,511905,1,1,0,0,0,5.272195,155,0.995591297,0.997790779,0.995844808,0.995844808,0.000000000,0.000253510,2183,0.004282727,0.004282727,2220,37,1.000,RASTER_BOUNDARY_DIFFERENCE
dwz8H6tUE91TOzWAqabt,1109,train,vest_on_body,CANONICAL_POLYGON,28,44,1,1,0,0,0,5.604619,5,0.636363636,0.777777778,0.636363636,0.636363636,0.000000000,0.000000000,16,0.571428571,0.571428571,16,0,1.000,RASTER_BOUNDARY_DIFFERENCE|SMALL_MASK_SENSITIVITY
dwz8H6tUE91TOzWAqabt,1110,train,vest_on_body,CANONICAL_POLYGON,6,9,1,1,0,0,0,2.787694,4,0.666666667,0.800000000,0.214285714,0.214285714,0.000000000,-0.452380952,3,0.500000000,0.500000000,3,0,2.000,RASTER_BOUNDARY_DIFFERENCE|SMALL_MASK_SENSITIVITY
dwz8H6tUE91TOzWAqabt,1111,train,person,CANONICAL_POLYGON,2966,3097,1,1,0,0,0,5.848083,34,0.953915566,0.976414316,0.944266496,0.944266496,0.000000000,-0.009649070,131,0.044167229,0.044167229,137,6,2.000,RASTER_BOUNDARY_DIFFERENCE
dwz8H6tUE91TOzWAqabt,1112,train,person,CANONICAL_POLYGON,8,15,1,1,0,0,0,3.121320,4,0.533333333,0.695652174,0.444444444,0.444444444,0.000000000,-0.088888889,7,0.875000000,0.875000000,7,0,2.000,RASTER_BOUNDARY_DIFFERENCE|SMALL_MASK_SENSITIVITY
dwz8H6tUE91TOzWAqabt,1113,train,person,CANONICAL_POLYGON,41039,41485,1,1,0,0,0,5.605263,45,0.987237219,0.993577626,0.983139186,0.983139186,0.000000000,-0.004098033,446,0.010867711,0.010867711,488,42,1.000,RASTER_BOUNDARY_DIFFERENCE
dwz8H6tUE91TOzWAqabt,1114,train,person,CANONICAL_POLYGON,525,560,1,1,0,0,0,5.061902,9,0.903508772,0.949308756,0.872665535,0.872665535,0.000000000,-0.030843237,35,0.066666667,0.066666667,45,10,1.000,RASTER_BOUNDARY_DIFFERENCE|SMALL_MASK_SENSITIVITY
dwz8H6tUE91TOzWAqabt,1115,train,person,CANONICAL_POLYGON,10,21,1,1,0,0,0,3.239007,4,0.476190476,0.645161290,0.473684211,0.473684211,0.000000000,-0.002506266,11,1.100000000,1.100000000,11,0,2.000,RASTER_BOUNDARY_DIFFERENCE|SMALL_MASK_SENSITIVITY
dwz8H6tUE91TOzWAqabt,1116,train,person,CANONICAL_POLYGON,234,273,1,1,0,0,0,6.271868,11,0.810714286,0.895463511,0.819148936,0.819148936,0.000000000,0.008434650,39,0.166666667,0.166666667,46,7,1.000,RASTER_BOUNDARY_DIFFERENCE|SMALL_MASK_SENSITIVITY
dwz8H6tUE91TOzWAqabt,1117,train,person,CANONICAL_POLYGON,203,250,1,1,0,0,0,6.302653,9,0.812000000,0.896247241,0.779527559,0.779527559,0.000000000,-0.032472441,47,0.231527094,0.231527094,47,0,2.000,RASTER_BOUNDARY_DIFFERENCE|SMALL_MASK_SENSITIVITY
dwz8H6tUE91TOzWAqabt,1118,train,person,CANONICAL_POLYGON,4,13,1,1,0,0,0,2.414214,4,0.307692308,0.470588235,0.363636364,0.363636364,0.000000000,0.055944056,9,2.250000000,2.250000000,9,0,2.000,RASTER_BOUNDARY_DIFFERENCE|SMALL_MASK_SENSITIVITY
eAKrlJVl2YEdaogp9yez,1119,train,person,CANONICAL_RLE,125316,125018,1,1,0,1,30,6.034048,569,0.988324252,0.994127845,0.999760662,0.999760662,0.000000000,0.011436410,298,0.002377988,-0.002377988,586,884,1.000,RASTER_BOUNDARY_DIFFERENCE|HOLE_FILL_APPROXIMATION
eAKrlJVl2YEdaogp9yez,1120,train,person,CANONICAL_RLE,110887,110813,3,3,1,0,0,9.052429,1217,0.986790576,0.993351376,1.000000000,0.998703065,0.001296935,0.011912489,74,0.000667346,-0.000667346,700,774,0.000,MULTI_COMPONENT_APPROXIMATION|COMPONENT_JOIN_APPROXIMATION
eAKrlJVl2YEdaogp9yez,1121,train,person,CANONICAL_RLE,417339,419408,4,3,1,6,1718,6.833771,1877,0.990415997,0.995184924,0.995900319,0.995486975,0.000413344,0.005070978,2069,0.004957600,0.004957600,3049,980,1.000,RASTER_BOUNDARY_DIFFERENCE|MULTI_COMPONENT_APPROXIMATION|COMPONENT_JOIN_APPROXIMATION|HOLE_FILL_APPROXIMATION
eAKrlJVl2YEdaogp9yez,1122,train,person,CANONICAL_RLE,252534,252610,2,2,1,0,0,5.905388,1196,0.994511721,0.997248309,1.000000000,0.999956443,0.000043557,0.005444723,76,0.000300950,0.000300950,733,657,1.000,MULTI_COMPONENT_APPROXIMATION|COMPONENT_JOIN_APPROXIMATION
eZW0CBCWqoYoxqYPQphx,1125,train,person,CANONICAL_POLYGON,122350,123937,1,1,0,0,0,8.024785,87,0.986842424,0.993377645,0.988921952,0.988921952,0.000000000,0.002079529,1587,0.012970985,0.012970985,1609,22,1.000,RASTER_BOUNDARY_DIFFERENCE
eZW0CBCWqoYoxqYPQphx,1126,train,helmet_on_head,CANONICAL_POLYGON,4845,4962,1,1,0,0,0,4.250565,14,0.974431246,0.987050066,0.965193039,0.965193039,0.000000000,-0.009238208,117,0.024148607,0.024148607,122,5,1.000,RASTER_BOUNDARY_DIFFERENCE
f0Z2QQcy1PolmwGQXPzx,1130,train,vest_on_body,CANONICAL_POLYGON,67048,67772,1,1,0,0,0,5.370073,48,0.989082325,0.994511200,0.989441819,0.989441819,0.000000000,0.000359494,724,0.010798234,0.010798234,732,8,1.000,RASTER_BOUNDARY_DIFFERENCE
f0Z2QQcy1PolmwGQXPzx,1131,train,person,CANONICAL_RLE,139741,142241,1,1,0,4,2552,5.348417,663,0.975923032,0.987814825,0.982065175,0.982065175,0.000000000,0.006142143,2500,0.017890240,0.017890240,2968,468,1.000,RASTER_BOUNDARY_DIFFERENCE|HOLE_FILL_APPROXIMATION
f0Z2QQcy1PolmwGQXPzx,1132,train,person,CANONICAL_RLE,6279,6299,1,1,0,0,0,5.830776,212,0.967156709,0.983304182,1.000000000,1.000000000,0.000000000,0.032843291,20,0.003185221,0.003185221,115,95,1.000,SERIALIZATION_ONLY
f0Z2QQcy1PolmwGQXPzx,1133,train,person,CANONICAL_RLE,121174,121087,1,1,0,0,0,6.093543,760,0.990215730,0.995083815,1.000000000,1.000000000,0.000000000,0.009784270,87,0.000717976,-0.000717976,552,639,1.000,SERIALIZATION_ONLY
f0Z2QQcy1PolmwGQXPzx,1134,train,person,CANONICAL_RLE,13256,13732,1,1,0,1,421,5.571625,284,0.949014227,0.973840225,0.969218396,0.969218396,0.000000000,0.020204169,476,0.035908268,0.035908268,591,115,1.000,RASTER_BOUNDARY_DIFFERENCE|HOLE_FILL_APPROXIMATION
f0Z2QQcy1PolmwGQXPzx,1135,train,person,CANONICAL_RLE,3467,3462,2,1,0,0,0,5.944290,156,0.957344633,0.978207534,0.999711566,0.999711566,0.000000000,0.042366933,5,0.001442169,-0.001442169,73,78,4.000,RASTER_BOUNDARY_DIFFERENCE|MULTI_COMPONENT_APPROXIMATION
f1CUR1R0AXa8BF8OuBa2,1136,train,helmet_loose,CANONICAL_RLE,4416,4437,1,1,0,0,0,3.760026,89,0.965149834,0.982265899,1.000000000,1.000000000,0.000000000,0.034850166,21,0.004755435,0.004755435,89,68,1.000,SERIALIZATION_ONLY
f1CUR1R0AXa8BF8OuBa2,1137,train,helmet_loose,CANONICAL_RLE,1880,1900,1,1,0,0,0,3.798768,67,0.962616822,0.980952381,1.000000000,1.000000000,0.000000000,0.037383178,20,0.010638298,0.010638298,46,26,1.000,SERIALIZATION_ONLY
f1CUR1R0AXa8BF8OuBa2,1138,train,helmet_loose,CANONICAL_RLE,5483,5463,1,1,0,0,0,4.191807,133,0.970122390,0.984834643,1.000000000,1.000000000,0.000000000,0.029877610,20,0.003647638,-0.003647638,73,93,1.000,SERIALIZATION_ONLY
f1CUR1R0AXa8BF8OuBa2,1139,train,helmet_loose,CANONICAL_RLE,13510,13519,1,1,0,0,0,3.840866,178,0.981598240,0.990713678,1.000000000,1.000000000,0.000000000,0.018401760,9,0.000666173,0.000666173,130,121,1.000,SERIALIZATION_ONLY
f1CUR1R0AXa8BF8OuBa2,1140,train,helmet_loose,CANONICAL_RLE,10629,10639,1,1,0,0,0,4.302221,192,0.979339228,0.989561783,1.000000000,1.000000000,0.000000000,0.020660772,10,0.000940822,0.000940822,116,106,1.000,SERIALIZATION_ONLY
f1CUR1R0AXa8BF8OuBa2,1141,train,helmet_loose,CANONICAL_RLE,1552,1539,1,1,0,0,0,4.148669,74,0.945248584,0.971853769,1.000000000,1.000000000,0.000000000,0.054751416,13,0.008376289,-0.008376289,37,50,1.000,SERIALIZATION_ONLY
f1CUR1R0AXa8BF8OuBa2,1142,train,helmet_loose,CANONICAL_RLE,1179,1160,1,1,0,0,0,3.826735,67,0.931461602,0.964514750,1.000000000,1.000000000,0.000000000,0.068538398,19,0.016115352,-0.016115352,32,51,1.000,SERIALIZATION_ONLY
f1CUR1R0AXa8BF8OuBa2,1143,train,helmet_loose,CANONICAL_RLE,10959,10905,1,1,0,0,0,4.023122,209,0.982230281,0.991035492,1.000000000,1.000000000,0.000000000,0.017769719,54,0.004927457,-0.004927457,71,125,1.000,SERIALIZATION_ONLY
f1CUR1R0AXa8BF8OuBa2,1144,train,helmet_loose,CANONICAL_RLE,2163,2159,1,1,0,0,0,5.466789,114,0.936379928,0.967144840,1.000000000,1.000000000,0.000000000,0.063620072,4,0.001849283,-0.001849283,69,73,1.000,SERIALIZATION_ONLY
f1CUR1R0AXa8BF8OuBa2,1145,train,helmet_loose,CANONICAL_RLE,3395,3438,1,1,0,0,0,3.760936,90,0.972575058,0.986096883,1.000000000,1.000000000,0.000000000,0.027424942,43,0.012665685,0.012665685,69,26,1.000,SERIALIZATION_ONLY
f1CUR1R0AXa8BF8OuBa2,1146,train,helmet_loose,CANONICAL_RLE,2047,2053,1,1,0,0,0,4.374609,84,0.955174058,0.977073171,1.000000000,1.000000000,0.000000000,0.044825942,6,0.002931119,0.002931119,50,44,0.000,SERIALIZATION_ONLY
f1CUR1R0AXa8BF8OuBa2,1147,train,helmet_loose,CANONICAL_RLE,11301,11313,1,1,0,0,0,3.799857,158,0.983858233,0.991863447,1.000000000,1.000000000,0.000000000,0.016141767,12,0.001061853,0.001061853,98,86,1.000,SERIALIZATION_ONLY
f1CUR1R0AXa8BF8OuBa2,1148,train,helmet_loose,CANONICAL_RLE,7968,7979,1,1,0,0,0,4.111166,148,0.983457711,0.991659873,1.000000000,1.000000000,0.000000000,0.016542289,11,0.001380522,0.001380522,72,61,1.000,SERIALIZATION_ONLY
f1CUR1R0AXa8BF8OuBa2,1149,train,helmet_loose,CANONICAL_RLE,3912,3894,2,2,1,0,0,4.197732,117,0.973704172,0.986676915,1.000000000,0.999233716,0.000766284,0.025529545,18,0.004601227,-0.004601227,43,61,1.000,MULTI_COMPONENT_APPROXIMATION|COMPONENT_JOIN_APPROXIMATION
f1CUR1R0AXa8BF8OuBa2,1150,train,helmet_loose,CANONICAL_RLE,2723,2738,1,1,0,0,0,4.558340,106,0.956646363,0.977842886,1.000000000,1.000000000,0.000000000,0.043353637,15,0.005508630,0.005508630,68,53,1.000,SERIALIZATION_ONLY
f1CUR1R0AXa8BF8OuBa2,1151,train,helmet_loose,CANONICAL_RLE,1896,1909,1,1,0,0,0,4.394225,96,0.939347604,0.968725361,1.000000000,1.000000000,0.000000000,0.060652396,13,0.006856540,0.006856540,66,53,1.000,SERIALIZATION_ONLY
f1CUR1R0AXa8BF8OuBa2,1152,train,helmet_loose,CANONICAL_RLE,9441,9471,1,1,0,0,0,4.351558,187,0.974731127,0.987203892,1.000000000,1.000000000,0.000000000,0.025268873,30,0.003177629,0.003177629,136,106,1.000,SERIALIZATION_ONLY
f1CUR1R0AXa8BF8OuBa2,1153,train,helmet_loose,CANONICAL_RLE,4731,4768,1,1,0,0,0,4.091481,136,0.970338104,0.984945784,1.000000000,1.000000000,0.000000000,0.029661896,37,0.007820757,0.007820757,90,53,1.000,SERIALIZATION_ONLY
f1CUR1R0AXa8BF8OuBa2,1154,train,helmet_loose,CANONICAL_RLE,8842,8892,2,2,1,0,0,5.107306,154,0.977475468,0.988609451,1.000000000,0.999321881,0.000678119,0.021846412,50,0.005654829,0.005654829,126,76,1.000,MULTI_COMPONENT_APPROXIMATION|COMPONENT_JOIN_APPROXIMATION
f1CUR1R0AXa8BF8OuBa2,1155,train,helmet_loose,CANONICAL_RLE,11028,11042,1,1,0,0,0,3.994739,163,0.979904907,0.989850476,1.000000000,1.000000000,0.000000000,0.020095093,14,0.001269496,0.001269496,119,105,1.000,SERIALIZATION_ONLY
f1CUR1R0AXa8BF8OuBa2,1156,train,helmet_loose,CANONICAL_RLE,13566,13613,1,1,0,0,0,3.898669,175,0.986188249,0.993046102,1.000000000,1.000000000,0.000000000,0.013811751,47,0.003464544,0.003464544,118,71,1.000,SERIALIZATION_ONLY
f1CUR1R0AXa8BF8OuBa2,1157,train,helmet_loose,CANONICAL_POLYGON,1642,1676,1,1,0,0,0,5.079350,14,0.959834613,0.979505726,0.940634006,0.940634006,0.000000000,-0.019200607,34,0.020706456,0.020706456,51,17,1.000,RASTER_BOUNDARY_DIFFERENCE
f1CUR1R0AXa8BF8OuBa2,1158,train,helmet_loose,CANONICAL_POLYGON,2045,2174,1,1,0,0,0,3.967978,8,0.939770115,0.968949988,0.958255159,0.958255159,0.000000000,0.018485045,129,0.063080685,0.063080685,130,1,1.000,RASTER_BOUNDARY_DIFFERENCE
f1CUR1R0AXa8BF8OuBa2,1159,train,helmet_loose,CANONICAL_POLYGON,2262,2434,1,1,0,0,0,4.311432,9,0.929334429,0.963373083,0.950168919,0.950168919,0.000000000,0.020834490,172,0.076038904,0.076038904,172,0,1.000,RASTER_BOUNDARY_DIFFERENCE
f1CUR1R0AXa8BF8OuBa2,1160,train,helmet_loose,CANONICAL_POLYGON,1405,1508,1,1,0,0,0,4.604985,9,0.931697613,0.964641263,0.934360348,0.934360348,0.000000000,0.002662736,103,0.073309609,0.073309609,103,0,1.000,RASTER_BOUNDARY_DIFFERENCE
f1CUR1R0AXa8BF8OuBa2,1161,train,helmet_loose,CANONICAL_POLYGON,1692,1741,1,1,0,0,0,3.755246,10,0.967335244,0.983396446,0.947546531,0.947546531,0.000000000,-0.019788712,49,0.028959811,0.028959811,53,4,1.000,RASTER_BOUNDARY_DIFFERENCE
f1CUR1R0AXa8BF8OuBa2,1162,train,helmet_loose,CANONICAL_POLYGON,2277,2351,1,1,0,0,0,3.883163,8,0.966015293,0.982713915,0.956962025,0.956962025,0.000000000,-0.009053268,74,0.032498902,0.032498902,77,3,1.000,RASTER_BOUNDARY_DIFFERENCE
f1CUR1R0AXa8BF8OuBa2,1163,train,helmet_loose,CANONICAL_POLYGON,877,890,1,1,0,0,0,4.087697,7,0.969899666,0.984719864,0.924628450,0.924628450,0.000000000,-0.045271215,13,0.014823261,0.014823261,20,7,1.000,RASTER_BOUNDARY_DIFFERENCE|SMALL_MASK_SENSITIVITY
f9lN7loqzgrkrUl5cotk,1164,train,helmet_on_head,CANONICAL_RLE,3831,3835,1,1,0,0,0,4.074769,120,0.968669748,0.984085573,1.000000000,1.000000000,0.000000000,0.031330252,4,0.001044114,0.001044114,63,59,1.000,SERIALIZATION_ONLY
f9lN7loqzgrkrUl5cotk,1165,train,helmet_on_head,CANONICAL_RLE,3815,3816,1,1,0,0,0,4.629170,104,0.966752577,0.983095269,1.000000000,1.000000000,0.000000000,0.033247423,1,0.000262123,0.000262123,65,64,1.000,SERIALIZATION_ONLY
f9lN7loqzgrkrUl5cotk,1166,train,person,CANONICAL_RLE,48665,51375,7,5,1,2,2416,10.085323,937,0.926476535,0.961835266,0.952565533,0.946414331,0.006151202,0.019937796,2710,0.055686839,0.055686839,3264,554,1.000,RASTER_BOUNDARY_DIFFERENCE|MULTI_COMPONENT_APPROXIMATION|COMPONENT_JOIN_APPROXIMATION|HOLE_FILL_APPROXIMATION
f9lN7loqzgrkrUl5cotk,1167,train,person,CANONICAL_RLE,59707,59810,1,1,0,0,0,6.432926,555,0.988437094,0.994184928,1.000000000,1.000000000,0.000000000,0.011562906,103,0.001725091,0.001725091,399,296,1.000,SERIALIZATION_ONLY
fACVNCxfZ1UpWLOyW5Un,1168,train,person,CANONICAL_RLE,616676,641066,21,13,1,37,23070,9.317826,3021,0.956956790,0.978005028,0.963898172,0.962128056,0.001770116,0.005171266,24390,0.039550753,0.039550753,26027,1637,1.000,RASTER_BOUNDARY_DIFFERENCE|MULTI_COMPONENT_APPROXIMATION|COMPONENT_JOIN_APPROXIMATION|HOLE_FILL_APPROXIMATION
fCguAs4b5u4OAThWLpsh,1169,train,person,CANONICAL_POLYGON,320603,321604,1,1,0,0,0,4.783597,90,0.996446724,0.998220200,0.995288235,0.995288235,0.000000000,-0.001158490,1001,0.003122242,0.003122242,1072,71,1.000,RASTER_BOUNDARY_DIFFERENCE
fCguAs4b5u4OAThWLpsh,1170,train,person,CANONICAL_POLYGON,229284,230779,1,1,0,0,0,5.478973,79,0.993236920,0.996606986,0.994031430,0.994031430,0.000000000,0.000794510,1495,0.006520298,0.006520298,1528,33,1.000,RASTER_BOUNDARY_DIFFERENCE
fCguAs4b5u4OAThWLpsh,1171,train,helmet_on_head,CANONICAL_POLYGON,28227,28656,1,1,0,0,0,5.479514,33,0.983644860,0.991755006,0.982528944,0.982528944,0.000000000,-0.001115916,429,0.015198214,0.015198214,449,20,5.000,RASTER_BOUNDARY_DIFFERENCE
fCguAs4b5u4OAThWLpsh,1172,train,person,CANONICAL_POLYGON,157174,158656,1,1,0,0,0,5.886658,73,0.990558665,0.995256942,0.992324845,0.992324845,0.000000000,0.001766181,1482,0.009429040,0.009429040,1490,8,1.000,RASTER_BOUNDARY_DIFFERENCE
fCguAs4b5u4OAThWLpsh,1173,train,helmet_on_head,CANONICAL_POLYGON,15751,15927,1,1,0,0,0,4.135845,18,0.988075813,0.994002147,0.981696652,0.981696652,0.000000000,-0.006379161,176,0.011173894,0.011173894,183,7,1.000,RASTER_BOUNDARY_DIFFERENCE
fCguAs4b5u4OAThWLpsh,1174,train,helmet_on_head,CANONICAL_POLYGON,13109,13419,1,1,0,0,0,4.819710,22,0.976751118,0.988238842,0.976912732,0.976912732,0.000000000,0.000161614,310,0.023647876,0.023647876,311,1,1.000,RASTER_BOUNDARY_DIFFERENCE
fLAAu4V914vaOBpzi2jz,1175,train,person,CANONICAL_POLYGON,454646,456552,1,1,0,0,0,4.565948,90,0.995615418,0.997802892,0.996555618,0.996555618,0.000000000,0.000940199,1906,0.004192273,0.004192273,1954,48,1.000,RASTER_BOUNDARY_DIFFERENCE
fUSboNBF7gsWxFhJcana,1176,train,helmet_on_head,CANONICAL_POLYGON,6811,6996,1,1,0,0,0,4.053040,14,0.972146836,0.985876729,0.972484953,0.972484953,0.000000000,0.000338117,185,0.027161944,0.027161944,190,5,1.000,RASTER_BOUNDARY_DIFFERENCE
fUSboNBF7gsWxFhJcana,1177,train,vest_on_body,CANONICAL_RLE,10372,10476,2,2,1,0,0,10.623079,441,0.951877165,0.975345357,1.000000000,0.997691420,0.002308580,0.045814255,104,0.010026996,0.010026996,309,205,1.000,MULTI_COMPONENT_APPROXIMATION|COMPONENT_JOIN_APPROXIMATION
fUSboNBF7gsWxFhJcana,1178,train,person,CANONICAL_RLE,117103,117044,1,1,0,0,0,7.671357,957,0.987395600,0.993657830,1.000000000,1.000000000,0.000000000,0.012604400,59,0.000503830,-0.000503830,713,772,1.000,SERIALIZATION_ONLY
fVfuf7cWPnRyw4D9x1vo,1179,train,person,CANONICAL_POLYGON,395449,397014,1,1,0,0,0,5.499527,104,0.995756458,0.997873718,0.995371501,0.995371501,0.000000000,-0.000384957,1565,0.003957527,0.003957527,1625,60,1.000,RASTER_BOUNDARY_DIFFERENCE
fZbJypRfWdeUfPmPJbv2,1180,train,helmet_loose,CANONICAL_POLYGON,294789,295603,1,1,0,0,0,4.299536,34,0.997104430,0.998550116,0.995448309,0.995448309,0.000000000,-0.001656121,814,0.002761297,0.002761297,835,21,1.000,RASTER_BOUNDARY_DIFFERENCE
fZbJypRfWdeUfPmPJbv2,1181,train,helmet_loose,CANONICAL_POLYGON,215372,216192,1,1,0,0,0,5.666472,78,0.995865494,0.997928465,0.994362152,0.994362152,0.000000000,-0.001503342,820,0.003807366,0.003807366,857,37,1.000,RASTER_BOUNDARY_DIFFERENCE
fZbJypRfWdeUfPmPJbv2,1182,train,helmet_loose,CANONICAL_POLYGON,300252,301319,1,1,0,0,0,4.002518,52,0.996445651,0.998219662,0.996047890,0.996047890,0.000000000,-0.000397761,1067,0.003553682,0.003553682,1069,2,1.000,RASTER_BOUNDARY_DIFFERENCE
fZbJypRfWdeUfPmPJbv2,1183,train,helmet_loose,CANONICAL_POLYGON,460181,460915,1,1,0,0,0,4.758881,71,0.998117063,0.999057644,0.995784455,0.995784455,0.000000000,-0.002332608,734,0.001595025,0.001595025,801,67,1.000,RASTER_BOUNDARY_DIFFERENCE
fZbJypRfWdeUfPmPJbv2,1184,train,helmet_loose,CANONICAL_POLYGON,424929,425965,1,1,0,0,0,4.333363,82,0.997474089,0.998735448,0.996603379,0.996603379,0.000000000,-0.000870711,1036,0.002438054,0.002438054,1056,20,1.000,RASTER_BOUNDARY_DIFFERENCE
fZbJypRfWdeUfPmPJbv2,1185,train,helmet_loose,CANONICAL_POLYGON,192927,193788,1,1,0,0,0,4.677441,71,0.995237825,0.997613229,0.994214944,0.994214944,0.000000000,-0.001022881,861,0.004462828,0.004462828,892,31,1.000,RASTER_BOUNDARY_DIFFERENCE
fZbJypRfWdeUfPmPJbv2,1186,train,helmet_loose,CANONICAL_POLYGON,225020,226013,1,1,0,0,0,4.787767,75,0.995182716,0.997585543,0.994980319,0.994980319,0.000000000,-0.000202397,993,0.004412941,0.004412941,1041,48,1.000,RASTER_BOUNDARY_DIFFERENCE
fZbJypRfWdeUfPmPJbv2,1187,train,helmet_loose,CANONICAL_POLYGON,97512,98133,1,1,0,0,0,4.885182,39,0.992900144,0.996437425,0.991177997,0.991177997,0.000000000,-0.001722147,621,0.006368447,0.006368447,659,38,1.000,RASTER_BOUNDARY_DIFFERENCE
fZbJypRfWdeUfPmPJbv2,1188,train,helmet_loose,CANONICAL_POLYGON,56679,56940,1,1,0,0,0,4.854074,29,0.991533891,0.995748950,0.989949661,0.989949661,0.000000000,-0.001584230,261,0.004604880,0.004604880,372,111,1.000,RASTER_BOUNDARY_DIFFERENCE
fZbJypRfWdeUfPmPJbv2,1189,train,helmet_loose,CANONICAL_POLYGON,117449,118382,1,1,0,0,0,6.150189,65,0.991479480,0.995721512,0.991940117,0.991940117,0.000000000,0.000460637,933,0.007943874,0.007943874,971,38,1.000,RASTER_BOUNDARY_DIFFERENCE
fZbJypRfWdeUfPmPJbv2,1190,train,helmet_loose,CANONICAL_POLYGON,155481,155723,1,1,0,0,0,4.891834,24,0.997163448,0.998579710,0.994657778,0.994657778,0.000000000,-0.002505670,242,0.001556460,0.001556460,342,100,1.000,RASTER_BOUNDARY_DIFFERENCE
fZbJypRfWdeUfPmPJbv2,1191,train,helmet_loose,CANONICAL_POLYGON,71256,71696,1,1,0,0,0,5.500534,35,0.993001241,0.996488332,0.991304348,0.991304348,0.000000000,-0.001696893,440,0.006174919,0.006174919,471,31,1.000,RASTER_BOUNDARY_DIFFERENCE
fZbJypRfWdeUfPmPJbv2,1192,train,helmet_loose,CANONICAL_POLYGON,73788,74308,1,1,0,0,0,5.229805,40,0.992090608,0.996029602,0.987833832,0.987833832,0.000000000,-0.004256776,520,0.007047216,0.007047216,554,34,1.000,RASTER_BOUNDARY_DIFFERENCE
fZbJypRfWdeUfPmPJbv2,1193,train,helmet_loose,CANONICAL_POLYGON,36466,36982,1,1,0,0,0,4.795857,21,0.985617735,0.992756780,0.984493397,0.984493397,0.000000000,-0.001124338,516,0.014150167,0.014150167,524,8,1.000,RASTER_BOUNDARY_DIFFERENCE
fh9ZLK61WWobTGZsxZtb,1197,train,vest_on_body,CANONICAL_RLE,21895,21938,1,1,0,0,0,4.309989,229,0.983034745,0.991444802,1.000000000,1.000000000,0.000000000,0.016965255,43,0.001963919,0.001963919,209,166,1.000,SERIALIZATION_ONLY
fh9ZLK61WWobTGZsxZtb,1198,train,helmet_on_head,CANONICAL_RLE,2615,2640,1,1,0,0,0,3.823823,77,0.971857411,0.985727878,1.000000000,1.000000000,0.000000000,0.028142589,25,0.009560229,0.009560229,50,25,1.000,SERIALIZATION_ONLY
fh9ZLK61WWobTGZsxZtb,1199,train,person,CANONICAL_RLE,52958,53050,1,1,0,0,0,6.462259,482,0.986991809,0.993453324,1.000000000,1.000000000,0.000000000,0.013008191,92,0.001737226,0.001737226,393,301,1.000,SERIALIZATION_ONLY
fttALlrksUCBwd1P1uxT,1200,train,vest_on_body,CANONICAL_RLE,47168,48496,48,36,1,5,255,19.539795,1948,0.933270012,0.965483358,0.994053518,0.973766293,0.020287226,0.040496281,1328,0.028154681,0.028154681,2315,987,1.000,RASTER_BOUNDARY_DIFFERENCE|MULTI_COMPONENT_APPROXIMATION|COMPONENT_JOIN_APPROXIMATION|HOLE_FILL_APPROXIMATION
fttALlrksUCBwd1P1uxT,1201,train,vest_on_body,CANONICAL_RLE,1107,1095,1,1,0,0,0,3.839313,48,0.960819234,0.980018165,1.000000000,1.000000000,0.000000000,0.039180766,12,0.010840108,-0.010840108,16,28,1.000,SERIALIZATION_ONLY
fttALlrksUCBwd1P1uxT,1202,train,helmet_on_head,CANONICAL_RLE,35558,35618,2,2,1,1,2,6.579658,493,0.982673612,0.991261099,0.999943757,0.999437855,0.000505902,0.016764243,60,0.001687384,0.001687384,341,281,1.000,RASTER_BOUNDARY_DIFFERENCE|MULTI_COMPONENT_APPROXIMATION|COMPONENT_JOIN_APPROXIMATION|HOLE_FILL_APPROXIMATION
fttALlrksUCBwd1P1uxT,1203,train,person,CANONICAL_RLE,259833,262814,3,1,0,3,2850,5.981387,1269,0.983645693,0.991755430,0.989139000,0.989139000,0.000000000,0.005493307,2981,0.011472754,0.011472754,3645,664,1.000,RASTER_BOUNDARY_DIFFERENCE|MULTI_COMPONENT_APPROXIMATION|HOLE_FILL_APPROXIMATION
fttALlrksUCBwd1P1uxT,1204,train,person,CANONICAL_RLE,2863,2899,1,1,0,0,0,4.945337,70,0.951897019,0.975355779,1.000000000,1.000000000,0.000000000,0.048102981,36,0.012574223,0.012574223,89,53,1.000,SERIALIZATION_ONLY
fttALlrksUCBwd1P1uxT,1205,train,person,CANONICAL_RLE,3994,3967,1,1,0,0,0,4.373035,96,0.969082365,0.984298455,1.000000000,1.000000000,0.000000000,0.030917635,27,0.006760140,-0.006760140,49,76,1.000,SERIALIZATION_ONLY
g1wRtvNq6gOrnSakm4aj,1206,train,person,CANONICAL_RLE,10921,10950,2,2,1,0,0,7.406979,327,0.960118301,0.979653422,1.000000000,0.996078074,0.003921926,0.035959773,29,0.002655434,0.002655434,237,208,1.000,MULTI_COMPONENT_APPROXIMATION|COMPONENT_JOIN_APPROXIMATION
g1wRtvNq6gOrnSakm4aj,1207,train,person,CANONICAL_RLE,1236,1219,1,1,0,0,0,4.342519,42,0.914976599,0.955600815,1.000000000,1.000000000,0.000000000,0.085023401,17,0.013754045,-0.013754045,46,63,1.000,SERIALIZATION_ONLY
g1wRtvNq6gOrnSakm4aj,1208,train,person,CANONICAL_RLE,14060,14157,3,3,1,0,0,7.653201,420,0.966752631,0.983095297,1.000000000,0.997163121,0.002836879,0.030410489,97,0.006899004,0.006899004,287,190,1.000,MULTI_COMPONENT_APPROXIMATION|COMPONENT_JOIN_APPROXIMATION
g1wRtvNq6gOrnSakm4aj,1209,train,person,CANONICAL_RLE,542,530,1,1,0,0,0,5.667357,47,0.867595819,0.929104478,1.000000000,1.000000000,0.000000000,0.132404181,12,0.022140221,-0.022140221,32,44,1.000,SERIALIZATION_ONLY|SMALL_MASK_SENSITIVITY
g1wRtvNq6gOrnSakm4aj,1210,train,person,CANONICAL_RLE,5323,5532,3,3,1,0,0,9.950100,205,0.920898956,0.958820820,1.000000000,0.990694212,0.009305788,0.069795256,209,0.039263573,0.039263573,328,119,1.000,MULTI_COMPONENT_APPROXIMATION|COMPONENT_JOIN_APPROXIMATION
g1wRtvNq6gOrnSakm4aj,1211,train,person,CANONICAL_RLE,306,294,1,1,0,0,0,3.694504,27,0.886792453,0.940000000,1.000000000,1.000000000,0.000000000,0.113207547,12,0.039215686,-0.039215686,12,24,1.000,SERIALIZATION_ONLY|SMALL_MASK_SENSITIVITY
g1wRtvNq6gOrnSakm4aj,1212,train,person,CANONICAL_RLE,5080,5094,1,1,0,0,0,5.561513,147,0.967891683,0.983683900,1.000000000,1.000000000,0.000000000,0.032108317,14,0.002755906,0.002755906,90,76,1.000,SERIALIZATION_ONLY
gPFGULsXJIadGfSxA0ZC,1215,train,vest_on_body,CANONICAL_RLE,146846,147333,6,3,1,1,2,9.573898,1508,0.985013495,0.992450175,0.999965951,0.997649281,0.002316670,0.012635786,487,0.003316399,0.003316399,1354,867,1.000,RASTER_BOUNDARY_DIFFERENCE|MULTI_COMPONENT_APPROXIMATION|COMPONENT_JOIN_APPROXIMATION|HOLE_FILL_APPROXIMATION
gPFGULsXJIadGfSxA0ZC,1216,train,person,CANONICAL_RLE,402657,404147,3,3,1,4,689,7.449126,1918,0.991243312,0.995602402,0.998291789,0.997003964,0.001287825,0.005760653,1490,0.003700420,0.003700420,2519,1029,1.000,RASTER_BOUNDARY_DIFFERENCE|MULTI_COMPONENT_APPROXIMATION|COMPONENT_JOIN_APPROXIMATION|HOLE_FILL_APPROXIMATION
gYn6rlfE3jNZF4ue6QGT,1217,train,helmet_loose,CANONICAL_POLYGON,77118,77477,1,1,0,0,0,4.962083,54,0.993822304,0.996901582,0.990881264,0.990881264,0.000000000,-0.002941041,359,0.004655204,0.004655204,419,60,0.000,RASTER_BOUNDARY_DIFFERENCE
gYn6rlfE3jNZF4ue6QGT,1218,train,person,CANONICAL_POLYGON,55235,55908,1,1,0,0,0,4.681758,40,0.987749043,0.993836769,0.986978560,0.986978560,0.000000000,-0.000770483,673,0.012184303,0.012184303,679,6,1.000,RASTER_BOUNDARY_DIFFERENCE
gYn6rlfE3jNZF4ue6QGT,1219,train,person,CANONICAL_POLYGON,2878,2973,1,1,0,0,0,5.293545,13,0.967383995,0.983421637,0.954847278,0.954847278,0.000000000,-0.012536717,95,0.033009034,0.033009034,96,1,1.000,RASTER_BOUNDARY_DIFFERENCE
ghzZPWPu7P2hqWEVXzdK,1220,train,helmet_loose,CANONICAL_RLE,330628,330776,1,1,0,0,0,3.908935,917,0.996631045,0.998312680,1.000000000,1.000000000,0.000000000,0.003368955,148,0.000447633,0.000447633,632,484,1.000,SERIALIZATION_ONLY
glS8kOIkWw2z5g9Jf0YI,1221,train,person,CANONICAL_RLE,421934,422142,1,1,0,1,76,6.199988,1659,0.994951620,0.997469422,0.999819909,0.999819909,0.000000000,0.004868290,208,0.000492968,0.000492968,1172,964,1.000,RASTER_BOUNDARY_DIFFERENCE|HOLE_FILL_APPROXIMATION
glS8kOIkWw2z5g9Jf0YI,1222,train,person,CANONICAL_RLE,109304,109498,1,1,0,0,0,6.517530,849,0.991100191,0.995530205,1.000000000,1.000000000,0.000000000,0.008899809,194,0.001774866,0.001774866,586,392,1.000,SERIALIZATION_ONLY
gtQyCqdKvXk2yIeURzCw,1223,train,person,CANONICAL_POLYGON,55364,56112,1,1,0,0,0,6.872558,76,0.986067808,0.992985037,0.985004185,0.985004185,0.000000000,-0.001063623,748,0.013510584,0.013510584,765,17,1.000,RASTER_BOUNDARY_DIFFERENCE
gtQyCqdKvXk2yIeURzCw,1224,train,helmet_loose,CANONICAL_POLYGON,5561,5697,1,1,0,0,0,3.783576,16,0.972319552,0.985965536,0.975043937,0.975043937,0.000000000,0.002724385,136,0.024456033,0.024456033,147,11,1.000,RASTER_BOUNDARY_DIFFERENCE
guTxd6qoSMleRrrzuudX,1225,train,vest_on_body,CANONICAL_RLE,37947,38272,5,5,1,0,0,9.696344,786,0.972184128,0.985895905,1.000000000,0.993480993,0.006519007,0.021296865,325,0.008564577,0.008564577,700,375,1.000,MULTI_COMPONENT_APPROXIMATION|COMPONENT_JOIN_APPROXIMATION
guTxd6qoSMleRrrzuudX,1226,train,vest_on_body,CANONICAL_RLE,56440,56838,4,4,1,0,0,10.168924,967,0.975825019,0.987764614,1.000000000,0.995783271,0.004216729,0.019958252,398,0.007051736,0.007051736,892,494,1.000,MULTI_COMPONENT_APPROXIMATION|COMPONENT_JOIN_APPROXIMATION
guTxd6qoSMleRrrzuudX,1227,train,person,CANONICAL_RLE,102119,102162,2,2,1,0,0,7.166223,839,0.990131226,0.995041144,1.000000000,0.999980415,0.000019585,0.009849189,43,0.000421077,0.000421077,528,485,1.000,MULTI_COMPONENT_APPROXIMATION|COMPONENT_JOIN_APPROXIMATION
guTxd6qoSMleRrrzuudX,1228,train,person,CANONICAL_RLE,135551,135657,1,1,0,0,0,5.359596,858,0.993062700,0.996519277,1.000000000,1.000000000,0.000000000,0.006937300,106,0.000781993,0.000781993,525,419,1.000,SERIALIZATION_ONLY
guTxd6qoSMleRrrzuudX,1229,train,person,CANONICAL_RLE,184647,185753,10,6,1,4,693,8.792270,1387,0.983389647,0.991625270,0.996217762,0.994511532,0.001706230,0.011121885,1106,0.005989808,0.005989808,2104,998,10.000,RASTER_BOUNDARY_DIFFERENCE|MULTI_COMPONENT_APPROXIMATION|COMPONENT_JOIN_APPROXIMATION|HOLE_FILL_APPROXIMATION
guTxd6qoSMleRrrzuudX,1230,train,helmet_on_head,CANONICAL_RLE,12607,12627,1,1,0,0,0,5.648841,273,0.973256178,0.986446857,1.000000000,1.000000000,0.000000000,0.026743822,20,0.001586420,0.001586420,181,161,1.000,SERIALIZATION_ONLY
guTxd6qoSMleRrrzuudX,1231,train,helmet_on_head,CANONICAL_RLE,15127,15172,1,1,0,0,0,4.600074,241,0.981621975,0.990725767,1.000000000,1.000000000,0.000000000,0.018378025,45,0.002974813,0.002974813,163,118,1.000,SERIALIZATION_ONLY
gwAoT5NhaRgUOaU5OHpI,1232,train,person,CANONICAL_POLYGON,766389,768696,1,1,0,0,0,5.480647,130,0.996632576,0.998313448,0.996410055,0.996410055,0.000000000,-0.000222521,2307,0.003010221,0.003010221,2448,141,1.000,RASTER_BOUNDARY_DIFFERENCE
gwAoT5NhaRgUOaU5OHpI,1233,train,vest_on_body,CANONICAL_POLYGON,372278,374229,1,1,0,0,0,5.827947,125,0.994482829,0.997233783,0.995082651,0.995082651,0.000000000,0.000599822,1951,0.005240707,0.005240707,2008,57,3.000,RASTER_BOUNDARY_DIFFERENCE
gwAoT5NhaRgUOaU5OHpI,1234,train,helmet_on_head,CANONICAL_POLYGON,82319,82894,1,1,0,0,0,3.984896,34,0.992510583,0.996241216,0.992338320,0.992338320,0.000000000,-0.000172262,575,0.006985022,0.006985022,598,23,1.000,RASTER_BOUNDARY_DIFFERENCE
hRBalleqqyG7t2msbEJX,1238,train,person,CANONICAL_RLE,28081,28143,2,1,0,1,14,7.541519,500,0.977629265,0.988688105,0.999394910,0.999394910,0.000000000,0.021765645,62,0.002207899,0.002207899,349,287,0.000,RASTER_BOUNDARY_DIFFERENCE|MULTI_COMPONENT_APPROXIMATION|HOLE_FILL_APPROXIMATION
hRBalleqqyG7t2msbEJX,1239,train,person,CANONICAL_RLE,4298,4318,2,2,1,0,0,7.937485,210,0.935309973,0.966573816,1.000000000,0.998142127,0.001857873,0.062832154,20,0.004653327,0.004653327,154,134,1.000,MULTI_COMPONENT_APPROXIMATION|COMPONENT_JOIN_APPROXIMATION
hRBalleqqyG7t2msbEJX,1240,train,person,CANONICAL_RLE,7806,7806,2,2,1,0,0,8.815738,326,0.951256093,0.975019216,1.000000000,0.999871910,0.000128090,0.048615817,0,0.000000000,0.000000000,195,195,1.000,MULTI_COMPONENT_APPROXIMATION|COMPONENT_JOIN_APPROXIMATION
hRBalleqqyG7t2msbEJX,1241,train,person,CANONICAL_RLE,6203,6211,1,1,0,0,0,6.111831,183,0.965795724,0.982600290,1.000000000,1.000000000,0.000000000,0.034204276,8,0.001289699,0.001289699,112,104,1.000,SERIALIZATION_ONLY
iJ4dUZWQCFaMhFRpxFFB,1249,train,person,CANONICAL_POLYGON,683888,684805,1,1,0,0,0,4.393470,59,0.998634666,0.999316867,0.997457779,0.997457779,0.000000000,-0.001176887,917,0.001340863,0.001340863,926,9,1.000,RASTER_BOUNDARY_DIFFERENCE
iJ4dUZWQCFaMhFRpxFFB,1250,train,helmet_on_head,CANONICAL_POLYGON,253666,254245,1,1,0,0,0,4.372186,36,0.997699097,0.998848223,0.995760267,0.995760267,0.000000000,-0.001938830,579,0.002282529,0.002282529,582,3,1.000,RASTER_BOUNDARY_DIFFERENCE
iYDeCo5SbjJugwsbVESB,1251,train,vest_on_body,CANONICAL_RLE,63967,64076,1,1,0,0,0,4.220867,302,0.991802131,0.995884195,1.000000000,1.000000000,0.000000000,0.008197869,109,0.001704004,0.001704004,318,209,1.000,SERIALIZATION_ONLY
iYDeCo5SbjJugwsbVESB,1252,train,helmet_on_head,CANONICAL_RLE,978,971,1,1,0,0,0,3.757155,47,0.925889328,0.961518728,1.000000000,1.000000000,0.000000000,0.074110672,7,0.007157464,-0.007157464,34,41,1.000,SERIALIZATION_ONLY|SMALL_MASK_SENSITIVITY
iYDeCo5SbjJugwsbVESB,1253,train,helmet_on_head,CANONICAL_RLE,808,842,1,1,0,0,0,4.121475,46,0.938895417,0.968484848,1.000000000,1.000000000,0.000000000,0.061104583,34,0.042079208,0.042079208,43,9,1.000,SERIALIZATION_ONLY|SMALL_MASK_SENSITIVITY
iYDeCo5SbjJugwsbVESB,1254,train,helmet_on_head,CANONICAL_RLE,1315,1336,1,1,0,0,0,3.807835,44,0.952135493,0.975480951,1.000000000,1.000000000,0.000000000,0.047864507,21,0.015969582,0.015969582,43,22,1.000,SERIALIZATION_ONLY
iYDeCo5SbjJugwsbVESB,1255,train,helmet_on_head,CANONICAL_RLE,727,740,1,1,0,0,0,4.104488,56,0.920157068,0.958418541,1.000000000,1.000000000,0.000000000,0.079842932,13,0.017881706,0.017881706,37,24,1.000,SERIALIZATION_ONLY|SMALL_MASK_SENSITIVITY
iYDeCo5SbjJugwsbVESB,1256,train,helmet_on_head,CANONICAL_RLE,1195,1193,1,1,0,0,0,4.533302,60,0.935170178,0.966499162,1.000000000,1.000000000,0.000000000,0.064829822,2,0.001673640,-0.001673640,39,41,1.000,SERIALIZATION_ONLY
iYDeCo5SbjJugwsbVESB,1257,train,helmet_on_head,CANONICAL_RLE,850,874,1,1,0,0,0,3.804239,52,0.943630214,0.970997680,1.000000000,1.000000000,0.000000000,0.056369786,24,0.028235294,0.028235294,37,13,1.000,SERIALIZATION_ONLY|SMALL_MASK_SENSITIVITY
iYDeCo5SbjJugwsbVESB,1258,train,helmet_on_head,CANONICAL_RLE,1093,1089,1,1,0,0,0,4.070366,61,0.927561837,0.962419798,1.000000000,1.000000000,0.000000000,0.072438163,4,0.003659652,-0.003659652,39,43,1.000,SERIALIZATION_ONLY
iYDeCo5SbjJugwsbVESB,1259,train,helmet_on_head,CANONICAL_RLE,809,797,1,1,0,0,0,3.902981,43,0.937273824,0.967621420,1.000000000,1.000000000,0.000000000,0.062726176,12,0.014833127,-0.014833127,20,32,1.000,SERIALIZATION_ONLY|SMALL_MASK_SENSITIVITY
iYDeCo5SbjJugwsbVESB,1260,train,helmet_on_head,CANONICAL_RLE,1395,1386,1,1,0,0,0,3.763579,60,0.954321855,0.976627113,1.000000000,1.000000000,0.000000000,0.045678145,9,0.006451613,-0.006451613,28,37,1.000,SERIALIZATION_ONLY
iYDeCo5SbjJugwsbVESB,1261,train,helmet_on_head,CANONICAL_RLE,1000,1011,1,1,0,0,0,3.697072,45,0.928092042,0.962705122,1.000000000,1.000000000,0.000000000,0.071907958,11,0.011000000,0.011000000,43,32,1.000,SERIALIZATION_ONLY|SMALL_MASK_SENSITIVITY
iYDeCo5SbjJugwsbVESB,1262,train,helmet_on_head,CANONICAL_RLE,1133,1148,1,1,0,0,0,4.500807,64,0.941276596,0.969750110,1.000000000,1.000000000,0.000000000,0.058723404,15,0.013239188,0.013239188,42,27,1.000,SERIALIZATION_ONLY
iYDeCo5SbjJugwsbVESB,1263,train,helmet_on_head,CANONICAL_RLE,799,784,1,1,0,0,0,3.756512,42,0.939950980,0.969046115,1.000000000,1.000000000,0.000000000,0.060049020,15,0.018773467,-0.018773467,17,32,1.000,SERIALIZATION_ONLY|SMALL_MASK_SENSITIVITY
iYDeCo5SbjJugwsbVESB,1264,train,helmet_on_head,CANONICAL_RLE,1060,1071,1,1,0,0,0,4.028373,62,0.942570647,0.970436415,1.000000000,1.000000000,0.000000000,0.057429353,11,0.010377358,0.010377358,37,26,1.000,SERIALIZATION_ONLY
iYDeCo5SbjJugwsbVESB,1265,train,helmet_on_head,CANONICAL_RLE,726,736,1,1,0,0,0,3.792395,37,0.941567065,0.969904241,1.000000000,1.000000000,0.000000000,0.058432935,10,0.013774105,0.013774105,27,17,1.000,SERIALIZATION_ONLY|SMALL_MASK_SENSITIVITY
iYDeCo5SbjJugwsbVESB,1266,train,person,CANONICAL_RLE,5444,5471,1,1,0,0,0,6.151310,137,0.965604178,0.982501145,1.000000000,1.000000000,0.000000000,0.034395822,27,0.004959589,0.004959589,109,82,1.000,SERIALIZATION_ONLY
iYDeCo5SbjJugwsbVESB,1267,train,person,CANONICAL_RLE,9920,9924,1,1,0,0,0,6.158725,227,0.966115129,0.982765571,1.000000000,1.000000000,0.000000000,0.033884871,4,0.000403226,0.000403226,173,169,1.000,SERIALIZATION_ONLY
iYDeCo5SbjJugwsbVESB,1268,train,person,CANONICAL_RLE,3670,3663,1,1,0,0,0,5.731835,127,0.964898178,0.982135552,1.000000000,1.000000000,0.000000000,0.035101822,7,0.001907357,-0.001907357,62,69,1.000,SERIALIZATION_ONLY
iYDeCo5SbjJugwsbVESB,1269,train,person,CANONICAL_RLE,20115,20046,1,1,0,0,0,4.990790,222,0.982378202,0.991110779,1.000000000,1.000000000,0.000000000,0.017621798,69,0.003430276,-0.003430276,144,213,1.000,SERIALIZATION_ONLY
iYDeCo5SbjJugwsbVESB,1270,train,person,CANONICAL_RLE,18029,18061,1,1,0,0,0,6.610677,268,0.977317554,0.988528678,1.000000000,1.000000000,0.000000000,0.022682446,32,0.001774918,0.001774918,223,191,1.000,SERIALIZATION_ONLY
iYDeCo5SbjJugwsbVESB,1271,train,person,CANONICAL_RLE,13667,13713,2,2,1,0,0,6.880025,273,0.975468975,0.987582177,1.000000000,0.999488080,0.000511920,0.024019104,46,0.003365772,0.003365772,193,147,1.000,MULTI_COMPONENT_APPROXIMATION|COMPONENT_JOIN_APPROXIMATION
iYDeCo5SbjJugwsbVESB,1272,train,person,CANONICAL_RLE,6990,7067,1,1,0,0,0,5.537599,172,0.975962890,0.987835242,1.000000000,1.000000000,0.000000000,0.024037110,77,0.011015737,0.011015737,124,47,1.000,SERIALIZATION_ONLY
iYDeCo5SbjJugwsbVESB,1273,train,person,CANONICAL_RLE,5101,5124,1,1,0,0,0,5.600088,129,0.959563051,0.979364303,1.000000000,1.000000000,0.000000000,0.040436949,23,0.004508920,0.004508920,117,94,1.000,SERIALIZATION_ONLY
iYDeCo5SbjJugwsbVESB,1274,train,person,CANONICAL_RLE,1894,1932,1,1,0,0,0,5.474872,90,0.936234818,0.967067433,1.000000000,1.000000000,0.000000000,0.063765182,38,0.020063358,0.020063358,82,44,1.000,SERIALIZATION_ONLY
iYDeCo5SbjJugwsbVESB,1275,train,person,CANONICAL_RLE,8590,8630,1,1,0,0,0,6.697716,243,0.970702678,0.985133566,1.000000000,1.000000000,0.000000000,0.029297322,40,0.004656577,0.004656577,148,108,1.000,SERIALIZATION_ONLY
iYDeCo5SbjJugwsbVESB,1276,train,person,CANONICAL_RLE,27937,27943,1,1,0,0,0,8.322427,576,0.972467349,0.986041518,1.000000000,1.000000000,0.000000000,0.027532651,6,0.000214769,0.000214769,393,387,0.000,SERIALIZATION_ONLY
iYDeCo5SbjJugwsbVESB,1277,train,person,CANONICAL_RLE,22643,23060,1,1,0,2,375,5.256946,275,0.963693392,0.981511061,0.983708402,0.983708402,0.000000000,0.020015010,417,0.018416288,0.018416288,631,214,1.000,RASTER_BOUNDARY_DIFFERENCE|HOLE_FILL_APPROXIMATION
iYDeCo5SbjJugwsbVESB,1278,train,person,CANONICAL_RLE,13603,13675,1,1,0,0,0,7.547665,312,0.971238618,0.985409487,1.000000000,1.000000000,0.000000000,0.028761382,72,0.005292950,0.005292950,235,163,1.000,SERIALIZATION_ONLY
iYDeCo5SbjJugwsbVESB,1279,train,person,CANONICAL_RLE,17729,17814,1,1,0,0,0,5.282341,256,0.980221739,0.990012098,1.000000000,1.000000000,0.000000000,0.019778261,85,0.004794405,0.004794405,220,135,1.000,SERIALIZATION_ONLY
iYDeCo5SbjJugwsbVESB,1280,train,person,CANONICAL_RLE,2315,2318,1,1,0,0,0,7.339523,123,0.925602660,0.961364127,1.000000000,1.000000000,0.000000000,0.074397340,3,0.001295896,0.001295896,91,88,1.000,SERIALIZATION_ONLY
iYDeCo5SbjJugwsbVESB,1281,train,person,CANONICAL_RLE,13974,14021,1,1,0,0,0,6.947591,287,0.971340046,0.985461690,1.000000000,1.000000000,0.000000000,0.028659954,47,0.003363389,0.003363389,227,180,1.000,SERIALIZATION_ONLY
iYDeCo5SbjJugwsbVESB,1282,train,person,CANONICAL_RLE,163297,163328,1,1,0,1,11,5.206984,804,0.993402623,0.996690394,0.999932643,0.999932643,0.000000000,0.006530020,31,0.000189838,0.000189838,556,525,1.000,RASTER_BOUNDARY_DIFFERENCE|HOLE_FILL_APPROXIMATION
iYDeCo5SbjJugwsbVESB,1283,train,person,CANONICAL_RLE,2558,2570,1,1,0,0,0,4.096670,79,0.965504025,0.982449298,1.000000000,1.000000000,0.000000000,0.034495975,12,0.004691165,0.004691165,51,39,1.000,SERIALIZATION_ONLY
iYDeCo5SbjJugwsbVESB,1284,train,person,CANONICAL_RLE,2895,2871,2,1,0,0,0,4.355852,80,0.959891230,0.979535206,0.998618307,0.998618307,0.000000000,0.038727077,24,0.008290155,-0.008290155,47,71,1.000,RASTER_BOUNDARY_DIFFERENCE|MULTI_COMPONENT_APPROXIMATION
iYDeCo5SbjJugwsbVESB,1285,train,person,CANONICAL_RLE,11251,11252,1,1,0,0,0,5.902967,234,0.974293736,0.986979514,1.000000000,1.000000000,0.000000000,0.025706264,1,0.000088881,0.000088881,147,146,1.000,SERIALIZATION_ONLY
iYDeCo5SbjJugwsbVESB,1286,train,person,CANONICAL_RLE,6418,6403,1,1,0,0,0,5.987906,173,0.959199267,0.979174791,1.000000000,1.000000000,0.000000000,0.040800733,15,0.002337177,-0.002337177,126,141,1.000,SERIALIZATION_ONLY
iaiWnIvvT5pVlhb0dKOl,1287,train,person,CANONICAL_POLYGON,443386,445945,1,1,0,0,0,6.943648,151,0.994015695,0.996998868,0.994754856,0.994754856,0.000000000,0.000739161,2559,0.005771495,0.005771495,2614,55,2.000,RASTER_BOUNDARY_DIFFERENCE
iaiWnIvvT5pVlhb0dKOl,1288,train,person,CANONICAL_POLYGON,50017,50933,1,1,0,0,0,6.743489,47,0.981237611,0.990529965,0.984723345,0.984723345,0.000000000,0.003485734,916,0.018313773,0.018313773,936,20,1.000,RASTER_BOUNDARY_DIFFERENCE
iaiWnIvvT5pVlhb0dKOl,1289,train,helmet_on_head,CANONICAL_POLYGON,10571,10897,1,1,0,0,0,5.468608,20,0.969360609,0.984441960,0.976432532,0.976432532,0.000000000,0.007071923,326,0.030839088,0.030839088,330,4,1.000,RASTER_BOUNDARY_DIFFERENCE
iaiWnIvvT5pVlhb0dKOl,1290,train,helmet_on_head,CANONICAL_POLYGON,18812,19237,1,1,0,0,0,6.432823,33,0.975750338,0.987726353,0.975914269,0.975914269,0.000000000,0.000163932,425,0.022591963,0.022591963,446,21,1.000,RASTER_BOUNDARY_DIFFERENCE
iaiWnIvvT5pVlhb0dKOl,1291,train,person,CANONICAL_POLYGON,143004,144529,1,1,0,0,0,7.041339,91,0.988829250,0.994383253,0.990987431,0.990987431,0.000000000,0.002158181,1525,0.010664037,0.010664037,1570,45,1.000,RASTER_BOUNDARY_DIFFERENCE
iaiWnIvvT5pVlhb0dKOl,1292,train,helmet_on_head,CANONICAL_POLYGON,5857,6000,1,1,0,0,0,5.046744,22,0.971566345,0.985578139,0.964912281,0.964912281,0.000000000,-0.006654064,143,0.024415230,0.024415230,157,14,1.000,RASTER_BOUNDARY_DIFFERENCE
ifby7cAiqu9ONl1N8bBb,1293,train,person,CANONICAL_POLYGON,626353,628249,2,1,0,0,0,6.039162,132,0.996721473,0.998358045,0.996004257,0.996004257,0.000000000,-0.000717217,1896,0.003027047,0.003027047,1978,82,1.000,RASTER_BOUNDARY_DIFFERENCE|MULTI_COMPONENT_APPROXIMATION
ifby7cAiqu9ONl1N8bBb,1294,train,vest_on_body,CANONICAL_RLE,348273,348872,7,6,1,1,4,8.340587,1811,0.990955460,0.995457186,0.999982772,0.998283028,0.001699744,0.007327568,599,0.001719915,0.001719915,1883,1284,1.000,RASTER_BOUNDARY_DIFFERENCE|MULTI_COMPONENT_APPROXIMATION|COMPONENT_JOIN_APPROXIMATION|HOLE_FILL_APPROXIMATION
iubfYkjY0FQevxBHrSDF,1298,train,vest_on_body,CANONICAL_RLE,37086,37308,4,3,1,0,0,9.121466,750,0.972478524,0.986047262,0.999973036,0.994956134,0.005016901,0.022477611,222,0.005986086,0.005986086,630,408,1.000,RASTER_BOUNDARY_DIFFERENCE|MULTI_COMPONENT_APPROXIMATION|COMPONENT_JOIN_APPROXIMATION
iubfYkjY0FQevxBHrSDF,1299,train,vest_on_body,CANONICAL_RLE,228583,228713,1,1,0,0,0,4.604952,621,0.995662135,0.997826353,1.000000000,1.000000000,0.000000000,0.004337865,130,0.000568721,0.000568721,562,432,1.000,SERIALIZATION_ONLY
iubfYkjY0FQevxBHrSDF,1300,train,vest_on_body,CANONICAL_RLE,68513,68517,1,1,0,0,0,5.803987,490,0.987901120,0.993913742,1.000000000,1.000000000,0.000000000,0.012098880,4,0.000058383,0.000058383,419,415,1.000,SERIALIZATION_ONLY
iubfYkjY0FQevxBHrSDF,1301,train,vest_on_body,CANONICAL_RLE,179324,179366,2,2,1,0,0,4.348102,581,0.994761312,0.997373777,1.000000000,0.999949814,0.000050186,0.005188502,42,0.000234213,0.000234213,492,450,1.000,MULTI_COMPONENT_APPROXIMATION|COMPONENT_JOIN_APPROXIMATION
iubfYkjY0FQevxBHrSDF,1302,train,person,CANONICAL_RLE,132594,132767,1,1,0,2,21,5.846062,902,0.992543758,0.996257928,0.999841647,0.999841647,0.000000000,0.007297889,173,0.001304735,0.001304735,583,410,1.000,RASTER_BOUNDARY_DIFFERENCE|HOLE_FILL_APPROXIMATION
iubfYkjY0FQevxBHrSDF,1303,train,person,CANONICAL_RLE,345912,346580,1,1,0,4,401,5.512305,1202,0.994085345,0.997033901,0.998842088,0.998842088,0.000000000,0.004756743,668,0.001931127,0.001931127,1361,693,1.000,RASTER_BOUNDARY_DIFFERENCE|HOLE_FILL_APPROXIMATION
iubfYkjY0FQevxBHrSDF,1304,train,person,CANONICAL_RLE,278253,278789,2,2,1,1,14,5.798409,1209,0.993408292,0.996693248,0.999949689,0.998650535,0.001299153,0.005242243,536,0.001926304,0.001926304,1189,653,1.000,RASTER_BOUNDARY_DIFFERENCE|MULTI_COMPONENT_APPROXIMATION|COMPONENT_JOIN_APPROXIMATION|HOLE_FILL_APPROXIMATION
iubfYkjY0FQevxBHrSDF,1305,train,person,CANONICAL_RLE,120204,120250,1,1,0,0,0,5.342168,675,0.991964345,0.995965964,1.000000000,1.000000000,0.000000000,0.008035655,46,0.000382683,0.000382683,508,462,1.000,SERIALIZATION_ONLY
iubfYkjY0FQevxBHrSDF,1306,train,helmet_on_head,CANONICAL_RLE,16409,16416,1,1,0,0,0,4.439912,254,0.980511645,0.990159939,1.000000000,1.000000000,0.000000000,0.019488355,7,0.000426595,0.000426595,165,158,1.000,SERIALIZATION_ONLY
iubfYkjY0FQevxBHrSDF,1307,train,helmet_on_head,CANONICAL_RLE,19959,19983,1,1,0,0,0,4.234658,261,0.986768802,0.993340343,1.000000000,1.000000000,0.000000000,0.013231198,24,0.001202465,0.001202465,145,121,1.000,SERIALIZATION_ONLY
iubfYkjY0FQevxBHrSDF,1308,train,helmet_on_head,CANONICAL_RLE,39401,39512,1,1,0,0,0,4.010840,352,0.989737771,0.994842421,1.000000000,1.000000000,0.000000000,0.010262229,111,0.002817187,0.002817187,259,148,1.000,SERIALIZATION_ONLY
iubfYkjY0FQevxBHrSDF,1309,train,helmet_on_head,CANONICAL_RLE,24553,24605,1,1,0,0,0,4.450786,306,0.988914064,0.994426136,1.000000000,1.000000000,0.000000000,0.011085936,52,0.002117867,0.002117867,163,111,1.000,SERIALIZATION_ONLY
j62kdLyGTgOcZr6cFg4l,1310,train,helmet_loose,CANONICAL_RLE,64633,64685,1,1,0,0,0,4.700201,450,0.988620462,0.994277672,1.000000000,1.000000000,0.000000000,0.011379538,52,0.000804543,0.000804543,396,344,1.000,SERIALIZATION_ONLY
jB6vHTpd3bg6PYMbkqIa,1311,train,person,CANONICAL_POLYGON,1384407,1387674,1,1,0,0,0,4.862468,114,0.997470089,0.998733442,0.997799123,0.997799123,0.000000000,0.000329033,3267,0.002359855,0.002359855,3389,122,1.000,RASTER_BOUNDARY_DIFFERENCE
jDwIXNJBgF475XoAE6vp,1312,train,helmet_on_head,CANONICAL_RLE,30169,30208,1,1,0,0,0,3.787813,259,0.990406804,0.995180284,1.000000000,1.000000000,0.000000000,0.009593196,39,0.001292718,0.001292718,165,126,1.000,SERIALIZATION_ONLY
jDwIXNJBgF475XoAE6vp,1313,train,person,CANONICAL_RLE,4589,4610,2,2,1,0,0,5.983288,143,0.941536513,0.969888031,1.000000000,0.994797312,0.005202688,0.053260799,21,0.004576160,0.004576160,149,128,1.000,MULTI_COMPONENT_APPROXIMATION|COMPONENT_JOIN_APPROXIMATION
jDwIXNJBgF475XoAE6vp,1314,train,person,CANONICAL_RLE,380578,381644,4,4,1,1,172,7.870112,1832,0.991820757,0.995893585,0.999548260,0.997933743,0.001614517,0.006112986,1066,0.002801003,0.002801003,2098,1032,1.000,RASTER_BOUNDARY_DIFFERENCE|MULTI_COMPONENT_APPROXIMATION|COMPONENT_JOIN_APPROXIMATION|HOLE_FILL_APPROXIMATION
jDwIXNJBgF475XoAE6vp,1315,train,person,CANONICAL_RLE,121055,120995,1,1,0,0,0,7.475202,953,0.989969992,0.994959719,1.000000000,1.000000000,0.000000000,0.010030008,60,0.000495642,-0.000495642,580,640,1.000,SERIALIZATION_ONLY
jDwIXNJBgF475XoAE6vp,1316,train,person,CANONICAL_RLE,62409,62435,1,1,0,0,0,7.616297,719,0.988341721,0.994136683,1.000000000,1.000000000,0.000000000,0.011658279,26,0.000416607,0.000416607,379,353,0.000,SERIALIZATION_ONLY
jDwIXNJBgF475XoAE6vp,1317,train,person,CANONICAL_RLE,62520,62650,2,2,1,0,0,7.248758,696,0.986383978,0.993145322,1.000000000,0.999808098,0.000191902,0.013424120,130,0.002079335,0.002079335,494,364,1.000,MULTI_COMPONENT_APPROXIMATION|COMPONENT_JOIN_APPROXIMATION
jDwIXNJBgF475XoAE6vp,1318,train,vest_on_body,CANONICAL_RLE,248027,248121,1,1,0,0,0,5.748710,1345,0.994492662,0.997238727,1.000000000,1.000000000,0.000000000,0.005507338,94,0.000378991,0.000378991,732,638,1.000,SERIALIZATION_ONLY
jDwIXNJBgF475XoAE6vp,1319,train,vest_on_body,CANONICAL_RLE,161121,161255,2,2,1,1,53,5.506329,980,0.992558255,0.996265231,0.999671163,0.999658758,0.000012405,0.007100504,134,0.000831673,0.000831673,669,535,1.000,RASTER_BOUNDARY_DIFFERENCE|MULTI_COMPONENT_APPROXIMATION|COMPONENT_JOIN_APPROXIMATION|HOLE_FILL_APPROXIMATION
jMjBquUFO7RKmJoREtKf,1320,train,person,CANONICAL_RLE,2924,2944,1,1,0,0,0,4.694768,122,0.958611482,0.978868439,1.000000000,1.000000000,0.000000000,0.041388518,20,0.006839945,0.006839945,72,52,1.000,SERIALIZATION_ONLY
k5KncB0t5cKDlnJjjD7R,1321,train,person,CANONICAL_POLYGON,100865,101657,1,1,0,0,0,6.219444,64,0.991014373,0.995486910,0.989278351,0.989278351,0.000000000,-0.001736023,792,0.007852080,0.007852080,853,61,1.000,RASTER_BOUNDARY_DIFFERENCE
k5KncB0t5cKDlnJjjD7R,1322,train,vest_on_body,CANONICAL_POLYGON,31636,31921,1,1,0,0,0,4.033417,23,0.990011898,0.994980883,0.988277587,0.988277587,0.000000000,-0.001734311,285,0.009008724,0.009008724,302,17,1.000,RASTER_BOUNDARY_DIFFERENCE
k5KncB0t5cKDlnJjjD7R,1323,train,helmet_on_head,CANONICAL_POLYGON,4295,4424,1,1,0,0,0,4.207816,15,0.970395480,0.984975341,0.965003387,0.965003387,0.000000000,-0.005392093,129,0.030034924,0.030034924,130,1,1.000,RASTER_BOUNDARY_DIFFERENCE
kTH5lgBkMr7IPrRdEdsH,1326,train,helmet_loose,CANONICAL_RLE,417931,418092,1,1,0,0,0,3.900795,1204,0.997336162,0.998666305,1.000000000,1.000000000,0.000000000,0.002663838,161,0.000385231,0.000385231,638,477,1.000,SERIALIZATION_ONLY
kd9SJdeJNaqWF3otEono,1327,train,helmet_loose,CANONICAL_POLYGON,164580,165035,1,1,0,0,0,4.053446,61,0.996746953,0.998370827,0.994624696,0.994624696,0.000000000,-0.002122257,455,0.002764613,0.002764613,496,41,1.000,RASTER_BOUNDARY_DIFFERENCE
kd9SJdeJNaqWF3otEono,1328,train,helmet_loose,CANONICAL_POLYGON,135746,136471,1,1,0,0,0,4.012227,50,0.994336789,0.997160354,0.994131094,0.994131094,0.000000000,-0.000205695,725,0.005340857,0.005340857,749,24,1.000,RASTER_BOUNDARY_DIFFERENCE
kd9SJdeJNaqWF3otEono,1329,train,helmet_loose,CANONICAL_POLYGON,81009,81635,5,1,0,0,0,4.886434,55,0.991526669,0.995745309,0.991248363,0.991248363,0.000000000,-0.000278306,626,0.007727536,0.007727536,659,33,6.000,RASTER_BOUNDARY_DIFFERENCE|MULTI_COMPONENT_APPROXIMATION
kd9SJdeJNaqWF3otEono,1330,train,helmet_loose,CANONICAL_POLYGON,22535,22904,1,1,0,0,0,5.204414,37,0.983110025,0.991483087,0.980294707,0.980294707,0.000000000,-0.002815317,369,0.016374529,0.016374529,378,9,1.000,RASTER_BOUNDARY_DIFFERENCE
keYyPpX3glyxtyVpJW0h,1331,train,person,CANONICAL_POLYGON,2657696,2660234,1,1,0,0,0,4.424213,124,0.998986585,0.999493036,0.998518803,0.998518803,0.000000000,-0.000467782,2538,0.000954962,0.000954962,2617,79,1.000,RASTER_BOUNDARY_DIFFERENCE
kfY9GYBFnMHnsmXlT7Pk,1332,train,person,CANONICAL_POLYGON,379887,381171,1,1,0,0,0,5.591356,115,0.996306721,0.998149944,0.995157118,0.995157118,0.000000000,-0.001149602,1284,0.003379952,0.003379952,1346,62,1.000,RASTER_BOUNDARY_DIFFERENCE
kfY9GYBFnMHnsmXlT7Pk,1333,train,vest_on_body,CANONICAL_POLYGON,126586,127434,1,1,0,0,0,5.514766,66,0.993110970,0.996543579,0.991291534,0.991291534,0.000000000,-0.001819436,848,0.006699003,0.006699003,863,15,1.000,RASTER_BOUNDARY_DIFFERENCE
kfY9GYBFnMHnsmXlT7Pk,1334,train,helmet_on_head,CANONICAL_POLYGON,19355,19753,1,1,0,0,0,5.405895,45,0.978849365,0.989311650,0.978163948,0.978163948,0.000000000,-0.000685417,398,0.020563162,0.020563162,408,10,1.000,RASTER_BOUNDARY_DIFFERENCE
kfY9GYBFnMHnsmXlT7Pk,1335,train,vest_on_body,CANONICAL_POLYGON,38522,38974,1,1,0,0,0,4.439218,37,0.987943463,0.993935171,0.987144617,0.987144617,0.000000000,-0.000798846,452,0.011733555,0.011733555,461,9,0.000,RASTER_BOUNDARY_DIFFERENCE
kusZ7rL0IJdPP025Z3VL,1338,train,person,CANONICAL_RLE,3959,3939,1,1,0,0,0,6.790496,155,0.947718866,0.973157761,1.000000000,1.000000000,0.000000000,0.052281134,20,0.005051781,-0.005051781,96,116,1.000,SERIALIZATION_ONLY
kusZ7rL0IJdPP025Z3VL,1339,train,person,CANONICAL_RLE,1842,1873,1,1,0,0,0,4.855925,77,0.950131234,0.974427995,1.000000000,1.000000000,0.000000000,0.049868766,31,0.016829533,0.016829533,63,32,1.000,SERIALIZATION_ONLY
kusZ7rL0IJdPP025Z3VL,1340,train,person,CANONICAL_RLE,3993,4020,1,1,0,0,0,6.076347,113,0.958689807,0.978909272,1.000000000,1.000000000,0.000000000,0.041310193,27,0.006761833,0.006761833,98,71,1.000,SERIALIZATION_ONLY
kusZ7rL0IJdPP025Z3VL,1341,train,person,CANONICAL_RLE,4941,4989,1,1,0,0,0,6.470391,187,0.960126332,0.979657603,1.000000000,1.000000000,0.000000000,0.039873668,48,0.009714633,0.009714633,125,77,0.000,SERIALIZATION_ONLY
kusZ7rL0IJdPP025Z3VL,1342,train,person,CANONICAL_RLE,2036,2036,1,1,0,0,0,5.700928,117,0.933523267,0.965618861,1.000000000,1.000000000,0.000000000,0.066476733,0,0.000000000,0.000000000,70,70,1.000,SERIALIZATION_ONLY
kusZ7rL0IJdPP025Z3VL,1343,train,person,CANONICAL_RLE,1427,1492,3,3,1,0,0,6.358809,125,0.894224530,0.944158959,1.000000000,0.983459683,0.016540317,0.089235153,65,0.045550105,0.045550105,114,49,1.000,MULTI_COMPONENT_APPROXIMATION|COMPONENT_JOIN_APPROXIMATION
kusZ7rL0IJdPP025Z3VL,1344,train,person,CANONICAL_RLE,2645,2670,1,1,0,0,0,4.775089,92,0.954044118,0.976481656,1.000000000,1.000000000,0.000000000,0.045955882,25,0.009451796,0.009451796,75,50,1.000,SERIALIZATION_ONLY
kusZ7rL0IJdPP025Z3VL,1345,train,person,CANONICAL_RLE,2333,2382,1,1,0,1,16,5.081425,85,0.938733553,0.968398727,0.993188591,0.993188591,0.000000000,0.054455038,49,0.021003000,0.021003000,99,50,1.000,RASTER_BOUNDARY_DIFFERENCE|HOLE_FILL_APPROXIMATION
kusZ7rL0IJdPP025Z3VL,1346,train,person,CANONICAL_RLE,2264,2284,2,2,1,0,0,6.672857,145,0.919797383,0.958223395,1.000000000,0.996917657,0.003082343,0.077120275,20,0.008833922,0.008833922,105,85,1.000,MULTI_COMPONENT_APPROXIMATION|COMPONENT_JOIN_APPROXIMATION
kusZ7rL0IJdPP025Z3VL,1347,train,person,CANONICAL_RLE,3192,3327,7,7,1,0,0,10.998123,298,0.893406913,0.943703022,1.000000000,0.968740516,0.031259484,0.075333603,135,0.042293233,0.042293233,251,116,0.000,MULTI_COMPONENT_APPROXIMATION|COMPONENT_JOIN_APPROXIMATION
kusZ7rL0IJdPP025Z3VL,1348,train,person,CANONICAL_RLE,1893,1912,2,2,1,0,0,6.787080,92,0.912060302,0.954007884,1.000000000,0.996840442,0.003159558,0.084780141,19,0.010036978,0.010036978,97,78,1.000,MULTI_COMPONENT_APPROXIMATION|COMPONENT_JOIN_APPROXIMATION
kusZ7rL0IJdPP025Z3VL,1349,train,person,CANONICAL_RLE,1976,2022,5,4,1,0,0,6.933470,135,0.903809524,0.949474737,0.999493927,0.976755687,0.022738240,0.072946164,46,0.023279352,0.023279352,124,78,1.000,RASTER_BOUNDARY_DIFFERENCE|MULTI_COMPONENT_APPROXIMATION|COMPONENT_JOIN_APPROXIMATION
kusZ7rL0IJdPP025Z3VL,1350,train,person,CANONICAL_RLE,3048,3022,1,1,0,0,0,6.286658,144,0.946136582,0.972322900,1.000000000,1.000000000,0.000000000,0.053863418,26,0.008530184,-0.008530184,71,97,1.000,SERIALIZATION_ONLY
kusZ7rL0IJdPP025Z3VL,1351,train,person,CANONICAL_RLE,1202,1209,1,1,0,0,0,4.929192,83,0.925718850,0.961426794,1.000000000,1.000000000,0.000000000,0.074281150,7,0.005823627,0.005823627,50,43,1.000,SERIALIZATION_ONLY
kusZ7rL0IJdPP025Z3VL,1352,train,person,CANONICAL_RLE,3192,3190,1,1,0,0,0,5.544982,142,0.955269608,0.977123159,1.000000000,1.000000000,0.000000000,0.044730392,2,0.000626566,-0.000626566,72,74,1.000,SERIALIZATION_ONLY
kusZ7rL0IJdPP025Z3VL,1353,train,person,CANONICAL_RLE,5843,5867,1,1,0,0,0,7.018296,227,0.950691321,0.974722459,1.000000000,1.000000000,0.000000000,0.049308679,24,0.004107479,0.004107479,160,136,1.000,SERIALIZATION_ONLY
kusZ7rL0IJdPP025Z3VL,1354,train,person,CANONICAL_RLE,3017,3005,1,1,0,0,0,5.023445,99,0.953926022,0.976419794,1.000000000,1.000000000,0.000000000,0.046073978,12,0.003977461,-0.003977461,65,77,1.000,SERIALIZATION_ONLY
kusZ7rL0IJdPP025Z3VL,1355,train,person,CANONICAL_RLE,4165,4181,1,1,0,0,0,4.935050,129,0.965151872,0.982266954,1.000000000,1.000000000,0.000000000,0.034848128,16,0.003841537,0.003841537,82,66,1.000,SERIALIZATION_ONLY
kusZ7rL0IJdPP025Z3VL,1356,train,person,CANONICAL_RLE,2075,2084,1,1,0,0,0,4.464765,89,0.950750469,0.974753547,1.000000000,1.000000000,0.000000000,0.049249531,9,0.004337349,0.004337349,57,48,1.000,SERIALIZATION_ONLY
kusZ7rL0IJdPP025Z3VL,1357,train,person,CANONICAL_RLE,2900,2904,2,2,1,0,0,6.185880,147,0.945040214,0.971743625,1.000000000,0.998966586,0.001033414,0.053926372,4,0.001379310,0.001379310,84,80,1.000,MULTI_COMPONENT_APPROXIMATION|COMPONENT_JOIN_APPROXIMATION
kusZ7rL0IJdPP025Z3VL,1358,train,person,CANONICAL_RLE,2200,2204,1,1,0,0,0,6.166198,136,0.923984273,0.960490463,1.000000000,1.000000000,0.000000000,0.076015727,4,0.001818182,0.001818182,89,85,1.000,SERIALIZATION_ONLY
kusZ7rL0IJdPP025Z3VL,1359,train,person,CANONICAL_RLE,4953,4945,1,1,0,0,0,5.483622,100,0.956513145,0.977773288,1.000000000,1.000000000,0.000000000,0.043486855,8,0.001615183,-0.001615183,106,114,1.000,SERIALIZATION_ONLY
kusZ7rL0IJdPP025Z3VL,1360,train,person,CANONICAL_RLE,2969,3005,2,2,1,0,0,6.642967,126,0.936466775,0.967191162,1.000000000,0.997983193,0.002016807,0.061516419,36,0.012125295,0.012125295,116,80,0.000,MULTI_COMPONENT_APPROXIMATION|COMPONENT_JOIN_APPROXIMATION
kusZ7rL0IJdPP025Z3VL,1361,train,person,CANONICAL_RLE,2603,2574,1,1,0,0,0,4.331569,92,0.963960546,0.981649604,1.000000000,1.000000000,0.000000000,0.036039454,29,0.011140991,-0.011140991,33,62,1.000,SERIALIZATION_ONLY
kusZ7rL0IJdPP025Z3VL,1362,train,person,CANONICAL_RLE,4336,4331,1,1,0,0,0,7.110143,158,0.929430098,0.963424484,1.000000000,1.000000000,0.000000000,0.070569902,5,0.001153137,-0.001153137,156,161,1.000,SERIALIZATION_ONLY
kusZ7rL0IJdPP025Z3VL,1363,train,person,CANONICAL_RLE,3791,3801,1,1,0,0,0,5.471353,162,0.962771458,0.981032666,1.000000000,1.000000000,0.000000000,0.037228542,10,0.002637826,0.002637826,77,67,1.000,SERIALIZATION_ONLY
kusZ7rL0IJdPP025Z3VL,1364,train,person,CANONICAL_RLE,5674,5674,1,1,0,0,0,6.138547,170,0.954866494,0.976912231,1.000000000,1.000000000,0.000000000,0.045133506,0,0.000000000,0.000000000,131,131,1.000,SERIALIZATION_ONLY
kusZ7rL0IJdPP025Z3VL,1365,train,person,CANONICAL_RLE,4083,4106,1,1,0,0,0,5.947708,160,0.961907044,0.980583710,1.000000000,1.000000000,0.000000000,0.038092956,23,0.005633113,0.005633113,91,68,1.000,SERIALIZATION_ONLY
kusZ7rL0IJdPP025Z3VL,1366,train,person,CANONICAL_RLE,3547,3552,1,1,0,0,0,5.381010,148,0.953494772,0.976193830,1.000000000,1.000000000,0.000000000,0.046505228,5,0.001409642,0.001409642,87,82,1.000,SERIALIZATION_ONLY
kusZ7rL0IJdPP025Z3VL,1367,train,person,CANONICAL_RLE,3286,3373,3,3,1,0,0,7.492626,197,0.924010402,0.960504580,1.000000000,0.992749245,0.007250755,0.068738843,87,0.026475959,0.026475959,175,88,1.000,MULTI_COMPONENT_APPROXIMATION|COMPONENT_JOIN_APPROXIMATION
kusZ7rL0IJdPP025Z3VL,1368,train,person,CANONICAL_RLE,2286,2314,2,2,1,0,0,7.328515,153,0.926298157,0.961739130,1.000000000,0.984496124,0.015503876,0.058197967,28,0.012248469,0.012248469,102,74,1.000,MULTI_COMPONENT_APPROXIMATION|COMPONENT_JOIN_APPROXIMATION
kusZ7rL0IJdPP025Z3VL,1369,train,person,CANONICAL_RLE,3777,3788,1,1,0,0,0,4.531478,120,0.958829622,0.978982155,1.000000000,1.000000000,0.000000000,0.041170378,11,0.002912364,0.002912364,85,74,1.000,SERIALIZATION_ONLY
kusZ7rL0IJdPP025Z3VL,1370,train,person,CANONICAL_RLE,2471,2487,1,1,0,0,0,6.145842,141,0.938232995,0.968132311,1.000000000,1.000000000,0.000000000,0.061767005,16,0.006475111,0.006475111,87,71,1.000,SERIALIZATION_ONLY
kusZ7rL0IJdPP025Z3VL,1371,train,person,CANONICAL_RLE,3310,3403,3,3,1,0,0,8.220015,185,0.934024777,0.965887085,1.000000000,0.993695587,0.006304413,0.059670810,93,0.028096677,0.028096677,161,68,1.000,MULTI_COMPONENT_APPROXIMATION|COMPONENT_JOIN_APPROXIMATION
kusZ7rL0IJdPP025Z3VL,1372,train,person,CANONICAL_RLE,4078,4121,1,1,0,1,18,5.195248,136,0.961952620,0.980607391,0.995605469,0.995605469,0.000000000,0.033652849,43,0.010544385,0.010544385,101,58,1.000,RASTER_BOUNDARY_DIFFERENCE|HOLE_FILL_APPROXIMATION
kusZ7rL0IJdPP025Z3VL,1373,train,person,CANONICAL_RLE,890,913,1,1,0,0,0,4.111876,43,0.961915125,0.980587909,1.000000000,1.000000000,0.000000000,0.038084875,23,0.025842697,0.025842697,29,6,0.000,SERIALIZATION_ONLY|SMALL_MASK_SENSITIVITY
kusZ7rL0IJdPP025Z3VL,1374,train,person,CANONICAL_RLE,3370,3386,1,1,0,0,0,4.591619,107,0.967384974,0.983422143,1.000000000,1.000000000,0.000000000,0.032615026,16,0.004747774,0.004747774,64,48,1.000,SERIALIZATION_ONLY
kusZ7rL0IJdPP025Z3VL,1375,train,person,CANONICAL_RLE,2178,2186,1,1,0,0,0,4.775174,87,0.956950673,0.978001833,1.000000000,1.000000000,0.000000000,0.043049327,8,0.003673095,0.003673095,52,44,1.000,SERIALIZATION_ONLY
kusZ7rL0IJdPP025Z3VL,1376,train,person,CANONICAL_RLE,2611,2626,1,1,0,0,0,4.306749,88,0.955563854,0.977277067,1.000000000,1.000000000,0.000000000,0.044436146,15,0.005744925,0.005744925,67,52,1.000,SERIALIZATION_ONLY
kusZ7rL0IJdPP025Z3VL,1377,train,person,CANONICAL_RLE,3308,3317,1,1,0,0,0,5.607080,136,0.954853939,0.976905660,1.000000000,1.000000000,0.000000000,0.045146061,9,0.002720677,0.002720677,81,72,1.000,SERIALIZATION_ONLY
kusZ7rL0IJdPP025Z3VL,1378,train,person,CANONICAL_RLE,685,698,1,1,0,0,0,4.750248,64,0.918169209,0.957339118,1.000000000,1.000000000,0.000000000,0.081830791,13,0.018978102,0.018978102,36,23,1.000,SERIALIZATION_ONLY|SMALL_MASK_SENSITIVITY
kusZ7rL0IJdPP025Z3VL,1379,train,person,CANONICAL_RLE,1365,1379,1,1,0,0,0,4.228490,68,0.936485533,0.967201166,1.000000000,1.000000000,0.000000000,0.063514467,14,0.010256410,0.010256410,52,38,1.000,SERIALIZATION_ONLY
kusZ7rL0IJdPP025Z3VL,1380,train,person,CANONICAL_RLE,2429,2422,2,2,1,0,0,6.538511,119,0.937300319,0.967635539,1.000000000,0.996717275,0.003282725,0.059416956,7,0.002881844,-0.002881844,75,82,1.000,MULTI_COMPONENT_APPROXIMATION|COMPONENT_JOIN_APPROXIMATION
kusZ7rL0IJdPP025Z3VL,1381,train,person,CANONICAL_RLE,1137,1211,3,2,1,0,0,4.608529,64,0.907392364,0.951448041,0.998240985,0.957805907,0.040435078,0.050413543,74,0.065083553,0.065083553,94,20,1.000,RASTER_BOUNDARY_DIFFERENCE|MULTI_COMPONENT_APPROXIMATION|COMPONENT_JOIN_APPROXIMATION
kusZ7rL0IJdPP025Z3VL,1382,train,person,CANONICAL_RLE,3180,3201,1,1,0,0,0,6.044834,164,0.960368664,0.979783733,1.000000000,1.000000000,0.000000000,0.039631336,21,0.006603774,0.006603774,75,54,0.000,SERIALIZATION_ONLY
kusZ7rL0IJdPP025Z3VL,1383,train,person,CANONICAL_RLE,1973,2012,3,3,1,0,0,7.803839,165,0.910354746,0.953074028,1.000000000,0.991955757,0.008044243,0.081601011,39,0.019766853,0.019766853,113,74,1.000,MULTI_COMPONENT_APPROXIMATION|COMPONENT_JOIN_APPROXIMATION
kusZ7rL0IJdPP025Z3VL,1384,train,person,CANONICAL_RLE,1858,1878,2,2,1,0,0,5.746061,107,0.934748835,0.966274090,1.000000000,0.995179432,0.004820568,0.060430597,20,0.010764263,0.010764263,73,53,1.000,MULTI_COMPONENT_APPROXIMATION|COMPONENT_JOIN_APPROXIMATION
kusZ7rL0IJdPP025Z3VL,1385,train,person,CANONICAL_RLE,676,689,1,1,0,0,0,4.881219,64,0.922535211,0.959706960,1.000000000,1.000000000,0.000000000,0.077464789,13,0.019230769,0.019230769,34,21,1.000,SERIALIZATION_ONLY|SMALL_MASK_SENSITIVITY
kusZ7rL0IJdPP025Z3VL,1386,train,person,CANONICAL_RLE,1328,1376,2,2,1,0,0,6.369754,84,0.908256881,0.951923077,1.000000000,0.996249062,0.003750938,0.087992182,48,0.036144578,0.036144578,89,41,1.000,MULTI_COMPONENT_APPROXIMATION|COMPONENT_JOIN_APPROXIMATION
kusZ7rL0IJdPP025Z3VL,1387,train,person,CANONICAL_RLE,4215,4219,1,1,0,0,0,6.255217,139,0.948255948,0.973440835,1.000000000,1.000000000,0.000000000,0.051744052,4,0.000948992,0.000948992,114,110,1.000,SERIALIZATION_ONLY
kusZ7rL0IJdPP025Z3VL,1388,train,person,CANONICAL_RLE,2766,2767,1,1,0,0,0,5.495419,131,0.950987306,0.974878005,1.000000000,1.000000000,0.000000000,0.049012694,1,0.000361533,0.000361533,70,69,1.000,SERIALIZATION_ONLY
kusZ7rL0IJdPP025Z3VL,1389,train,person,CANONICAL_RLE,2611,2612,2,2,1,0,0,7.085388,148,0.932297447,0.964962665,1.000000000,0.997326203,0.002673797,0.065028756,1,0.000382995,0.000382995,92,91,1.000,MULTI_COMPONENT_APPROXIMATION|COMPONENT_JOIN_APPROXIMATION
kusZ7rL0IJdPP025Z3VL,1390,train,person,CANONICAL_RLE,3125,3127,1,1,0,0,0,5.733143,145,0.951920075,0.975367882,1.000000000,1.000000000,0.000000000,0.048079925,2,0.000640000,0.000640000,78,76,1.000,SERIALIZATION_ONLY
kusZ7rL0IJdPP025Z3VL,1391,train,person,CANONICAL_RLE,4895,4930,1,1,0,0,0,5.559067,138,0.962252846,0.980763359,1.000000000,1.000000000,0.000000000,0.037747154,35,0.007150153,0.007150153,112,77,1.000,SERIALIZATION_ONLY
kusZ7rL0IJdPP025Z3VL,1392,train,person,CANONICAL_RLE,2836,2875,2,2,1,0,0,6.939300,183,0.928740290,0.963053756,1.000000000,0.995087719,0.004912281,0.066347429,39,0.013751763,0.013751763,125,86,1.000,MULTI_COMPONENT_APPROXIMATION|COMPONENT_JOIN_APPROXIMATION
kusZ7rL0IJdPP025Z3VL,1393,train,person,CANONICAL_RLE,5565,5757,1,1,0,3,192,5.326093,166,0.929776717,0.963610669,0.966649297,0.966649297,0.000000000,0.036872579,192,0.034501348,0.034501348,302,110,1.000,RASTER_BOUNDARY_DIFFERENCE|HOLE_FILL_APPROXIMATION
kusZ7rL0IJdPP025Z3VL,1394,train,person,CANONICAL_RLE,3840,3818,2,2,1,0,0,6.764189,171,0.942176008,0.970227213,1.000000000,0.999479438,0.000520562,0.057303430,22,0.005729167,-0.005729167,103,125,1.000,MULTI_COMPONENT_APPROXIMATION|COMPONENT_JOIN_APPROXIMATION
kusZ7rL0IJdPP025Z3VL,1395,train,person,CANONICAL_RLE,3414,3451,1,1,0,0,0,6.218112,156,0.949176604,0.973925710,1.000000000,1.000000000,0.000000000,0.050823396,37,0.010837727,0.010837727,108,71,1.000,SERIALIZATION_ONLY
kusZ7rL0IJdPP025Z3VL,1396,train,person,CANONICAL_RLE,3140,3169,1,1,0,0,0,6.112782,160,0.947222222,0.972895863,1.000000000,1.000000000,0.000000000,0.052777778,29,0.009235669,0.009235669,100,71,1.000,SERIALIZATION_ONLY
kusZ7rL0IJdPP025Z3VL,1397,train,person,CANONICAL_RLE,6731,6782,1,1,0,0,0,6.281132,173,0.963242772,0.981277289,1.000000000,1.000000000,0.000000000,0.036757228,51,0.007576883,0.007576883,152,101,1.000,SERIALIZATION_ONLY
kusZ7rL0IJdPP025Z3VL,1398,train,person,CANONICAL_RLE,3815,3851,1,1,0,0,0,5.638519,105,0.952623535,0.975737021,1.000000000,1.000000000,0.000000000,0.047376465,36,0.009436435,0.009436435,111,75,1.000,SERIALIZATION_ONLY
kusZ7rL0IJdPP025Z3VL,1399,train,person,CANONICAL_RLE,4087,4138,2,2,1,0,0,7.077974,162,0.945824462,0.972158055,1.000000000,0.997315764,0.002684236,0.051491302,51,0.012478591,0.012478591,140,89,0.000,MULTI_COMPONENT_APPROXIMATION|COMPONENT_JOIN_APPROXIMATION
kusZ7rL0IJdPP025Z3VL,1400,train,person,CANONICAL_RLE,1720,1726,1,1,0,0,0,4.939440,75,0.953514739,0.976204295,1.000000000,1.000000000,0.000000000,0.046485261,6,0.003488372,0.003488372,44,38,1.000,SERIALIZATION_ONLY
kusZ7rL0IJdPP025Z3VL,1401,train,person,CANONICAL_RLE,779,763,1,1,0,0,0,4.061376,41,0.956852792,0.977950713,1.000000000,1.000000000,0.000000000,0.043147208,16,0.020539153,-0.020539153,9,25,0.000,SERIALIZATION_ONLY|SMALL_MASK_SENSITIVITY
kvlkvPKhlcIlNoa2lJKq,1402,train,vest_on_body,CANONICAL_RLE,195364,195395,1,1,0,0,0,4.149613,636,0.995847507,0.997919434,1.000000000,1.000000000,0.000000000,0.004152493,31,0.000158678,0.000158678,422,391,1.000,SERIALIZATION_ONLY
kvlkvPKhlcIlNoa2lJKq,1403,train,helmet_on_head,CANONICAL_RLE,36636,36684,1,1,0,0,0,3.788654,307,0.991471331,0.995717403,1.000000000,1.000000000,0.000000000,0.008528669,48,0.001310187,0.001310187,181,133,1.000,SERIALIZATION_ONLY
kvlkvPKhlcIlNoa2lJKq,1404,train,person,CANONICAL_RLE,385836,389257,1,1,0,3,3243,4.658347,1021,0.987703363,0.993813646,0.991664932,0.991664932,0.000000000,0.003961569,3421,0.008866461,0.008866461,4108,687,1.000,RASTER_BOUNDARY_DIFFERENCE|HOLE_FILL_APPROXIMATION
l3CKxvrKhNSJ5s7EZGYx,1405,train,person,CANONICAL_POLYGON,13860,14183,1,1,0,0,0,5.839747,30,0.976668781,0.988196698,0.974788732,0.974788732,0.000000000,-0.001880049,323,0.023304473,0.023304473,327,4,1.000,RASTER_BOUNDARY_DIFFERENCE
l3CKxvrKhNSJ5s7EZGYx,1406,train,person,CANONICAL_POLYGON,23969,24319,1,1,0,0,0,6.500904,48,0.983813319,0.991840623,0.977276443,0.977276443,0.000000000,-0.006536876,350,0.014602195,0.014602195,372,22,1.000,RASTER_BOUNDARY_DIFFERENCE
l3CKxvrKhNSJ5s7EZGYx,1407,train,helmet_on_head,CANONICAL_POLYGON,1157,1199,1,1,0,0,0,4.025074,9,0.964970809,0.982173175,0.934092758,0.934092758,0.000000000,-0.030878051,42,0.036300778,0.036300778,42,0,1.000,RASTER_BOUNDARY_DIFFERENCE
l3CKxvrKhNSJ5s7EZGYx,1408,train,helmet_on_head,CANONICAL_POLYGON,379,426,1,1,0,0,0,3.755547,7,0.889671362,0.941614907,0.892857143,0.892857143,0.000000000,0.003185781,47,0.124010554,0.124010554,47,0,1.000,RASTER_BOUNDARY_DIFFERENCE|SMALL_MASK_SENSITIVITY
l3CKxvrKhNSJ5s7EZGYx,1409,train,helmet_on_head,CANONICAL_POLYGON,317,367,1,1,0,0,0,3.775070,7,0.863760218,0.926900585,0.900284900,0.900284900,0.000000000,0.036524682,50,0.157728707,0.157728707,50,0,1.000,RASTER_BOUNDARY_DIFFERENCE|SMALL_MASK_SENSITIVITY
l3CKxvrKhNSJ5s7EZGYx,1410,train,helmet_on_head,CANONICAL_POLYGON,657,696,1,1,0,0,0,3.702858,9,0.938395415,0.968218773,0.914325843,0.914325843,0.000000000,-0.024069573,39,0.059360731,0.059360731,41,2,1.000,RASTER_BOUNDARY_DIFFERENCE|SMALL_MASK_SENSITIVITY
l3CKxvrKhNSJ5s7EZGYx,1411,train,vest_on_body,CANONICAL_RLE,1957,1967,1,1,0,0,0,4.644881,79,0.952238806,0.975535168,1.000000000,1.000000000,0.000000000,0.047761194,10,0.005109862,0.005109862,53,43,1.000,SERIALIZATION_ONLY
l3CKxvrKhNSJ5s7EZGYx,1412,train,vest_on_body,CANONICAL_RLE,4770,4823,2,2,1,0,0,8.534026,193,0.934072581,0.965912645,1.000000000,0.998116761,0.001883239,0.064044180,53,0.011111111,0.011111111,190,137,1.000,MULTI_COMPONENT_APPROXIMATION|COMPONENT_JOIN_APPROXIMATION
l3CKxvrKhNSJ5s7EZGYx,1413,train,vest_on_body,CANONICAL_RLE,1179,1200,2,2,1,0,0,5.997218,83,0.906250000,0.950819672,1.000000000,0.999152542,0.000847458,0.092902542,21,0.017811705,0.017811705,69,48,1.000,MULTI_COMPONENT_APPROXIMATION|COMPONENT_JOIN_APPROXIMATION
l3CKxvrKhNSJ5s7EZGYx,1414,train,vest_on_body,CANONICAL_RLE,4962,5023,1,1,0,0,0,5.074855,126,0.969816532,0.984677016,1.000000000,1.000000000,0.000000000,0.030183468,61,0.012293430,0.012293430,107,46,1.000,SERIALIZATION_ONLY
l9Dl2hgmgUUntj7KnCDr,1415,train,person,CANONICAL_POLYGON,389593,391012,1,1,0,0,0,4.789513,83,0.996054455,0.998023328,0.995941498,0.995941498,0.000000000,-0.000112957,1419,0.003642263,0.003642263,1481,62,1.000,RASTER_BOUNDARY_DIFFERENCE
l9Dl2hgmgUUntj7KnCDr,1416,train,helmet_on_head,CANONICAL_POLYGON,29603,30152,1,1,0,0,0,6.548323,39,0.981135203,0.990477784,0.979864659,0.979864659,0.000000000,-0.001270545,549,0.018545418,0.018545418,559,10,1.000,RASTER_BOUNDARY_DIFFERENCE
l9Dl2hgmgUUntj7KnCDr,1417,train,vest_on_body,CANONICAL_RLE,100797,101042,5,5,1,0,0,7.911305,1059,0.987445474,0.993683084,1.000000000,0.998494289,0.001505711,0.011048815,245,0.002430628,0.002430628,760,515,1.000,MULTI_COMPONENT_APPROXIMATION|COMPONENT_JOIN_APPROXIMATION
lHkj3xNmUL3G67dHG1Zr,1418,train,person,CANONICAL_POLYGON,759773,762031,1,1,0,0,0,4.798613,95,0.996932044,0.998463665,0.997234110,0.997234110,0.000000000,0.000302065,2258,0.002971940,0.002971940,2298,40,1.000,RASTER_BOUNDARY_DIFFERENCE
lHkj3xNmUL3G67dHG1Zr,1419,train,helmet_on_head,CANONICAL_POLYGON,93756,94195,1,1,0,0,0,4.329645,39,0.994471327,0.997228001,0.992606480,0.992606480,0.000000000,-0.001864847,439,0.004682367,0.004682367,480,41,1.000,RASTER_BOUNDARY_DIFFERENCE
lHkj3xNmUL3G67dHG1Zr,1420,train,vest_on_body,CANONICAL_POLYGON,1503,1613,1,1,0,0,0,4.770706,17,0.929411765,0.963414634,0.939811912,0.939811912,0.000000000,0.010400148,110,0.073186959,0.073186959,112,2,1.000,RASTER_BOUNDARY_DIFFERENCE
lHkj3xNmUL3G67dHG1Zr,1421,train,vest_on_body,CANONICAL_POLYGON,34,35,1,1,0,0,0,4.500576,5,0.916666667,0.956521739,0.708333333,0.708333333,0.000000000,-0.208333333,1,0.029411765,0.029411765,2,1,1.000,RASTER_BOUNDARY_DIFFERENCE|SMALL_MASK_SENSITIVITY
lHkj3xNmUL3G67dHG1Zr,1422,train,vest_on_body,CANONICAL_POLYGON,245537,247031,1,1,0,0,0,5.910322,123,0.993597086,0.996788261,0.993586058,0.993586058,0.000000000,-0.000011028,1494,0.006084623,0.006084623,1538,44,1.000,RASTER_BOUNDARY_DIFFERENCE
lHkj3xNmUL3G67dHG1Zr,1423,train,vest_on_body,CANONICAL_POLYGON,381,428,1,1,0,0,0,4.662696,13,0.890186916,0.941903585,0.869767442,0.869767442,0.000000000,-0.020419474,47,0.123359580,0.123359580,47,0,1.000,RASTER_BOUNDARY_DIFFERENCE|SMALL_MASK_SENSITIVITY
lHkj3xNmUL3G67dHG1Zr,1424,train,vest_on_body,CANONICAL_POLYGON,4443,4541,1,1,0,0,0,5.420694,28,0.971472460,0.985529831,0.955713977,0.955713977,0.000000000,-0.015758483,98,0.022057169,0.022057169,114,16,1.000,RASTER_BOUNDARY_DIFFERENCE
lHkj3xNmUL3G67dHG1Zr,1425,train,vest_on_body,CANONICAL_POLYGON,31469,31879,1,1,0,0,0,4.576771,45,0.985830721,0.992864810,0.987313550,0.987313550,0.000000000,0.001482829,410,0.013028695,0.013028695,431,21,1.000,RASTER_BOUNDARY_DIFFERENCE
lgBtELsXF4mmvJVuTAhW,1429,train,person,CANONICAL_POLYGON,280984,282100,1,1,0,0,0,4.996966,78,0.995676089,0.997833361,0.994969534,0.994969534,0.000000000,-0.000706556,1116,0.003971756,0.003971756,1168,52,1.000,RASTER_BOUNDARY_DIFFERENCE
lgBtELsXF4mmvJVuTAhW,1430,train,person,CANONICAL_POLYGON,190615,191791,1,1,0,0,0,5.244855,61,0.993099315,0.996537711,0.993528031,0.993528031,0.000000000,0.000428717,1176,0.006169504,0.006169504,1250,74,1.000,RASTER_BOUNDARY_DIFFERENCE
lgBtELsXF4mmvJVuTAhW,1431,train,person,CANONICAL_POLYGON,102648,103447,1,1,0,0,0,5.276103,41,0.991236800,0.995599117,0.990369290,0.990369290,0.000000000,-0.000867510,799,0.007783883,0.007783883,853,54,1.000,RASTER_BOUNDARY_DIFFERENCE
lgBtELsXF4mmvJVuTAhW,1432,train,person,CANONICAL_POLYGON,39163,39661,1,1,0,0,0,6.031079,43,0.986792358,0.993352278,0.985127586,0.985127586,0.000000000,-0.001664772,498,0.012716084,0.012716084,511,13,1.000,RASTER_BOUNDARY_DIFFERENCE
m2cPIgGRcvybNcEUB6QU,1455,train,vest_on_body,CANONICAL_RLE,2639,2608,1,1,0,0,0,7.102758,165,0.949832776,0.974271012,1.000000000,1.000000000,0.000000000,0.050167224,31,0.011746874,-0.011746874,52,83,1.000,SERIALIZATION_ONLY
m2cPIgGRcvybNcEUB6QU,1456,train,vest_on_body,CANONICAL_RLE,2490,2543,1,1,0,0,0,7.637687,166,0.929091606,0.963242599,1.000000000,1.000000000,0.000000000,0.070908394,53,0.021285141,0.021285141,119,66,1.000,SERIALIZATION_ONLY
m2cPIgGRcvybNcEUB6QU,1457,train,vest_on_body,CANONICAL_RLE,2958,3009,2,2,1,0,0,6.546519,167,0.942382812,0.970336853,1.000000000,0.998986829,0.001013171,0.056604016,51,0.017241379,0.017241379,114,63,1.000,MULTI_COMPONENT_APPROXIMATION|COMPONENT_JOIN_APPROXIMATION
m2cPIgGRcvybNcEUB6QU,1458,train,vest_on_body,CANONICAL_RLE,2251,2309,2,2,1,0,0,6.322423,128,0.937128292,0.967543860,1.000000000,0.995137047,0.004862953,0.058008755,58,0.025766326,0.025766326,103,45,1.000,MULTI_COMPONENT_APPROXIMATION|COMPONENT_JOIN_APPROXIMATION
m2cPIgGRcvybNcEUB6QU,1459,train,vest_on_body,CANONICAL_RLE,2635,2673,1,1,0,0,0,7.321864,181,0.932993445,0.965335343,1.000000000,1.000000000,0.000000000,0.067006555,38,0.014421252,0.014421252,111,73,1.000,SERIALIZATION_ONLY
m2cPIgGRcvybNcEUB6QU,1460,train,vest_on_body,CANONICAL_RLE,2430,2453,1,1,0,0,0,7.298190,152,0.930039526,0.963751792,1.000000000,1.000000000,0.000000000,0.069960474,23,0.009465021,0.009465021,100,77,1.000,SERIALIZATION_ONLY
m2cPIgGRcvybNcEUB6QU,1461,train,vest_on_body,CANONICAL_RLE,2788,2803,1,1,0,0,0,4.219788,78,0.961066293,0.980146664,1.000000000,1.000000000,0.000000000,0.038933707,15,0.005380201,0.005380201,63,48,1.000,SERIALIZATION_ONLY
m2cPIgGRcvybNcEUB6QU,1462,train,person,CANONICAL_RLE,8547,8576,1,1,0,0,0,6.989891,228,0.958257091,0.978683642,1.000000000,1.000000000,0.000000000,0.041742909,29,0.003393003,0.003393003,197,168,1.000,SERIALIZATION_ONLY
m2cPIgGRcvybNcEUB6QU,1463,train,person,CANONICAL_RLE,7814,7800,1,1,0,0,0,5.670117,175,0.964519376,0.981939285,1.000000000,1.000000000,0.000000000,0.035480624,14,0.001791656,-0.001791656,134,148,1.000,SERIALIZATION_ONLY
m2cPIgGRcvybNcEUB6QU,1464,train,person,CANONICAL_RLE,9643,9630,1,1,0,0,0,6.320858,293,0.972873375,0.986250195,1.000000000,1.000000000,0.000000000,0.027126625,13,0.001348128,-0.001348128,126,139,1.000,SERIALIZATION_ONLY
m2cPIgGRcvybNcEUB6QU,1465,train,person,CANONICAL_RLE,8665,8675,1,1,0,1,40,6.233297,210,0.965095195,0.982237601,0.995404940,0.995404940,0.000000000,0.030309745,10,0.001154068,0.001154068,159,149,1.000,RASTER_BOUNDARY_DIFFERENCE|HOLE_FILL_APPROXIMATION
m2cPIgGRcvybNcEUB6QU,1466,train,person,CANONICAL_RLE,8124,8188,1,1,0,0,0,6.265367,222,0.961991821,0.980627759,1.000000000,1.000000000,0.000000000,0.038008179,64,0.007877893,0.007877893,190,126,1.000,SERIALIZATION_ONLY
m2cPIgGRcvybNcEUB6QU,1467,train,person,CANONICAL_RLE,7862,7869,1,1,0,0,0,6.988868,259,0.965146783,0.982264319,1.000000000,1.000000000,0.000000000,0.034853217,7,0.000890359,0.000890359,143,136,0.000,SERIALIZATION_ONLY
m2cPIgGRcvybNcEUB6QU,1468,train,person,CANONICAL_RLE,9881,9878,1,1,0,0,0,6.609046,224,0.970186459,0.984867655,1.000000000,1.000000000,0.000000000,0.029813541,3,0.000303613,-0.000303613,148,151,1.000,SERIALIZATION_ONLY
m2cPIgGRcvybNcEUB6QU,1469,train,helmet_on_head,CANONICAL_RLE,937,956,1,1,0,0,0,3.851045,55,0.943531828,0.970945589,1.000000000,1.000000000,0.000000000,0.056468172,19,0.020277481,0.020277481,37,18,1.000,SERIALIZATION_ONLY|SMALL_MASK_SENSITIVITY
m2cPIgGRcvybNcEUB6QU,1470,train,helmet_on_head,CANONICAL_RLE,844,832,1,1,0,0,0,3.910204,51,0.939814815,0.968973747,1.000000000,1.000000000,0.000000000,0.060185185,12,0.014218009,-0.014218009,20,32,1.000,SERIALIZATION_ONLY|SMALL_MASK_SENSITIVITY
m2cPIgGRcvybNcEUB6QU,1471,train,helmet_on_head,CANONICAL_RLE,603,592,1,1,0,0,0,3.825578,35,0.930533118,0.964016736,1.000000000,1.000000000,0.000000000,0.069466882,11,0.018242123,-0.018242123,16,27,1.000,SERIALIZATION_ONLY|SMALL_MASK_SENSITIVITY
m2cPIgGRcvybNcEUB6QU,1472,train,helmet_on_head,CANONICAL_RLE,553,547,1,1,0,0,0,3.849596,34,0.896551724,0.945454545,1.000000000,1.000000000,0.000000000,0.103448276,6,0.010849910,-0.010849910,27,33,1.000,SERIALIZATION_ONLY|SMALL_MASK_SENSITIVITY
m2cPIgGRcvybNcEUB6QU,1473,train,helmet_on_head,CANONICAL_RLE,838,852,1,1,0,0,0,3.961176,50,0.951501155,0.975147929,1.000000000,1.000000000,0.000000000,0.048498845,14,0.016706444,0.016706444,28,14,1.000,SERIALIZATION_ONLY|SMALL_MASK_SENSITIVITY
m2cPIgGRcvybNcEUB6QU,1474,train,helmet_on_head,CANONICAL_RLE,590,589,1,1,0,0,0,3.887474,45,0.926470588,0.961832061,1.000000000,1.000000000,0.000000000,0.073529412,1,0.001694915,-0.001694915,22,23,1.000,SERIALIZATION_ONLY|SMALL_MASK_SENSITIVITY
m2cPIgGRcvybNcEUB6QU,1475,train,helmet_on_head,CANONICAL_RLE,528,533,1,1,0,0,0,3.740107,30,0.925589837,0.961357210,1.000000000,1.000000000,0.000000000,0.074410163,5,0.009469697,0.009469697,23,18,1.000,SERIALIZATION_ONLY|SMALL_MASK_SENSITIVITY
mGpEymQ65D2CMZ9cGGfq,1476,train,person,CANONICAL_POLYGON,15523,15873,1,1,0,0,0,5.856989,31,0.977078086,0.988406166,0.976130495,0.976130495,0.000000000,-0.000947591,350,0.022547188,0.022547188,357,7,1.000,RASTER_BOUNDARY_DIFFERENCE
mGpEymQ65D2CMZ9cGGfq,1477,train,person,CANONICAL_POLYGON,20620,20878,1,1,0,0,0,5.268635,35,0.986786039,0.993349077,0.980853496,0.980853496,0.000000000,-0.005932543,258,0.012512124,0.012512124,267,9,1.000,RASTER_BOUNDARY_DIFFERENCE
mGpEymQ65D2CMZ9cGGfq,1478,train,person,CANONICAL_POLYGON,22496,22823,1,1,0,0,0,7.273094,52,0.983412841,0.991637062,0.975119409,0.975119409,0.000000000,-0.008293431,327,0.014535917,0.014535917,353,26,1.000,RASTER_BOUNDARY_DIFFERENCE
mGpEymQ65D2CMZ9cGGfq,1479,train,vest_on_body,CANONICAL_POLYGON,8629,8746,1,1,0,0,0,4.210012,19,0.984806945,0.992345324,0.976417234,0.976417234,0.000000000,-0.008389712,117,0.013558929,0.013558929,125,8,1.000,RASTER_BOUNDARY_DIFFERENCE
mGpEymQ65D2CMZ9cGGfq,1480,train,person,CANONICAL_POLYGON,22504,22981,1,1,0,0,0,6.316576,47,0.978641030,0.989205232,0.977162991,0.977162991,0.000000000,-0.001478039,477,0.021196232,0.021196232,484,7,1.000,RASTER_BOUNDARY_DIFFERENCE
mGpEymQ65D2CMZ9cGGfq,1481,train,vest_on_body,CANONICAL_POLYGON,7297,7447,1,1,0,0,0,4.590905,19,0.976937517,0.988334238,0.971836626,0.971836626,0.000000000,-0.005100891,150,0.020556393,0.020556393,161,11,1.000,RASTER_BOUNDARY_DIFFERENCE
mGpEymQ65D2CMZ9cGGfq,1482,train,vest_on_body,CANONICAL_POLYGON,11184,11275,1,1,0,0,0,4.088804,19,0.990693140,0.995324814,0.980608932,0.980608932,0.000000000,-0.010084207,91,0.008136624,0.008136624,98,7,1.000,RASTER_BOUNDARY_DIFFERENCE
mGpEymQ65D2CMZ9cGGfq,1483,train,helmet_on_head,CANONICAL_POLYGON,892,938,1,1,0,0,0,3.685860,10,0.942675159,0.970491803,0.932560590,0.932560590,0.000000000,-0.010114569,46,0.051569507,0.051569507,50,4,1.000,RASTER_BOUNDARY_DIFFERENCE|SMALL_MASK_SENSITIVITY
mGpEymQ65D2CMZ9cGGfq,1484,train,helmet_on_head,CANONICAL_POLYGON,836,897,1,1,0,0,0,3.835961,11,0.927697442,0.962492787,0.924191750,0.924191750,0.000000000,-0.003505691,61,0.072966507,0.072966507,63,2,1.000,RASTER_BOUNDARY_DIFFERENCE|SMALL_MASK_SENSITIVITY
mGpEymQ65D2CMZ9cGGfq,1485,train,helmet_on_head,CANONICAL_POLYGON,808,879,1,1,0,0,0,3.889788,9,0.917045455,0.956727919,0.932636469,0.932636469,0.000000000,0.015591015,71,0.087871287,0.087871287,72,1,1.000,RASTER_BOUNDARY_DIFFERENCE|SMALL_MASK_SENSITIVITY
mGpEymQ65D2CMZ9cGGfq,1486,train,helmet_on_head,CANONICAL_POLYGON,902,979,1,1,0,0,0,3.809983,9,0.921348315,0.959064327,0.935349322,0.935349322,0.000000000,0.014001008,77,0.085365854,0.085365854,77,0,1.000,RASTER_BOUNDARY_DIFFERENCE|SMALL_MASK_SENSITIVITY
me3L0EvJNoTCq7JgLKP6,1487,train,person,CANONICAL_RLE,162234,162264,1,1,0,0,0,6.733324,955,0.991322811,0.995642500,1.000000000,1.000000000,0.000000000,0.008677189,30,0.000184918,0.000184918,722,692,1.000,SERIALIZATION_ONLY
me3L0EvJNoTCq7JgLKP6,1488,train,person,CANONICAL_RLE,145007,146934,1,1,0,2,1977,6.506028,953,0.978818298,0.989295782,0.986549556,0.986549556,0.000000000,0.007731258,1927,0.013289014,0.013289014,2526,599,1.000,RASTER_BOUNDARY_DIFFERENCE|HOLE_FILL_APPROXIMATION
me3L0EvJNoTCq7JgLKP6,1489,train,person,CANONICAL_RLE,28811,29072,3,3,1,0,0,7.920968,468,0.972432359,0.986023530,1.000000000,0.992763861,0.007236139,0.020331502,261,0.009059040,0.009059040,535,274,1.000,MULTI_COMPONENT_APPROXIMATION|COMPONENT_JOIN_APPROXIMATION
me3L0EvJNoTCq7JgLKP6,1490,train,person,CANONICAL_RLE,4820,4819,1,1,0,0,0,5.682782,135,0.975609756,0.987654321,1.000000000,1.000000000,0.000000000,0.024390244,1,0.000207469,-0.000207469,59,60,1.000,SERIALIZATION_ONLY
mlodMvChxLj1pS9RDfqi,1491,train,helmet_on_head,CANONICAL_POLYGON,20489,20678,1,1,0,0,0,4.280435,19,0.989128334,0.994534457,0.982975858,0.982975858,0.000000000,-0.006152476,189,0.009224462,0.009224462,207,18,1.000,RASTER_BOUNDARY_DIFFERENCE
mlodMvChxLj1pS9RDfqi,1492,train,person,CANONICAL_RLE,322768,322931,1,1,0,1,11,4.941525,1097,0.995774774,0.997882914,0.999965921,0.999965921,0.000000000,0.004191147,163,0.000505007,0.000505007,765,602,1.000,RASTER_BOUNDARY_DIFFERENCE|HOLE_FILL_APPROXIMATION
mlodMvChxLj1pS9RDfqi,1493,train,person,CANONICAL_RLE,5030,5037,1,1,0,0,0,4.384167,133,0.972761121,0.986192510,1.000000000,1.000000000,0.000000000,0.027238879,7,0.001391650,0.001391650,73,66,1.000,SERIALIZATION_ONLY
mp5LAcrQy7CC3sruY2wU,1494,train,person,CANONICAL_POLYGON,162818,164043,1,1,0,0,0,5.831843,70,0.992034568,0.996001358,0.992741468,0.992741468,0.000000000,0.000706901,1225,0.007523738,0.007523738,1266,41,1.000,RASTER_BOUNDARY_DIFFERENCE
mzi1EX980oEaKVVulnGv,1495,train,person,CANONICAL_RLE,2188,2228,2,2,1,0,0,5.604715,101,0.924183007,0.960597826,1.000000000,0.992290249,0.007709751,0.068107243,40,0.018281536,0.018281536,107,67,1.000,MULTI_COMPONENT_APPROXIMATION|COMPONENT_JOIN_APPROXIMATION
mzi1EX980oEaKVVulnGv,1496,train,person,CANONICAL_RLE,16502,16582,1,1,0,1,35,7.645480,382,0.969402941,0.984463789,0.997883534,0.997883534,0.000000000,0.028480593,80,0.004847897,0.004847897,297,217,1.000,RASTER_BOUNDARY_DIFFERENCE|HOLE_FILL_APPROXIMATION
mzi1EX980oEaKVVulnGv,1497,train,person,CANONICAL_RLE,69761,69936,4,4,1,0,0,8.146460,718,0.983853331,0.991860956,1.000000000,0.998940359,0.001059641,0.015087029,175,0.002508565,0.002508565,656,481,1.000,MULTI_COMPONENT_APPROXIMATION|COMPONENT_JOIN_APPROXIMATION
mzi1EX980oEaKVVulnGv,1498,train,person,CANONICAL_RLE,50552,50915,5,5,1,0,0,9.474891,676,0.975680517,0.987690579,1.000000000,0.996471585,0.003528415,0.020791068,363,0.007180725,0.007180725,806,443,1.000,MULTI_COMPONENT_APPROXIMATION|COMPONENT_JOIN_APPROXIMATION
n3HmiRWyY5MKTrr6Vrd3,1499,train,vest_on_body,CANONICAL_POLYGON,78233,78817,2,1,0,0,0,4.935938,49,0.992059667,0.996014008,0.991202160,0.991202160,0.000000000,-0.000857506,584,0.007464881,0.007464881,605,21,1.000,RASTER_BOUNDARY_DIFFERENCE|MULTI_COMPONENT_APPROXIMATION
n3HmiRWyY5MKTrr6Vrd3,1500,train,person,CANONICAL_POLYGON,195977,197231,1,1,0,0,0,5.672604,83,0.993399407,0.996688775,0.993518481,0.993518481,0.000000000,0.000119074,1254,0.006398710,0.006398710,1278,24,1.000,RASTER_BOUNDARY_DIFFERENCE
n3HmiRWyY5MKTrr6Vrd3,1501,train,person,CANONICAL_POLYGON,130098,131047,1,1,0,0,0,5.675072,70,0.992667089,0.996320052,0.992210388,0.992210388,0.000000000,-0.000456701,949,0.007294501,0.007294501,955,6,1.000,RASTER_BOUNDARY_DIFFERENCE
n3HmiRWyY5MKTrr6Vrd3,1502,train,helmet_on_head,CANONICAL_POLYGON,12284,12407,1,1,0,0,0,3.835516,20,0.987203219,0.993560407,0.981098831,0.981098831,0.000000000,-0.006104389,123,0.010013025,0.010013025,141,18,1.000,RASTER_BOUNDARY_DIFFERENCE
n3HmiRWyY5MKTrr6Vrd3,1503,train,helmet_on_head,CANONICAL_POLYGON,12398,12543,1,1,0,0,0,3.862109,18,0.986222824,0.993063630,0.981901889,0.981901889,0.000000000,-0.004320935,145,0.011695435,0.011695435,159,14,1.000,RASTER_BOUNDARY_DIFFERENCE
nQrqR72SD3sC9Hms1O9U,1504,train,person,CANONICAL_RLE,17296,17386,6,4,1,0,0,9.678734,499,0.964763200,0.982065625,0.999826549,0.995911080,0.003915469,0.031147881,90,0.005203515,0.005203515,356,266,0.000,RASTER_BOUNDARY_DIFFERENCE|MULTI_COMPONENT_APPROXIMATION|COMPONENT_JOIN_APPROXIMATION
niY7CVigYcNQ0OdTBcor,1537,train,person,CANONICAL_RLE,418,425,1,1,0,0,0,4.496987,42,0.890134529,0.941874259,1.000000000,1.000000000,0.000000000,0.109865471,7,0.016746411,0.016746411,28,21,1.000,SERIALIZATION_ONLY|SMALL_MASK_SENSITIVITY
niY7CVigYcNQ0OdTBcor,1538,train,person,CANONICAL_RLE,418,429,1,1,0,0,0,4.220302,37,0.886414254,0.939787485,1.000000000,1.000000000,0.000000000,0.113585746,11,0.026315789,0.026315789,31,20,1.000,SERIALIZATION_ONLY|SMALL_MASK_SENSITIVITY
niY7CVigYcNQ0OdTBcor,1539,train,person,CANONICAL_RLE,8097,8180,2,2,1,0,0,6.833505,223,0.953787060,0.976346993,1.000000000,0.995573589,0.004426411,0.041786529,83,0.010250710,0.010250710,234,151,1.000,MULTI_COMPONENT_APPROXIMATION|COMPONENT_JOIN_APPROXIMATION
niY7CVigYcNQ0OdTBcor,1540,train,person,CANONICAL_RLE,353,348,1,1,0,0,0,3.683847,22,0.854497354,0.921540656,1.000000000,1.000000000,0.000000000,0.145502646,5,0.014164306,-0.014164306,25,30,1.000,SERIALIZATION_ONLY|SMALL_MASK_SENSITIVITY
niY7CVigYcNQ0OdTBcor,1541,train,person,CANONICAL_RLE,12587,13099,2,2,1,1,446,6.796918,284,0.938566038,0.968309585,0.965779176,0.963634972,0.002144204,0.025068934,512,0.040676889,0.040676889,663,151,1.000,RASTER_BOUNDARY_DIFFERENCE|MULTI_COMPONENT_APPROXIMATION|COMPONENT_JOIN_APPROXIMATION|HOLE_FILL_APPROXIMATION
niY7CVigYcNQ0OdTBcor,1542,train,person,CANONICAL_RLE,816,828,1,1,0,0,0,4.656358,41,0.902777778,0.948905109,1.000000000,1.000000000,0.000000000,0.097222222,12,0.014705882,0.014705882,48,36,1.000,SERIALIZATION_ONLY|SMALL_MASK_SENSITIVITY
niY7CVigYcNQ0OdTBcor,1543,train,person,CANONICAL_RLE,726,748,1,1,0,0,0,4.770081,43,0.901935484,0.948439620,1.000000000,1.000000000,0.000000000,0.098064516,22,0.030303030,0.030303030,49,27,0.000,SERIALIZATION_ONLY|SMALL_MASK_SENSITIVITY
niY7CVigYcNQ0OdTBcor,1544,train,person,CANONICAL_RLE,562,566,1,1,0,0,0,4.007847,37,0.902192243,0.948581560,1.000000000,1.000000000,0.000000000,0.097807757,4,0.007117438,0.007117438,31,27,1.000,SERIALIZATION_ONLY|SMALL_MASK_SENSITIVITY
niY7CVigYcNQ0OdTBcor,1545,train,person,CANONICAL_RLE,566,576,1,1,0,0,0,4.354548,37,0.900166389,0.947460595,1.000000000,1.000000000,0.000000000,0.099833611,10,0.017667845,0.017667845,35,25,1.000,SERIALIZATION_ONLY|SMALL_MASK_SENSITIVITY
niY7CVigYcNQ0OdTBcor,1546,train,person,CANONICAL_RLE,12339,12365,1,1,0,0,0,7.563454,292,0.967348889,0.983403497,1.000000000,1.000000000,0.000000000,0.032651111,26,0.002107140,0.002107140,218,192,1.000,SERIALIZATION_ONLY
niY7CVigYcNQ0OdTBcor,1547,train,helmet_on_head,CANONICAL_POLYGON,775,800,1,1,0,0,0,3.717739,8,0.954094293,0.976507937,0.932121212,0.932121212,0.000000000,-0.021973081,25,0.032258065,0.032258065,31,6,1.000,RASTER_BOUNDARY_DIFFERENCE|SMALL_MASK_SENSITIVITY
niY7CVigYcNQ0OdTBcor,1548,train,helmet_on_head,CANONICAL_POLYGON,932,987,1,1,0,0,0,3.733629,8,0.940343782,0.969254820,0.934409687,0.934409687,0.000000000,-0.005934094,55,0.059012876,0.059012876,57,2,1.000,RASTER_BOUNDARY_DIFFERENCE|SMALL_MASK_SENSITIVITY
niY7CVigYcNQ0OdTBcor,1549,train,helmet_on_head,CANONICAL_POLYGON,1010,1076,1,1,0,0,0,3.924126,8,0.936861653,0.967401726,0.926648097,0.926648097,0.000000000,-0.010213556,66,0.065346535,0.065346535,67,1,1.000,RASTER_BOUNDARY_DIFFERENCE|SMALL_MASK_SENSITIVITY
oC3kPMC7WbZm0vaMoq09,1552,train,vest_on_body,CANONICAL_POLYGON,179764,180567,1,1,0,0,0,4.633737,69,0.995276646,0.997632732,0.993798578,0.993798578,0.000000000,-0.001478067,803,0.004466968,0.004466968,828,25,1.000,RASTER_BOUNDARY_DIFFERENCE
oC3kPMC7WbZm0vaMoq09,1553,train,person,CANONICAL_RLE,214213,214058,1,1,0,0,0,4.575695,771,0.994119208,0.997050933,1.000000000,1.000000000,0.000000000,0.005880792,155,0.000723579,-0.000723579,554,709,1.000,SERIALIZATION_ONLY
oJppm5xk3UqypLwM3EiO,1554,train,person,CANONICAL_POLYGON,285853,287339,1,1,0,0,0,5.073943,80,0.994474408,0.997229550,0.994853635,0.994853635,0.000000000,0.000379227,1486,0.005198476,0.005198476,1537,51,1.000,RASTER_BOUNDARY_DIFFERENCE
oJppm5xk3UqypLwM3EiO,1555,train,person,CANONICAL_POLYGON,229441,230867,1,1,0,0,0,5.033605,68,0.993391565,0.996684828,0.994189777,0.994189777,0.000000000,0.000798213,1426,0.006215105,0.006215105,1476,50,1.000,RASTER_BOUNDARY_DIFFERENCE
oJppm5xk3UqypLwM3EiO,1556,train,helmet_on_head,CANONICAL_POLYGON,57303,57730,1,1,0,0,0,3.841071,28,0.992396425,0.996183704,0.991065863,0.991065863,0.000000000,-0.001330562,427,0.007451617,0.007451617,433,6,1.000,RASTER_BOUNDARY_DIFFERENCE
oJppm5xk3UqypLwM3EiO,1557,train,helmet_on_head,CANONICAL_POLYGON,34915,35438,1,1,0,0,0,4.114229,30,0.984625800,0.992253351,0.987365439,0.987365439,0.000000000,0.002739639,523,0.014979235,0.014979235,534,11,1.000,RASTER_BOUNDARY_DIFFERENCE
oJppm5xk3UqypLwM3EiO,1558,train,vest_on_body,CANONICAL_RLE,152545,152544,1,1,0,0,0,4.523790,595,0.994854124,0.997420425,1.000000000,1.000000000,0.000000000,0.005145876,1,0.000006555,-0.000006555,393,394,1.000,SERIALIZATION_ONLY
oJppm5xk3UqypLwM3EiO,1559,train,vest_on_body,CANONICAL_RLE,85649,85922,2,2,1,0,0,6.411295,817,0.986833268,0.993373006,1.000000000,0.998391365,0.001608635,0.011558097,273,0.003187428,0.003187428,705,432,1.000,MULTI_COMPONENT_APPROXIMATION|COMPONENT_JOIN_APPROXIMATION
oL1x933NyN6wiKXhxOob,1560,train,person,CANONICAL_POLYGON,489168,491217,1,1,0,0,0,5.070098,103,0.995613410,0.997801884,0.996009558,0.996009558,0.000000000,0.000396147,2049,0.004188745,0.004188745,2102,53,1.000,RASTER_BOUNDARY_DIFFERENCE
oL1x933NyN6wiKXhxOob,1561,train,helmet_on_head,CANONICAL_POLYGON,41873,42297,1,1,0,0,0,4.328792,33,0.989176159,0.994558631,0.988230289,0.988230289,0.000000000,-0.000945870,424,0.010125857,0.010125857,441,17,1.000,RASTER_BOUNDARY_DIFFERENCE
oL1x933NyN6wiKXhxOob,1562,train,vest_on_body,CANONICAL_POLYGON,145642,146711,1,1,0,0,0,6.299742,77,0.992183986,0.996076661,0.991918889,0.991918889,0.000000000,-0.000265097,1069,0.007339916,0.007339916,1108,39,1.000,RASTER_BOUNDARY_DIFFERENCE
oL1x933NyN6wiKXhxOob,1563,train,vest_on_body,CANONICAL_POLYGON,8718,8860,1,1,0,0,0,5.499661,19,0.979281612,0.989532370,0.966158299,0.966158299,0.000000000,-0.013123313,142,0.016288139,0.016288139,163,21,1.000,RASTER_BOUNDARY_DIFFERENCE
oL1x933NyN6wiKXhxOob,1564,train,vest_on_body,CANONICAL_POLYGON,82459,83040,1,1,0,0,0,5.343180,79,0.992235651,0.996102695,0.990457992,0.990457992,0.000000000,-0.001777659,581,0.007045926,0.007045926,613,32,1.000,RASTER_BOUNDARY_DIFFERENCE
oNY9i1I2LbSYd4Zq924U,1565,train,person,CANONICAL_POLYGON,909903,911506,1,1,0,0,0,4.765014,98,0.998144918,0.999071598,0.997321595,0.997321595,0.000000000,-0.000823323,1603,0.001761726,0.001761726,1647,44,1.000,RASTER_BOUNDARY_DIFFERENCE
oNY9i1I2LbSYd4Zq924U,1566,train,vest_on_body,CANONICAL_POLYGON,451061,452454,1,1,0,0,0,5.958564,118,0.996643220,0.998318788,0.994899434,0.994899434,0.000000000,-0.001743786,1393,0.003088274,0.003088274,1456,63,0.000,RASTER_BOUNDARY_DIFFERENCE
oTvvPXX0GF2JCGezEtXJ,1567,train,helmet_on_head,CANONICAL_RLE,49834,49912,1,1,0,3,54,4.259966,428,0.989310145,0.994626351,0.998917575,0.998917575,0.000000000,0.009607430,78,0.001565196,0.001565196,307,229,1.000,RASTER_BOUNDARY_DIFFERENCE|HOLE_FILL_APPROXIMATION
oTvvPXX0GF2JCGezEtXJ,1568,train,person,CANONICAL_RLE,63247,63294,1,1,0,0,0,6.705534,611,0.985891400,0.992895583,1.000000000,1.000000000,0.000000000,0.014108600,47,0.000743118,0.000743118,473,426,1.000,SERIALIZATION_ONLY
oTvvPXX0GF2JCGezEtXJ,1569,train,person,CANONICAL_RLE,387366,387377,1,1,0,0,0,4.836108,974,0.995829265,0.997910275,1.000000000,1.000000000,0.000000000,0.004170735,11,0.000028397,0.000028397,815,804,1.000,SERIALIZATION_ONLY
p0WuKqx9EeARevPPWyRq,1573,train,person,CANONICAL_POLYGON,175864,176955,1,1,0,0,0,5.886654,84,0.993192552,0.996584651,0.992837494,0.992837494,0.000000000,-0.000355058,1091,0.006203657,0.006203657,1148,57,2.000,RASTER_BOUNDARY_DIFFERENCE
p5lxtMTKDL0gIgbqSrls,1574,train,helmet_loose,CANONICAL_POLYGON,2595,2702,1,1,0,0,0,3.992784,9,0.959674436,0.979422315,0.958117124,0.958117124,0.000000000,-0.001557312,107,0.041233141,0.041233141,108,1,1.000,RASTER_BOUNDARY_DIFFERENCE
p5lxtMTKDL0gIgbqSrls,1575,train,helmet_loose,CANONICAL_POLYGON,2051,2207,1,1,0,0,0,5.958868,11,0.927569036,0.962423673,0.934892251,0.934892251,0.000000000,0.007323215,156,0.076060458,0.076060458,158,2,1.000,RASTER_BOUNDARY_DIFFERENCE
p5lxtMTKDL0gIgbqSrls,1576,train,helmet_loose,CANONICAL_POLYGON,5461,5545,1,1,0,0,0,3.809571,14,0.979852491,0.989823733,0.972847446,0.972847446,0.000000000,-0.007005046,84,0.015381798,0.015381798,98,14,1.000,RASTER_BOUNDARY_DIFFERENCE
p5lxtMTKDL0gIgbqSrls,1577,train,helmet_loose,CANONICAL_POLYGON,4697,4861,1,1,0,0,0,3.763408,14,0.965453424,0.982423101,0.971387103,0.971387103,0.000000000,0.005933680,164,0.034915904,0.034915904,166,2,1.000,RASTER_BOUNDARY_DIFFERENCE
p5lxtMTKDL0gIgbqSrls,1578,train,helmet_loose,CANONICAL_POLYGON,4471,4576,1,1,0,0,0,3.797530,12,0.975327511,0.987509672,0.967426710,0.967426710,0.000000000,-0.007900801,105,0.023484679,0.023484679,109,4,1.000,RASTER_BOUNDARY_DIFFERENCE
p5lxtMTKDL0gIgbqSrls,1579,train,helmet_loose,CANONICAL_POLYGON,2897,2989,1,1,0,0,0,3.995516,10,0.969220475,0.984369691,0.957793287,0.957793287,0.000000000,-0.011427188,92,0.031756990,0.031756990,92,0,1.000,RASTER_BOUNDARY_DIFFERENCE
p5lxtMTKDL0gIgbqSrls,1580,train,helmet_loose,CANONICAL_POLYGON,3075,3173,1,1,0,0,0,4.233381,11,0.965397924,0.982394366,0.958607714,0.958607714,0.000000000,-0.006790210,98,0.031869919,0.031869919,104,6,1.000,RASTER_BOUNDARY_DIFFERENCE
p5lxtMTKDL0gIgbqSrls,1581,train,helmet_loose,CANONICAL_POLYGON,3961,4045,1,1,0,0,0,3.833033,11,0.974839665,0.987259555,0.969370252,0.969370252,0.000000000,-0.005469412,84,0.021206766,0.021206766,93,9,1.000,RASTER_BOUNDARY_DIFFERENCE
p5lxtMTKDL0gIgbqSrls,1582,train,helmet_loose,CANONICAL_POLYGON,3996,4099,1,1,0,0,0,4.057803,14,0.973908803,0.986781964,0.969402623,0.969402623,0.000000000,-0.004506180,103,0.025775776,0.025775776,105,2,1.000,RASTER_BOUNDARY_DIFFERENCE
p5lxtMTKDL0gIgbqSrls,1583,train,helmet_loose,CANONICAL_POLYGON,3417,3575,1,1,0,0,0,4.039127,11,0.955804196,0.977402746,0.958075408,0.958075408,0.000000000,0.002271212,158,0.046239391,0.046239391,158,0,2.000,RASTER_BOUNDARY_DIFFERENCE
p5lxtMTKDL0gIgbqSrls,1584,train,helmet_loose,CANONICAL_POLYGON,5555,5642,1,1,0,0,0,3.770690,13,0.982471671,0.991158346,0.972963483,0.972963483,0.000000000,-0.009508188,87,0.015661566,0.015661566,93,6,1.000,RASTER_BOUNDARY_DIFFERENCE
p5lxtMTKDL0gIgbqSrls,1585,train,helmet_loose,CANONICAL_POLYGON,3574,3659,1,1,0,0,0,3.726018,10,0.976769609,0.988248306,0.965995647,0.965995647,0.000000000,-0.010773962,85,0.023782876,0.023782876,85,0,1.000,RASTER_BOUNDARY_DIFFERENCE
p5lxtMTKDL0gIgbqSrls,1586,train,helmet_loose,CANONICAL_POLYGON,4231,4350,1,1,0,0,0,4.136994,17,0.967216873,0.983335276,0.964040311,0.964040311,0.000000000,-0.003176561,119,0.028125739,0.028125739,131,12,1.000,RASTER_BOUNDARY_DIFFERENCE
p5lxtMTKDL0gIgbqSrls,1587,train,helmet_loose,CANONICAL_POLYGON,2288,2345,1,1,0,0,0,4.469332,9,0.972328650,0.985970214,0.946622185,0.946622185,0.000000000,-0.025706465,57,0.024912587,0.024912587,61,4,0.000,RASTER_BOUNDARY_DIFFERENCE
p5lxtMTKDL0gIgbqSrls,1588,train,helmet_loose,CANONICAL_POLYGON,3409,3519,1,1,0,0,0,4.083283,9,0.968741120,0.984122402,0.960645527,0.960645527,0.000000000,-0.008095593,110,0.032267527,0.032267527,110,0,1.000,RASTER_BOUNDARY_DIFFERENCE
p5lxtMTKDL0gIgbqSrls,1589,train,helmet_loose,CANONICAL_POLYGON,2802,2865,1,1,0,0,0,3.952021,13,0.978010471,0.988883007,0.961710935,0.961710935,0.000000000,-0.016299536,63,0.022483940,0.022483940,63,0,1.000,RASTER_BOUNDARY_DIFFERENCE
p5lxtMTKDL0gIgbqSrls,1590,train,helmet_loose,CANONICAL_POLYGON,3115,3208,1,1,0,0,0,3.756908,11,0.971009975,0.985291792,0.964863184,0.964863184,0.000000000,-0.006146791,93,0.029855538,0.029855538,93,0,1.000,RASTER_BOUNDARY_DIFFERENCE
p5lxtMTKDL0gIgbqSrls,1591,train,helmet_loose,CANONICAL_POLYGON,3024,3082,1,1,0,0,0,4.346081,11,0.978613091,0.989190960,0.958333333,0.958333333,0.000000000,-0.020279758,58,0.019179894,0.019179894,62,4,1.000,RASTER_BOUNDARY_DIFFERENCE
p5lxtMTKDL0gIgbqSrls,1592,train,helmet_loose,CANONICAL_POLYGON,4503,4544,1,1,0,0,0,3.776781,13,0.989663514,0.994804908,0.967867155,0.967867155,0.000000000,-0.021796359,41,0.009105041,0.009105041,44,3,1.000,RASTER_BOUNDARY_DIFFERENCE
p5lxtMTKDL0gIgbqSrls,1593,train,helmet_loose,CANONICAL_POLYGON,2867,2945,1,1,0,0,0,4.492882,9,0.969501864,0.984514797,0.954864594,0.954864594,0.000000000,-0.014637270,78,0.027206139,0.027206139,84,6,1.000,RASTER_BOUNDARY_DIFFERENCE
p5lxtMTKDL0gIgbqSrls,1594,train,helmet_loose,CANONICAL_POLYGON,3515,3675,1,1,0,0,0,3.824627,11,0.955930359,0.977468707,0.962035763,0.962035763,0.000000000,0.006105404,160,0.045519203,0.045519203,161,1,1.000,RASTER_BOUNDARY_DIFFERENCE
p5lxtMTKDL0gIgbqSrls,1595,train,helmet_loose,CANONICAL_POLYGON,3802,3907,1,1,0,0,0,3.935576,8,0.970099668,0.984822934,0.963867684,0.963867684,0.000000000,-0.006231983,105,0.027617044,0.027617044,111,6,1.000,RASTER_BOUNDARY_DIFFERENCE
p5lxtMTKDL0gIgbqSrls,1596,train,helmet_loose,CANONICAL_POLYGON,2078,2156,1,1,0,0,0,4.497887,12,0.957466482,0.978271138,0.945921173,0.945921173,0.000000000,-0.011545309,78,0.037536092,0.037536092,85,7,1.000,RASTER_BOUNDARY_DIFFERENCE
p5lxtMTKDL0gIgbqSrls,1597,train,helmet_loose,CANONICAL_POLYGON,2684,2826,1,1,0,0,0,3.777095,12,0.949752300,0.974228675,0.963682129,0.963682129,0.000000000,0.013929829,142,0.052906110,0.052906110,142,0,1.000,RASTER_BOUNDARY_DIFFERENCE
p5lxtMTKDL0gIgbqSrls,1598,train,helmet_loose,CANONICAL_POLYGON,2253,2387,1,1,0,0,0,3.952279,8,0.943048576,0.970689655,0.952401190,0.952401190,0.000000000,0.009352614,134,0.059476254,0.059476254,135,1,1.000,RASTER_BOUNDARY_DIFFERENCE
p5lxtMTKDL0gIgbqSrls,1599,train,helmet_loose,CANONICAL_POLYGON,5272,5363,1,1,0,0,0,4.046678,13,0.981923220,0.990879173,0.969713758,0.969713758,0.000000000,-0.012209462,91,0.017261002,0.017261002,94,3,0.000,RASTER_BOUNDARY_DIFFERENCE
p5lxtMTKDL0gIgbqSrls,1600,train,helmet_loose,CANONICAL_POLYGON,2298,2301,1,1,0,0,0,4.135083,9,0.990047598,0.994998913,0.950041632,0.950041632,0.000000000,-0.040005966,3,0.001305483,0.001305483,13,10,0.000,RASTER_BOUNDARY_DIFFERENCE
p5lxtMTKDL0gIgbqSrls,1601,train,helmet_loose,CANONICAL_POLYGON,1423,1520,1,1,0,0,0,4.122122,8,0.936184211,0.967040435,0.950501672,0.950501672,0.000000000,0.014317462,97,0.068165847,0.068165847,97,0,1.000,RASTER_BOUNDARY_DIFFERENCE
p5lxtMTKDL0gIgbqSrls,1602,train,helmet_loose,CANONICAL_POLYGON,4899,5044,1,1,0,0,0,4.050131,14,0.969690967,0.984612290,0.969630806,0.969630806,0.000000000,-0.000060161,145,0.029597877,0.029597877,149,4,1.000,RASTER_BOUNDARY_DIFFERENCE
p5lxtMTKDL0gIgbqSrls,1603,train,helmet_loose,CANONICAL_POLYGON,3784,3997,1,1,0,0,0,3.997838,11,0.946710033,0.972625627,0.967965146,0.967965146,0.000000000,0.021255114,213,0.056289641,0.056289641,213,0,1.000,RASTER_BOUNDARY_DIFFERENCE
p5lxtMTKDL0gIgbqSrls,1604,train,helmet_loose,CANONICAL_POLYGON,2421,2519,1,1,0,0,0,4.327998,12,0.958762887,0.978947368,0.957953193,0.957953193,0.000000000,-0.000809693,98,0.040479141,0.040479141,101,3,1.000,RASTER_BOUNDARY_DIFFERENCE
p5lxtMTKDL0gIgbqSrls,1605,train,helmet_loose,CANONICAL_POLYGON,1268,1365,1,1,0,0,0,4.222741,11,0.923301680,0.960121534,0.934621100,0.934621100,0.000000000,0.011319419,97,0.076498423,0.076498423,101,4,1.000,RASTER_BOUNDARY_DIFFERENCE
p5lxtMTKDL0gIgbqSrls,1606,train,helmet_loose,CANONICAL_POLYGON,1047,1138,1,1,0,0,0,6.326553,12,0.913309982,0.954691076,0.901653612,0.901653612,0.000000000,-0.011656371,91,0.086914995,0.086914995,95,4,0.000,RASTER_BOUNDARY_DIFFERENCE
p5lxtMTKDL0gIgbqSrls,1607,train,helmet_loose,CANONICAL_POLYGON,2008,2107,1,1,0,0,0,3.824911,11,0.948390152,0.973511543,0.954154728,0.954154728,0.000000000,0.005764576,99,0.049302789,0.049302789,104,5,1.000,RASTER_BOUNDARY_DIFFERENCE
p5lxtMTKDL0gIgbqSrls,1608,train,helmet_loose,CANONICAL_POLYGON,4292,4415,1,1,0,0,0,3.775384,10,0.971693841,0.985643735,0.967654377,0.967654377,0.000000000,-0.004039464,123,0.028657968,0.028657968,124,1,1.000,RASTER_BOUNDARY_DIFFERENCE
p5lxtMTKDL0gIgbqSrls,1609,train,helmet_loose,CANONICAL_POLYGON,2093,2166,1,1,0,0,0,4.375290,11,0.964483395,0.981920639,0.948495898,0.948495898,0.000000000,-0.015987497,73,0.034878165,0.034878165,75,2,1.000,RASTER_BOUNDARY_DIFFERENCE
p5lxtMTKDL0gIgbqSrls,1610,train,helmet_loose,CANONICAL_POLYGON,1000,1044,1,1,0,0,0,5.018872,10,0.948522402,0.973581213,0.930102516,0.930102516,0.000000000,-0.018419886,44,0.044000000,0.044000000,49,5,1.000,RASTER_BOUNDARY_DIFFERENCE|SMALL_MASK_SENSITIVITY
p5lxtMTKDL0gIgbqSrls,1611,train,helmet_loose,CANONICAL_POLYGON,1795,1931,1,1,0,0,0,3.967274,8,0.929570171,0.963499732,0.954206603,0.954206603,0.000000000,0.024636432,136,0.075766017,0.075766017,136,0,1.000,RASTER_BOUNDARY_DIFFERENCE
p5lxtMTKDL0gIgbqSrls,1612,train,helmet_loose,CANONICAL_POLYGON,2882,2925,1,1,0,0,0,4.671647,12,0.971816638,0.985706905,0.952808242,0.952808242,0.000000000,-0.019008396,43,0.014920194,0.014920194,63,20,1.000,RASTER_BOUNDARY_DIFFERENCE
p5lxtMTKDL0gIgbqSrls,1613,train,helmet_loose,CANONICAL_POLYGON,2660,2779,1,1,0,0,0,4.707573,12,0.956474820,0.977753263,0.952466691,0.952466691,0.000000000,-0.004008129,119,0.044736842,0.044736842,120,1,1.000,RASTER_BOUNDARY_DIFFERENCE
p5lxtMTKDL0gIgbqSrls,1614,train,helmet_loose,CANONICAL_POLYGON,1812,1899,1,1,0,0,0,4.686604,8,0.954186414,0.976556184,0.944997381,0.944997381,0.000000000,-0.009189033,87,0.048013245,0.048013245,87,0,1.000,RASTER_BOUNDARY_DIFFERENCE
p5lxtMTKDL0gIgbqSrls,1615,train,helmet_loose,CANONICAL_POLYGON,2221,2271,1,1,0,0,0,4.247341,11,0.977983267,0.988869101,0.947822337,0.947822337,0.000000000,-0.030160930,50,0.022512382,0.022512382,50,0,1.000,RASTER_BOUNDARY_DIFFERENCE
p5lxtMTKDL0gIgbqSrls,1616,train,helmet_loose,CANONICAL_POLYGON,2059,2175,1,1,0,0,0,4.126719,9,0.943985308,0.971185640,0.947685185,0.947685185,0.000000000,0.003699878,116,0.056338028,0.056338028,119,3,1.000,RASTER_BOUNDARY_DIFFERENCE
p5lxtMTKDL0gIgbqSrls,1617,train,helmet_loose,CANONICAL_POLYGON,2426,2530,1,1,0,0,0,4.017551,6,0.958893281,0.979015335,0.950929956,0.950929956,0.000000000,-0.007963324,104,0.042868920,0.042868920,104,0,1.000,RASTER_BOUNDARY_DIFFERENCE
p5lxtMTKDL0gIgbqSrls,1618,train,helmet_loose,CANONICAL_POLYGON,1827,1953,1,1,0,0,0,4.254236,7,0.935483871,0.966666667,0.945397816,0.945397816,0.000000000,0.009913945,126,0.068965517,0.068965517,126,0,1.000,RASTER_BOUNDARY_DIFFERENCE
p5lxtMTKDL0gIgbqSrls,1619,train,helmet_loose,CANONICAL_POLYGON,1269,1359,1,1,0,0,0,4.936151,7,0.930933137,0.964231355,0.923865300,0.923865300,0.000000000,-0.007067837,90,0.070921986,0.070921986,92,2,1.000,RASTER_BOUNDARY_DIFFERENCE
p5lxtMTKDL0gIgbqSrls,1620,train,helmet_loose,CANONICAL_POLYGON,3132,3280,1,1,0,0,0,3.861837,11,0.954878049,0.976918278,0.964186477,0.964186477,0.000000000,0.009308429,148,0.047254151,0.047254151,148,0,1.000,RASTER_BOUNDARY_DIFFERENCE
p5lxtMTKDL0gIgbqSrls,1621,train,helmet_loose,CANONICAL_POLYGON,1277,1344,1,1,0,0,0,4.915040,9,0.944362018,0.971384968,0.933872153,0.933872153,0.000000000,-0.010489865,67,0.052466719,0.052466719,71,4,1.000,RASTER_BOUNDARY_DIFFERENCE
p96kP7xmkvs84TmnINFt,1622,train,helmet_loose,CANONICAL_RLE,575735,642819,1,1,0,3,66916,5.976467,2003,0.892552511,0.943226152,0.895875055,0.895875055,0.000000000,0.003322544,67084,0.116518885,0.116518885,68133,1049,1.000,RASTER_BOUNDARY_DIFFERENCE|HOLE_FILL_APPROXIMATION
pE6UkMMWzcDOy86QHSoC,1623,train,person,CANONICAL_RLE,23825,25216,8,7,1,1,968,10.045911,664,0.918361759,0.957443772,0.960916388,0.947389351,0.013527037,0.029027592,1391,0.058384050,0.058384050,1739,348,1.000,RASTER_BOUNDARY_DIFFERENCE|MULTI_COMPONENT_APPROXIMATION|COMPONENT_JOIN_APPROXIMATION|HOLE_FILL_APPROXIMATION
pE6UkMMWzcDOy86QHSoC,1624,train,person,CANONICAL_RLE,4779,4738,1,1,0,0,0,5.086121,159,0.969170288,0.984343806,1.000000000,1.000000000,0.000000000,0.030829712,41,0.008579201,-0.008579201,54,95,1.000,SERIALIZATION_ONLY
pE6UkMMWzcDOy86QHSoC,1625,train,person,CANONICAL_RLE,2277,2317,2,1,0,0,0,4.665127,81,0.972520395,0.986068785,0.999560826,0.999560826,0.000000000,0.027040431,40,0.017566974,0.017566974,52,12,4.000,RASTER_BOUNDARY_DIFFERENCE|MULTI_COMPONENT_APPROXIMATION
pE6UkMMWzcDOy86QHSoC,1626,train,person,CANONICAL_RLE,1354,1360,1,1,0,0,0,4.620637,73,0.937187723,0.967575534,1.000000000,1.000000000,0.000000000,0.062812277,6,0.004431315,0.004431315,47,41,1.000,SERIALIZATION_ONLY
pE6UkMMWzcDOy86QHSoC,1627,train,person,CANONICAL_RLE,538,558,1,1,0,0,0,4.710310,51,0.892918826,0.943430657,1.000000000,1.000000000,0.000000000,0.107081174,20,0.037174721,0.037174721,41,21,1.000,SERIALIZATION_ONLY|SMALL_MASK_SENSITIVITY
pE6UkMMWzcDOy86QHSoC,1628,train,person,CANONICAL_RLE,3007,3160,5,4,1,0,0,8.511898,225,0.891717791,0.942759851,0.999334885,0.962524023,0.036810862,0.070806232,153,0.050881277,0.050881277,253,100,1.000,RASTER_BOUNDARY_DIFFERENCE|MULTI_COMPONENT_APPROXIMATION|COMPONENT_JOIN_APPROXIMATION
pE6UkMMWzcDOy86QHSoC,1629,train,person,CANONICAL_RLE,986,989,1,1,0,0,0,4.105384,48,0.926829268,0.962025316,1.000000000,1.000000000,0.000000000,0.073170732,3,0.003042596,0.003042596,39,36,1.000,SERIALIZATION_ONLY|SMALL_MASK_SENSITIVITY
pE6UkMMWzcDOy86QHSoC,1630,train,person,CANONICAL_RLE,1588,1625,2,2,1,0,0,5.595898,96,0.929729730,0.963585434,1.000000000,0.985111663,0.014888337,0.055381933,37,0.023299748,0.023299748,77,40,1.000,MULTI_COMPONENT_APPROXIMATION|COMPONENT_JOIN_APPROXIMATION
pE6UkMMWzcDOy86QHSoC,1631,train,person,CANONICAL_RLE,248,268,2,2,1,0,0,4.537451,35,0.743243243,0.852713178,1.000000000,0.915129151,0.084870849,0.171885908,20,0.080645161,0.080645161,48,28,1.000,MULTI_COMPONENT_APPROXIMATION|COMPONENT_JOIN_APPROXIMATION|SMALL_MASK_SENSITIVITY
pE6UkMMWzcDOy86QHSoC,1632,train,person,CANONICAL_RLE,312,309,1,1,0,0,0,4.086601,29,0.916666667,0.956521739,1.000000000,1.000000000,0.000000000,0.083333333,3,0.009615385,-0.009615385,12,15,1.000,SERIALIZATION_ONLY|SMALL_MASK_SENSITIVITY
pE6UkMMWzcDOy86QHSoC,1633,train,person,CANONICAL_RLE,4376,4384,2,2,1,0,0,6.432919,178,0.948398577,0.973515982,1.000000000,0.996357013,0.003642987,0.047958436,8,0.001828154,0.001828154,120,112,1.000,MULTI_COMPONENT_APPROXIMATION|COMPONENT_JOIN_APPROXIMATION
pE6UkMMWzcDOy86QHSoC,1634,train,person,CANONICAL_RLE,1114,1112,1,1,0,0,0,4.709760,65,0.933970460,0.965858041,1.000000000,1.000000000,0.000000000,0.066029540,2,0.001795332,-0.001795332,37,39,1.000,SERIALIZATION_ONLY
pE6UkMMWzcDOy86QHSoC,1635,train,person,CANONICAL_RLE,12242,12294,2,2,1,1,1,7.375227,348,0.969813744,0.984675579,0.999918321,0.999755002,0.000163319,0.029941258,52,0.004247672,0.004247672,214,162,1.000,RASTER_BOUNDARY_DIFFERENCE|MULTI_COMPONENT_APPROXIMATION|COMPONENT_JOIN_APPROXIMATION|HOLE_FILL_APPROXIMATION
pE6UkMMWzcDOy86QHSoC,1636,train,person,CANONICAL_RLE,701,709,1,1,0,0,0,3.934967,38,0.939477304,0.968794326,1.000000000,1.000000000,0.000000000,0.060522696,8,0.011412268,0.011412268,26,18,1.000,SERIALIZATION_ONLY|SMALL_MASK_SENSITIVITY
pE6UkMMWzcDOy86QHSoC,1637,train,person,CANONICAL_RLE,762,751,1,1,0,0,0,3.864212,45,0.910353535,0.953073364,1.000000000,1.000000000,0.000000000,0.089646465,11,0.014435696,-0.014435696,30,41,1.000,SERIALIZATION_ONLY|SMALL_MASK_SENSITIVITY
pE6UkMMWzcDOy86QHSoC,1638,train,person,CANONICAL_RLE,2935,2983,2,2,1,0,0,5.852013,116,0.933355113,0.965528895,1.000000000,0.991554054,0.008445946,0.058198941,48,0.016354344,0.016354344,126,78,1.000,MULTI_COMPONENT_APPROXIMATION|COMPONENT_JOIN_APPROXIMATION
pE6UkMMWzcDOy86QHSoC,1639,train,person,CANONICAL_RLE,484,482,1,1,0,0,0,4.950531,55,0.916666667,0.956521739,1.000000000,1.000000000,0.000000000,0.083333333,2,0.004132231,-0.004132231,20,22,1.000,SERIALIZATION_ONLY|SMALL_MASK_SENSITIVITY
pE6UkMMWzcDOy86QHSoC,1640,train,person,CANONICAL_RLE,20321,20493,2,2,1,0,0,8.725859,533,0.966560663,0.982996031,1.000000000,0.999557304,0.000442696,0.032996641,172,0.008464150,0.008464150,433,261,1.000,MULTI_COMPONENT_APPROXIMATION|COMPONENT_JOIN_APPROXIMATION
pE6UkMMWzcDOy86QHSoC,1641,train,person,CANONICAL_RLE,592,600,1,1,0,0,0,3.870929,28,0.925686591,0.961409396,1.000000000,1.000000000,0.000000000,0.074313409,8,0.013513514,0.013513514,27,19,1.000,SERIALIZATION_ONLY|SMALL_MASK_SENSITIVITY
pE6UkMMWzcDOy86QHSoC,1642,train,person,CANONICAL_RLE,2115,2100,1,1,0,0,0,6.261600,121,0.965034965,0.982206406,1.000000000,1.000000000,0.000000000,0.034965035,15,0.007092199,-0.007092199,30,45,1.000,SERIALIZATION_ONLY
pE6UkMMWzcDOy86QHSoC,1643,train,person,CANONICAL_RLE,918,907,1,1,0,0,0,4.068016,44,0.933262712,0.965479452,1.000000000,1.000000000,0.000000000,0.066737288,11,0.011982571,-0.011982571,26,37,1.000,SERIALIZATION_ONLY|SMALL_MASK_SENSITIVITY
pE6UkMMWzcDOy86QHSoC,1644,train,person,CANONICAL_RLE,1473,1472,1,1,0,0,0,4.421122,88,0.940052701,0.969100170,1.000000000,1.000000000,0.000000000,0.059947299,1,0.000678887,-0.000678887,45,46,0.000,SERIALIZATION_ONLY
pE6UkMMWzcDOy86QHSoC,1645,train,person,CANONICAL_RLE,6007,6108,2,2,1,0,0,6.371609,236,0.945559660,0.972018159,1.000000000,0.987343853,0.012656147,0.041784193,101,0.016813717,0.016813717,220,119,0.000,MULTI_COMPONENT_APPROXIMATION|COMPONENT_JOIN_APPROXIMATION
pE6UkMMWzcDOy86QHSoC,1646,train,person,CANONICAL_RLE,933,957,1,1,0,0,0,5.705246,76,0.924643585,0.960846561,1.000000000,1.000000000,0.000000000,0.075356415,24,0.025723473,0.025723473,49,25,1.000,SERIALIZATION_ONLY|SMALL_MASK_SENSITIVITY
pE6UkMMWzcDOy86QHSoC,1647,train,person,CANONICAL_RLE,1733,1726,1,1,0,0,0,4.225961,70,0.959773371,0.979473836,1.000000000,1.000000000,0.000000000,0.040226629,7,0.004039238,-0.004039238,32,39,1.000,SERIALIZATION_ONLY
pE6UkMMWzcDOy86QHSoC,1648,train,person,CANONICAL_RLE,771,762,1,1,0,0,0,4.935873,49,0.913857678,0.954990215,1.000000000,1.000000000,0.000000000,0.086142322,9,0.011673152,-0.011673152,30,39,0.000,SERIALIZATION_ONLY|SMALL_MASK_SENSITIVITY
pE6UkMMWzcDOy86QHSoC,1649,train,person,CANONICAL_RLE,13449,13548,2,2,1,0,0,8.946963,421,0.961848703,0.980553395,1.000000000,0.997404331,0.002595669,0.035555628,99,0.007361142,0.007361142,312,213,1.000,MULTI_COMPONENT_APPROXIMATION|COMPONENT_JOIN_APPROXIMATION
pE6UkMMWzcDOy86QHSoC,1650,train,person,CANONICAL_RLE,866,871,2,1,0,0,0,5.209226,65,0.908791209,0.952216465,0.998845266,0.998845266,0.000000000,0.090054057,5,0.005773672,0.005773672,44,39,5.000,RASTER_BOUNDARY_DIFFERENCE|MULTI_COMPONENT_APPROXIMATION|SMALL_MASK_SENSITIVITY
pE6UkMMWzcDOy86QHSoC,1651,train,person,CANONICAL_RLE,4445,4446,3,3,1,0,0,7.686647,215,0.924458874,0.960746823,1.000000000,0.989096573,0.010903427,0.064637699,1,0.000224972,0.000224972,175,174,1.000,MULTI_COMPONENT_APPROXIMATION|COMPONENT_JOIN_APPROXIMATION
pE6UkMMWzcDOy86QHSoC,1652,train,person,CANONICAL_RLE,622,618,2,1,0,0,0,4.758195,43,0.887366819,0.940322581,0.995176849,0.995176849,0.000000000,0.107810030,4,0.006430868,-0.006430868,35,39,20.000,RASTER_BOUNDARY_DIFFERENCE|MULTI_COMPONENT_APPROXIMATION|SMALL_MASK_SENSITIVITY
pE6UkMMWzcDOy86QHSoC,1653,train,person,CANONICAL_RLE,828,836,1,1,0,0,0,3.866373,46,0.959952886,0.979567308,1.000000000,1.000000000,0.000000000,0.040047114,8,0.009661836,0.009661836,21,13,0.000,SERIALIZATION_ONLY|SMALL_MASK_SENSITIVITY
pE6UkMMWzcDOy86QHSoC,1654,train,person,CANONICAL_RLE,820,826,1,1,0,0,0,3.868241,43,0.947928994,0.973268530,1.000000000,1.000000000,0.000000000,0.052071006,6,0.007317073,0.007317073,25,19,1.000,SERIALIZATION_ONLY|SMALL_MASK_SENSITIVITY
pE6UkMMWzcDOy86QHSoC,1655,train,person,CANONICAL_RLE,3954,3960,2,2,1,0,0,5.946273,152,0.950221784,0.974475613,1.000000000,0.993966817,0.006033183,0.043745033,6,0.001517451,0.001517451,104,98,1.000,MULTI_COMPONENT_APPROXIMATION|COMPONENT_JOIN_APPROXIMATION
pIzGCRRLnf8bfGnx48Ka,1656,train,person,CANONICAL_POLYGON,302429,304613,1,1,0,0,0,6.629513,113,0.992679788,0.996326449,0.994176373,0.994176373,0.000000000,0.001496584,2184,0.007221530,0.007221530,2207,23,1.000,RASTER_BOUNDARY_DIFFERENCE
pIzGCRRLnf8bfGnx48Ka,1657,train,vest_on_body,CANONICAL_POLYGON,117940,118601,1,1,0,0,0,4.877472,81,0.993552628,0.996765888,0.992271361,0.992271361,0.000000000,-0.001281267,661,0.005604545,0.005604545,713,52,1.000,RASTER_BOUNDARY_DIFFERENCE
pbOZlgeseTpoTXwVJjAh,1667,train,vest_on_body,CANONICAL_POLYGON,287823,288875,1,1,0,0,0,4.526828,65,0.996005898,0.997998953,0.995433016,0.995433016,0.000000000,-0.000572882,1052,0.003655024,0.003655024,1103,51,1.000,RASTER_BOUNDARY_DIFFERENCE
pbOZlgeseTpoTXwVJjAh,1668,train,person,CANONICAL_RLE,405787,406028,1,1,0,0,0,6.007047,1370,0.995420793,0.997705142,1.000000000,1.000000000,0.000000000,0.004579207,241,0.000593908,0.000593908,1052,811,1.000,SERIALIZATION_ONLY
pd0SyehnE6l5xoGZqJCt,1669,train,helmet_loose,CANONICAL_POLYGON,132298,132843,1,1,0,0,0,4.062699,53,0.995296614,0.997642764,0.994284941,0.994284941,0.000000000,-0.001011673,545,0.004119488,0.004119488,585,40,1.000,RASTER_BOUNDARY_DIFFERENCE
pd0SyehnE6l5xoGZqJCt,1670,train,helmet_loose,CANONICAL_POLYGON,99757,100202,1,1,0,0,0,4.211644,47,0.994583595,0.997284443,0.993424527,0.993424527,0.000000000,-0.001159069,445,0.004460840,0.004460840,494,49,1.000,RASTER_BOUNDARY_DIFFERENCE
pd0SyehnE6l5xoGZqJCt,1671,train,helmet_loose,CANONICAL_POLYGON,77503,77874,1,1,0,0,0,4.017232,39,0.994339550,0.997161742,0.992911347,0.992911347,0.000000000,-0.001428203,371,0.004786911,0.004786911,406,35,1.000,RASTER_BOUNDARY_DIFFERENCE
pd0SyehnE6l5xoGZqJCt,1672,train,helmet_loose,CANONICAL_POLYGON,30570,31025,1,1,0,0,0,4.205316,28,0.984630751,0.992255865,0.987322942,0.987322942,0.000000000,0.002692190,455,0.014883873,0.014883873,466,11,1.000,RASTER_BOUNDARY_DIFFERENCE
pd0SyehnE6l5xoGZqJCt,1673,train,helmet_loose,CANONICAL_POLYGON,58266,58932,1,1,0,0,0,4.442017,45,0.988361440,0.994146658,0.990710178,0.990710178,0.000000000,0.002348738,666,0.011430337,0.011430337,676,10,1.000,RASTER_BOUNDARY_DIFFERENCE
pd0SyehnE6l5xoGZqJCt,1674,train,vest_loose,CANONICAL_POLYGON,113868,114464,1,1,0,0,0,4.420304,21,0.994479481,0.997232101,0.993018466,0.993018466,0.000000000,-0.001461015,596,0.005234131,0.005234131,614,18,1.000,RASTER_BOUNDARY_DIFFERENCE
pd0SyehnE6l5xoGZqJCt,1675,train,vest_loose,CANONICAL_POLYGON,91822,92209,1,1,0,0,0,4.362353,22,0.994872740,0.997429781,0.991911065,0.991911065,0.000000000,-0.002961675,387,0.004214676,0.004214676,430,43,1.000,RASTER_BOUNDARY_DIFFERENCE
pd0SyehnE6l5xoGZqJCt,1676,train,vest_loose,CANONICAL_POLYGON,254,283,1,1,0,0,0,6.154291,6,0.877622378,0.934823091,0.815789474,0.815789474,0.000000000,-0.061832904,29,0.114173228,0.114173228,32,3,1.000,RASTER_BOUNDARY_DIFFERENCE|SMALL_MASK_SENSITIVITY
pd0SyehnE6l5xoGZqJCt,1677,train,vest_loose,CANONICAL_POLYGON,2718,2921,1,1,0,0,0,6.233455,13,0.927863248,0.962582018,0.931094183,0.931094183,0.000000000,0.003230935,203,0.074687270,0.074687270,207,4,1.000,RASTER_BOUNDARY_DIFFERENCE
pd0SyehnE6l5xoGZqJCt,1678,train,vest_loose,CANONICAL_POLYGON,48268,48556,1,1,0,0,0,4.592751,22,0.993370803,0.996674378,0.988029843,0.988029843,0.000000000,-0.005340959,288,0.005966686,0.005966686,305,17,1.000,RASTER_BOUNDARY_DIFFERENCE
pd0SyehnE6l5xoGZqJCt,1679,train,vest_loose,CANONICAL_POLYGON,50772,50953,1,1,0,0,0,4.955509,24,0.995233799,0.997611207,0.987070141,0.987070141,0.000000000,-0.008163658,181,0.003564957,0.003564957,212,31,1.000,RASTER_BOUNDARY_DIFFERENCE
pd0SyehnE6l5xoGZqJCt,1680,train,vest_loose,CANONICAL_POLYGON,24018,24478,1,1,0,0,0,5.771046,16,0.980722104,0.990267239,0.977631740,0.977631740,0.000000000,-0.003090364,460,0.019152302,0.019152302,466,6,1.000,RASTER_BOUNDARY_DIFFERENCE
prVjNgHS0pAKIQUelidW,1681,train,person,CANONICAL_POLYGON,348983,350274,1,1,0,0,0,4.851339,76,0.996234527,0.998113712,0.995790357,0.995790357,0.000000000,-0.000444170,1291,0.003699321,0.003699321,1305,14,1.000,RASTER_BOUNDARY_DIFFERENCE
pwZkhgJcda4HLCsziTh1,1682,train,person,CANONICAL_POLYGON,615106,617556,1,1,0,0,0,6.533048,145,0.995864691,0.997928061,0.995979058,0.995979058,0.000000000,0.000114367,2450,0.003983053,0.003983053,2502,52,1.000,RASTER_BOUNDARY_DIFFERENCE
q2wyXKnABjAqqL0mLiG7,1683,train,helmet_on_head,CANONICAL_POLYGON,8205,8348,1,1,0,0,0,4.397052,21,0.980971757,0.990394490,0.973702999,0.973702999,0.000000000,-0.007268758,143,0.017428397,0.017428397,151,8,1.000,RASTER_BOUNDARY_DIFFERENCE
q2wyXKnABjAqqL0mLiG7,1684,train,person,CANONICAL_POLYGON,188617,189758,1,1,0,0,0,7.501075,109,0.992663942,0.996318467,0.991422967,0.991422967,0.000000000,-0.001240975,1141,0.006049296,0.006049296,1267,126,1.000,RASTER_BOUNDARY_DIFFERENCE
q2wyXKnABjAqqL0mLiG7,1685,train,vest_on_body,CANONICAL_POLYGON,34721,35281,1,1,0,0,0,7.068199,41,0.980927047,0.990371704,0.981607764,0.981607764,0.000000000,0.000680717,560,0.016128568,0.016128568,617,57,1.000,RASTER_BOUNDARY_DIFFERENCE
q2wyXKnABjAqqL0mLiG7,1686,train,vest_on_body,CANONICAL_POLYGON,1524,1630,1,1,0,0,0,5.057543,9,0.933782955,0.965757768,0.943618340,0.943618340,0.000000000,0.009835384,106,0.069553806,0.069553806,107,1,1.000,RASTER_BOUNDARY_DIFFERENCE
q2wyXKnABjAqqL0mLiG7,1687,train,vest_on_body,CANONICAL_POLYGON,59,87,1,1,0,0,0,4.997272,6,0.678160920,0.808219178,0.658823529,0.658823529,0.000000000,-0.019337390,28,0.474576271,0.474576271,28,0,3.000,RASTER_BOUNDARY_DIFFERENCE|SMALL_MASK_SENSITIVITY
q2wyXKnABjAqqL0mLiG7,1688,train,vest_on_body,CANONICAL_POLYGON,610,673,1,1,0,0,0,6.234580,7,0.889543446,0.941543258,0.873913043,0.873913043,0.000000000,-0.015630403,63,0.103278689,0.103278689,69,6,2.000,RASTER_BOUNDARY_DIFFERENCE|SMALL_MASK_SENSITIVITY
q96gkRtLhrZTtKhFqiQU,1689,train,helmet_loose,CANONICAL_RLE,221905,221937,1,1,0,0,0,4.146037,634,0.995450193,0.997719909,1.000000000,1.000000000,0.000000000,0.004549807,32,0.000144206,0.000144206,522,490,1.000,SERIALIZATION_ONLY
qEBVz8CKiWp4KmTFLCBu,1690,train,person,CANONICAL_POLYGON,146191,147183,1,1,0,0,0,6.480635,85,0.992745600,0.996359596,0.991213429,0.991213429,0.000000000,-0.001532171,992,0.006785643,0.006785643,1030,38,1.000,RASTER_BOUNDARY_DIFFERENCE
qEBVz8CKiWp4KmTFLCBu,1691,train,vest_on_body,CANONICAL_POLYGON,56382,56956,1,1,0,0,0,4.744279,40,0.989502879,0.994723747,0.989130053,0.989130053,0.000000000,-0.000372826,574,0.010180554,0.010180554,586,12,1.000,RASTER_BOUNDARY_DIFFERENCE
qEBVz8CKiWp4KmTFLCBu,1692,train,helmet_on_head,CANONICAL_POLYGON,7653,7759,1,1,0,0,0,4.689843,22,0.979450295,0.989618479,0.970086558,0.970086558,0.000000000,-0.009363737,106,0.013850777,0.013850777,133,27,1.000,RASTER_BOUNDARY_DIFFERENCE
ql4CBoTCV3vDAYdQsYAA,1693,train,vest_on_body,CANONICAL_RLE,128184,128735,6,4,1,3,308,6.741788,1005,0.987675620,0.993799602,0.997571833,0.996672058,0.000899776,0.008996437,551,0.004298508,0.004298508,1072,521,5.000,RASTER_BOUNDARY_DIFFERENCE|MULTI_COMPONENT_APPROXIMATION|COMPONENT_JOIN_APPROXIMATION|HOLE_FILL_APPROXIMATION
ql4CBoTCV3vDAYdQsYAA,1694,train,person,CANONICAL_RLE,229674,230029,2,2,1,1,1,5.672140,1047,0.993957874,0.996969783,0.999995646,0.999529989,0.000465657,0.005572115,355,0.001545669,0.001545669,874,519,1.000,RASTER_BOUNDARY_DIFFERENCE|MULTI_COMPONENT_APPROXIMATION|COMPONENT_JOIN_APPROXIMATION|HOLE_FILL_APPROXIMATION
r3HWnAoRdj2C2qeAdFkr,1710,train,person,CANONICAL_POLYGON,188103,189256,1,1,0,0,0,4.977550,60,0.993444268,0.996711354,0.993487856,0.993487856,0.000000000,0.000043587,1153,0.006129620,0.006129620,1197,44,1.000,RASTER_BOUNDARY_DIFFERENCE
r3HWnAoRdj2C2qeAdFkr,1711,train,person,CANONICAL_POLYGON,55897,56456,1,1,0,0,0,4.388076,34,0.989534637,0.994739793,0.990177827,0.990177827,0.000000000,0.000643191,559,0.010000537,0.010000537,575,16,1.000,RASTER_BOUNDARY_DIFFERENCE
r3HWnAoRdj2C2qeAdFkr,1712,train,person,CANONICAL_POLYGON,152753,153922,1,1,0,0,0,5.224165,71,0.992055811,0.996012065,0.993098693,0.993098693,0.000000000,0.001042883,1169,0.007652878,0.007652878,1196,27,1.000,RASTER_BOUNDARY_DIFFERENCE
r3HWnAoRdj2C2qeAdFkr,1713,train,helmet_on_head,CANONICAL_POLYGON,17022,17344,1,1,0,0,0,3.956631,18,0.981091831,0.990455683,0.983675832,0.983675832,0.000000000,0.002584001,322,0.018916696,0.018916696,325,3,1.000,RASTER_BOUNDARY_DIFFERENCE
r3HWnAoRdj2C2qeAdFkr,1714,train,vest_on_body,CANONICAL_POLYGON,31618,32119,1,1,0,0,0,6.000025,61,0.982550002,0.991198205,0.981800647,0.981800647,0.000000000,-0.000749354,501,0.015845405,0.015845405,531,30,1.000,RASTER_BOUNDARY_DIFFERENCE
r3HWnAoRdj2C2qeAdFkr,1715,train,person,CANONICAL_POLYGON,11664,11809,1,1,0,0,0,6.276528,19,0.986543670,0.993226260,0.968383393,0.968383393,0.000000000,-0.018160277,145,0.012431413,0.012431413,152,7,1.000,RASTER_BOUNDARY_DIFFERENCE
r3HWnAoRdj2C2qeAdFkr,1716,train,person,CANONICAL_POLYGON,20242,20682,1,1,0,0,0,6.447890,42,0.976050217,0.987879973,0.977704696,0.977704696,0.000000000,0.001654479,440,0.021736983,0.021736983,468,28,1.000,RASTER_BOUNDARY_DIFFERENCE
r3HWnAoRdj2C2qeAdFkr,1717,train,person,CANONICAL_POLYGON,18959,19439,1,1,0,0,0,5.688698,36,0.974900993,0.987291005,0.978091252,0.978091252,0.000000000,0.003190259,480,0.025317791,0.025317791,484,4,1.000,RASTER_BOUNDARY_DIFFERENCE
r3HWnAoRdj2C2qeAdFkr,1718,train,person,CANONICAL_POLYGON,15645,15797,1,1,0,0,0,5.164615,27,0.989622224,0.994784047,0.979327194,0.979327194,0.000000000,-0.010295029,152,0.009715564,0.009715564,158,6,0.000,RASTER_BOUNDARY_DIFFERENCE
r3HWnAoRdj2C2qeAdFkr,1719,train,person,CANONICAL_POLYGON,10809,11077,1,1,0,0,0,5.363324,27,0.975270758,0.987480581,0.975706674,0.975706674,0.000000000,0.000435916,268,0.024794153,0.024794153,271,3,1.000,RASTER_BOUNDARY_DIFFERENCE
r3HWnAoRdj2C2qeAdFkr,1720,train,person,CANONICAL_POLYGON,6650,6894,1,1,0,0,0,5.304284,21,0.963467672,0.981393975,0.966355957,0.966355957,0.000000000,0.002888285,244,0.036691729,0.036691729,248,4,1.000,RASTER_BOUNDARY_DIFFERENCE
r3HWnAoRdj2C2qeAdFkr,1721,train,vest_on_body,CANONICAL_POLYGON,2888,2981,1,1,0,0,0,3.772055,9,0.968802415,0.984154030,0.962554330,0.962554330,0.000000000,-0.006248086,93,0.032202216,0.032202216,93,0,1.000,RASTER_BOUNDARY_DIFFERENCE
r3HWnAoRdj2C2qeAdFkr,1722,train,helmet_on_head,CANONICAL_POLYGON,650,665,1,1,0,0,0,3.946932,6,0.974474474,0.987072243,0.906647808,0.906647808,0.000000000,-0.067826667,15,0.023076923,0.023076923,16,1,1.000,RASTER_BOUNDARY_DIFFERENCE|SMALL_MASK_SENSITIVITY
r3HWnAoRdj2C2qeAdFkr,1723,train,vest_on_body,CANONICAL_POLYGON,3021,3082,1,1,0,0,0,4.108911,8,0.977640959,0.988694085,0.962077757,0.962077757,0.000000000,-0.015563203,61,0.020191989,0.020191989,65,4,1.000,RASTER_BOUNDARY_DIFFERENCE
r3HWnAoRdj2C2qeAdFkr,1724,train,helmet_on_head,CANONICAL_POLYGON,355,424,1,1,0,0,0,3.872875,5,0.837264151,0.911424904,0.886934673,0.886934673,0.000000000,0.049670522,69,0.194366197,0.194366197,69,0,1.000,RASTER_BOUNDARY_DIFFERENCE|SMALL_MASK_SENSITIVITY
r3UicRnZtAlek7LbZebm,1725,train,vest_on_body,CANONICAL_RLE,174382,174459,1,1,0,0,0,4.272077,539,0.995338275,0.997663692,1.000000000,1.000000000,0.000000000,0.004661725,77,0.000441559,0.000441559,446,369,1.000,SERIALIZATION_ONLY
r3UicRnZtAlek7LbZebm,1726,train,vest_on_body,CANONICAL_RLE,332119,332383,1,1,0,0,0,4.082218,642,0.996694721,0.998344625,1.000000000,1.000000000,0.000000000,0.003305279,264,0.000794896,0.000794896,682,418,1.000,SERIALIZATION_ONLY
r3UicRnZtAlek7LbZebm,1727,train,helmet_on_head,CANONICAL_RLE,51352,51472,2,2,1,1,144,4.771090,423,0.986476566,0.993192251,0.997203666,0.997145576,0.000058091,0.010669010,120,0.002336813,0.002336813,410,290,0.000,RASTER_BOUNDARY_DIFFERENCE|MULTI_COMPONENT_APPROXIMATION|COMPONENT_JOIN_APPROXIMATION|HOLE_FILL_APPROXIMATION
r3UicRnZtAlek7LbZebm,1728,train,helmet_on_head,CANONICAL_RLE,68300,68527,2,2,1,4,160,5.619749,636,0.986858537,0.993385808,0.997662869,0.997648296,0.000014573,0.010789759,227,0.003323572,0.003323572,566,339,1.000,RASTER_BOUNDARY_DIFFERENCE|MULTI_COMPONENT_APPROXIMATION|COMPONENT_JOIN_APPROXIMATION|HOLE_FILL_APPROXIMATION
r3UicRnZtAlek7LbZebm,1729,train,person,CANONICAL_RLE,280517,280707,1,1,0,0,0,5.363302,1044,0.994881492,0.997434180,1.000000000,1.000000000,0.000000000,0.005118508,190,0.000677321,0.000677321,815,625,1.000,SERIALIZATION_ONLY
r3UicRnZtAlek7LbZebm,1730,train,person,CANONICAL_RLE,451382,451633,1,1,0,0,0,5.492096,1339,0.996063201,0.998027718,1.000000000,1.000000000,0.000000000,0.003936799,251,0.000556070,0.000556070,1016,765,1.000,SERIALIZATION_ONLY
r4BbR2gJ7CPp1ObMrFIz,1731,train,vest_on_body,CANONICAL_RLE,95452,95510,2,1,0,0,0,4.622209,507,0.992695474,0.996334349,0.999979047,0.999979047,0.000000000,0.007283573,58,0.000607635,0.000607635,379,321,1.000,RASTER_BOUNDARY_DIFFERENCE|MULTI_COMPONENT_APPROXIMATION
r4BbR2gJ7CPp1ObMrFIz,1732,train,helmet_on_head,CANONICAL_RLE,15436,15490,1,1,0,0,0,4.032479,236,0.984853347,0.992368881,1.000000000,1.000000000,0.000000000,0.015146653,54,0.003498316,0.003498316,145,91,1.000,SERIALIZATION_ONLY
r4BbR2gJ7CPp1ObMrFIz,1733,train,person,CANONICAL_RLE,157272,157414,1,1,0,0,0,5.906194,898,0.993260491,0.996618852,1.000000000,1.000000000,0.000000000,0.006739509,142,0.000902894,0.000902894,603,461,0.000,SERIALIZATION_ONLY
rE8YybvIjJNdTtORaoUg,1734,train,person,CANONICAL_POLYGON,155678,156826,1,1,0,0,0,6.813094,70,0.991841522,0.995904052,0.991183759,0.991183759,0.000000000,-0.000657763,1148,0.007374195,0.007374195,1214,66,1.000,RASTER_BOUNDARY_DIFFERENCE
rE8YybvIjJNdTtORaoUg,1735,train,vest_on_body,CANONICAL_POLYGON,77987,78360,1,1,0,0,0,4.264009,37,0.994730799,0.997358440,0.992044702,0.992044702,0.000000000,-0.002686096,373,0.004782848,0.004782848,393,20,1.000,RASTER_BOUNDARY_DIFFERENCE
rGmTI5PGRqRSwShjd9Ud,1736,train,person,CANONICAL_POLYGON,75389,76373,1,1,0,0,0,6.262512,55,0.986933752,0.993423914,0.988140685,0.988140685,0.000000000,0.001206933,984,0.013052302,0.013052302,991,7,1.000,RASTER_BOUNDARY_DIFFERENCE
rGmTI5PGRqRSwShjd9Ud,1737,train,person,CANONICAL_POLYGON,59075,59768,1,1,0,0,0,6.290734,42,0.988105793,0.994017317,0.987112196,0.987112196,0.000000000,-0.000993597,693,0.011730851,0.011730851,702,9,1.000,RASTER_BOUNDARY_DIFFERENCE
rH8exgws1DxUXM1Sl2EC,1738,train,person,CANONICAL_POLYGON,172483,173470,1,1,0,0,0,5.732304,80,0.993873481,0.996927328,0.993030636,0.993030636,0.000000000,-0.000842845,987,0.005722303,0.005722303,1025,38,1.000,RASTER_BOUNDARY_DIFFERENCE
rH8exgws1DxUXM1Sl2EC,1739,train,person,CANONICAL_POLYGON,212497,213568,1,1,0,0,0,4.993086,79,0.994705007,0.997345475,0.994582649,0.994582649,0.000000000,-0.000122358,1071,0.005040071,0.005040071,1101,30,1.000,RASTER_BOUNDARY_DIFFERENCE
rH8exgws1DxUXM1Sl2EC,1740,train,vest_on_body,CANONICAL_POLYGON,98082,98988,1,1,0,0,0,6.468476,74,0.989862375,0.994905364,0.989198684,0.989198684,0.000000000,-0.000663691,906,0.009237169,0.009237169,955,49,1.000,RASTER_BOUNDARY_DIFFERENCE
rH8exgws1DxUXM1Sl2EC,1741,train,vest_on_body,CANONICAL_POLYGON,74972,75575,1,1,0,0,0,4.723841,46,0.991467803,0.995715624,0.990452261,0.990452261,0.000000000,-0.001015541,603,0.008043003,0.008043003,624,21,1.000,RASTER_BOUNDARY_DIFFERENCE
rTdiLvt8dIscf2PQBU1j,1742,train,helmet_on_head,CANONICAL_POLYGON,117904,118560,1,1,0,0,0,5.336432,51,0.994265088,0.997124298,0.993059299,0.993059299,0.000000000,-0.001205789,656,0.005563849,0.005563849,668,12,1.000,RASTER_BOUNDARY_DIFFERENCE
rTdiLvt8dIscf2PQBU1j,1743,train,person,CANONICAL_RLE,592659,592329,1,1,0,1,436,7.592579,1511,0.994674082,0.997329931,0.999264873,0.999264873,0.000000000,0.004590791,330,0.000556813,-0.000556813,1417,1747,0.000,RASTER_BOUNDARY_DIFFERENCE|HOLE_FILL_APPROXIMATION
reY8VQLEFB5lzBT6SyIc,1747,train,person,CANONICAL_POLYGON,1373038,1376041,1,1,0,0,0,5.418545,157,0.997488135,0.998742488,0.997577114,0.997577114,0.000000000,0.000088980,3003,0.002187121,0.002187121,3230,227,1.000,RASTER_BOUNDARY_DIFFERENCE
reY8VQLEFB5lzBT6SyIc,1748,train,helmet_on_head,CANONICAL_POLYGON,66724,67346,1,1,0,0,0,4.168279,29,0.990291262,0.995121951,0.990989384,0.990989384,0.000000000,0.000698121,622,0.009321983,0.009321983,638,16,1.000,RASTER_BOUNDARY_DIFFERENCE
rgmMTV7vKJ6wlhm6IioB,1749,train,person,CANONICAL_POLYGON,262080,263383,1,1,0,0,0,5.570339,94,0.994818043,0.997402291,0.994336729,0.994336729,0.000000000,-0.000481314,1303,0.004971764,0.004971764,1334,31,1.000,RASTER_BOUNDARY_DIFFERENCE
rgmMTV7vKJ6wlhm6IioB,1750,train,person,CANONICAL_POLYGON,17449,17775,1,1,0,0,0,6.192322,35,0.977321208,0.988530547,0.974908989,0.974908989,0.000000000,-0.002412219,326,0.018683019,0.018683019,365,39,1.000,RASTER_BOUNDARY_DIFFERENCE
rgmMTV7vKJ6wlhm6IioB,1751,train,helmet_on_head,CANONICAL_POLYGON,31144,31541,1,1,0,0,0,3.829811,23,0.986279667,0.993092446,0.989161184,0.989161184,0.000000000,0.002881517,397,0.012747239,0.012747239,415,18,1.000,RASTER_BOUNDARY_DIFFERENCE
sRXEOujQOUMfRHzPXYsE,1807,train,vest_on_body,CANONICAL_RLE,74290,74464,2,1,0,0,0,7.355412,761,0.987042825,0.993479167,0.999986539,0.999986539,0.000000000,0.012943714,174,0.002342173,0.002342173,572,398,1.000,RASTER_BOUNDARY_DIFFERENCE|MULTI_COMPONENT_APPROXIMATION
sRXEOujQOUMfRHzPXYsE,1808,train,vest_on_body,CANONICAL_RLE,27184,27480,3,3,1,0,0,9.473724,564,0.964846699,0.982108883,1.000000000,0.991971975,0.008028025,0.027125276,296,0.010888758,0.010888758,637,341,1.000,MULTI_COMPONENT_APPROXIMATION|COMPONENT_JOIN_APPROXIMATION
sRXEOujQOUMfRHzPXYsE,1809,train,helmet_on_head,CANONICAL_RLE,17610,17591,1,1,0,0,0,4.765977,264,0.982819805,0.991335473,1.000000000,1.000000000,0.000000000,0.017180195,19,0.001078932,-0.001078932,143,162,1.000,SERIALIZATION_ONLY
sRXEOujQOUMfRHzPXYsE,1810,train,helmet_on_head,CANONICAL_RLE,19060,19081,1,1,0,0,0,4.133047,283,0.985786432,0.992842348,1.000000000,1.000000000,0.000000000,0.014213568,21,0.001101784,0.001101784,147,126,1.000,SERIALIZATION_ONLY
sRXEOujQOUMfRHzPXYsE,1811,train,person,CANONICAL_RLE,245081,249769,1,1,0,2,4525,4.993742,932,0.977699179,0.988723856,0.981871429,0.981871429,0.000000000,0.004172251,4688,0.019128370,0.019128370,5134,446,1.000,RASTER_BOUNDARY_DIFFERENCE|HOLE_FILL_APPROXIMATION
sRXEOujQOUMfRHzPXYsE,1812,train,person,CANONICAL_RLE,133679,133940,4,3,1,0,0,8.063464,1062,0.987279640,0.993599109,0.999932675,0.998036332,0.001896343,0.010756692,261,0.001952438,0.001952438,987,726,1.000,RASTER_BOUNDARY_DIFFERENCE|MULTI_COMPONENT_APPROXIMATION|COMPONENT_JOIN_APPROXIMATION
sSsfNfmuKklWQnB6wgFb,1813,train,person,CANONICAL_RLE,73295,73212,1,1,0,3,72,8.513898,790,0.982718021,0.991283693,0.999018632,0.999018632,0.000000000,0.016300611,83,0.001132410,-0.001132410,597,680,1.000,RASTER_BOUNDARY_DIFFERENCE|HOLE_FILL_APPROXIMATION
sSsfNfmuKklWQnB6wgFb,1814,train,person,CANONICAL_RLE,143524,143953,2,2,1,2,568,6.162041,798,0.989308772,0.994625657,0.996058074,0.995760919,0.000297155,0.006452146,429,0.002989047,0.002989047,987,558,1.000,RASTER_BOUNDARY_DIFFERENCE|MULTI_COMPONENT_APPROXIMATION|COMPONENT_JOIN_APPROXIMATION|HOLE_FILL_APPROXIMATION
sSsfNfmuKklWQnB6wgFb,1815,train,person,CANONICAL_RLE,148445,148503,1,1,0,0,0,5.415491,868,0.992725613,0.996349529,1.000000000,1.000000000,0.000000000,0.007274387,58,0.000390717,0.000390717,571,513,1.000,SERIALIZATION_ONLY
sSsfNfmuKklWQnB6wgFb,1816,train,person,CANONICAL_RLE,183725,184172,10,10,1,2,11,8.594509,1609,0.988890451,0.994414197,0.999940131,0.998299264,0.001640867,0.009408814,447,0.002432984,0.002432984,1251,804,1.000,RASTER_BOUNDARY_DIFFERENCE|MULTI_COMPONENT_APPROXIMATION|COMPONENT_JOIN_APPROXIMATION|HOLE_FILL_APPROXIMATION
sSsfNfmuKklWQnB6wgFb,1817,train,person,CANONICAL_RLE,109759,109843,3,3,1,0,0,5.924522,732,0.990933899,0.995446307,1.000000000,0.999253466,0.000746534,0.008319567,84,0.000765313,0.000765313,542,458,1.000,MULTI_COMPONENT_APPROXIMATION|COMPONENT_JOIN_APPROXIMATION
sl5odNB8YRmCtgwWD7pE,1818,train,helmet_loose,CANONICAL_RLE,209464,209526,1,1,0,0,0,3.855932,777,0.996217102,0.998104967,1.000000000,1.000000000,0.000000000,0.003782898,62,0.000295994,0.000295994,428,366,0.000,SERIALIZATION_ONLY
szhdyw6JE1HhJo9ILihS,1819,train,person,CANONICAL_POLYGON,255504,257363,1,1,0,0,0,6.948555,123,0.992343223,0.996156898,0.992822818,0.992822818,0.000000000,0.000479595,1859,0.007275816,0.007275816,1915,56,1.000,RASTER_BOUNDARY_DIFFERENCE
szjOIXL0vHTzXnHCk2QD,1820,train,person,CANONICAL_POLYGON,90334,91099,1,1,0,0,0,6.316808,64,0.991077993,0.995519007,0.989183206,0.989183206,0.000000000,-0.001894787,765,0.008468572,0.008468572,789,24,1.000,RASTER_BOUNDARY_DIFFERENCE
szjOIXL0vHTzXnHCk2QD,1821,train,helmet_on_head,CANONICAL_POLYGON,3886,3954,1,1,0,0,0,3.930787,12,0.972823352,0.986224490,0.967016492,0.967016492,0.000000000,-0.005806860,68,0.017498713,0.017498713,88,20,1.000,RASTER_BOUNDARY_DIFFERENCE
szjOIXL0vHTzXnHCk2QD,1822,train,vest_on_body,CANONICAL_POLYGON,60436,61074,1,1,0,0,0,5.194769,44,0.989065134,0.994502510,0.988799555,0.988799555,0.000000000,-0.000265580,638,0.010556622,0.010556622,653,15,1.000,RASTER_BOUNDARY_DIFFERENCE
t3Bt4eQVavoJA4eXFvEO,1823,train,person,CANONICAL_POLYGON,11801,12127,1,1,0,0,0,6.538168,37,0.971654581,0.985623537,0.968883767,0.968883767,0.000000000,-0.002770815,326,0.027624778,0.027624778,335,9,1.000,RASTER_BOUNDARY_DIFFERENCE
t3Bt4eQVavoJA4eXFvEO,1824,train,vest_on_body,CANONICAL_POLYGON,2265,2318,1,1,0,0,0,3.948643,10,0.961900685,0.980580406,0.945217025,0.945217025,0.000000000,-0.016683660,53,0.023399558,0.023399558,71,18,1.000,RASTER_BOUNDARY_DIFFERENCE
tAHPTKhPWsGlGkTWoapB,1826,train,person,CANONICAL_POLYGON,46602,47148,1,1,0,0,0,6.439012,41,0.987449916,0.993685333,0.984874767,0.984874767,0.000000000,-0.002575149,546,0.011716235,0.011716235,569,23,1.000,RASTER_BOUNDARY_DIFFERENCE
tAHPTKhPWsGlGkTWoapB,1827,train,helmet_on_head,CANONICAL_POLYGON,10579,10687,1,1,0,0,0,4.069432,17,0.985250187,0.992570300,0.977470795,0.977470795,0.000000000,-0.007779391,108,0.010208904,0.010208904,133,25,1.000,RASTER_BOUNDARY_DIFFERENCE
tAHPTKhPWsGlGkTWoapB,1828,train,vest_on_body,CANONICAL_POLYGON,27645,28117,1,1,0,0,0,7.084331,47,0.982226014,0.991033320,0.978943637,0.978943637,0.000000000,-0.003282377,472,0.017073612,0.017073612,486,14,1.000,RASTER_BOUNDARY_DIFFERENCE
tgYP65AdeQ00p58sCuL0,1829,train,person,CANONICAL_RLE,166140,166068,1,1,0,0,0,5.002562,608,0.992789658,0.996381785,1.000000000,1.000000000,0.000000000,0.007210342,72,0.000433369,-0.000433369,565,637,1.000,SERIALIZATION_ONLY
tgYP65AdeQ00p58sCuL0,1830,train,person,CANONICAL_RLE,114190,114256,1,1,0,0,0,5.730430,862,0.991665286,0.995815204,1.000000000,1.000000000,0.000000000,0.008334714,66,0.000577984,0.000577984,511,445,1.000,SERIALIZATION_ONLY
tgYP65AdeQ00p58sCuL0,1831,train,person,CANONICAL_RLE,23574,23715,4,4,1,0,0,7.404071,417,0.974570963,0.987121741,1.000000000,0.997587914,0.002412086,0.023016951,141,0.005981166,0.005981166,375,234,1.000,MULTI_COMPONENT_APPROXIMATION|COMPONENT_JOIN_APPROXIMATION
tgYP65AdeQ00p58sCuL0,1832,train,person,CANONICAL_RLE,141958,142051,1,1,0,0,0,5.740624,942,0.992081027,0.996024774,1.000000000,1.000000000,0.000000000,0.007918973,93,0.000655123,0.000655123,611,518,1.000,SERIALIZATION_ONLY
tgYP65AdeQ00p58sCuL0,1833,train,person,CANONICAL_RLE,30906,31015,2,2,1,0,0,7.100200,464,0.979951397,0.989874195,1.000000000,0.999288670,0.000711330,0.019337273,109,0.003526823,0.003526823,368,259,0.000,MULTI_COMPONENT_APPROXIMATION|COMPONENT_JOIN_APPROXIMATION
tjHCOqwRIYw66vZcCHJp,1834,train,vest_on_body,CANONICAL_RLE,193846,193810,1,1,0,0,0,4.154083,646,0.995552353,0.997771220,1.000000000,1.000000000,0.000000000,0.004447647,36,0.000185714,-0.000185714,414,450,0.000,SERIALIZATION_ONLY
tjHCOqwRIYw66vZcCHJp,1835,train,helmet_on_head,CANONICAL_RLE,37320,37316,1,1,0,0,0,3.769672,286,0.991249133,0.995605338,1.000000000,1.000000000,0.000000000,0.008750867,4,0.000107181,-0.000107181,162,166,1.000,SERIALIZATION_ONLY
tjHCOqwRIYw66vZcCHJp,1836,train,person,CANONICAL_RLE,373033,374791,1,1,0,1,1836,4.615591,965,0.991679850,0.995822546,0.995102289,0.995102289,0.000000000,0.003422439,1758,0.004712720,0.004712720,2441,683,1.000,RASTER_BOUNDARY_DIFFERENCE|HOLE_FILL_APPROXIMATION
tqzQPhC5wHy3xDwCdFuo,1837,train,person,CANONICAL_POLYGON,55108,55774,1,1,0,0,0,5.509216,57,0.987845106,0.993885392,0.987980122,0.987980122,0.000000000,0.000135017,666,0.012085360,0.012085360,672,6,1.000,RASTER_BOUNDARY_DIFFERENCE
tqzQPhC5wHy3xDwCdFuo,1838,train,helmet_on_head,CANONICAL_POLYGON,2410,2473,1,1,0,0,0,4.191778,12,0.971336294,0.985459758,0.953460621,0.953460621,0.000000000,-0.017875673,63,0.026141079,0.026141079,67,4,1.000,RASTER_BOUNDARY_DIFFERENCE
tqzQPhC5wHy3xDwCdFuo,1839,train,vest_on_body,CANONICAL_POLYGON,17468,17690,1,1,0,0,0,4.674766,25,0.986888952,0.993401217,0.980874163,0.980874163,0.000000000,-0.006014788,222,0.012708954,0.012708954,227,5,1.000,RASTER_BOUNDARY_DIFFERENCE
uZZkiFjkPxvryVuQh0S0,1851,train,person,CANONICAL_POLYGON,115993,116975,1,1,0,0,0,7.526012,77,0.991213525,0.995587377,0.988452321,0.988452321,0.000000000,-0.002761204,982,0.008466028,0.008466028,1005,23,1.000,RASTER_BOUNDARY_DIFFERENCE
uZZkiFjkPxvryVuQh0S0,1852,train,person,CANONICAL_POLYGON,125897,126676,1,1,0,0,0,6.714288,81,0.993158144,0.996567329,0.990381588,0.990381588,0.000000000,-0.002776556,779,0.006187598,0.006187598,823,44,0.000,RASTER_BOUNDARY_DIFFERENCE
uZZkiFjkPxvryVuQh0S0,1853,train,person,CANONICAL_POLYGON,129010,130306,1,1,0,0,0,5.789047,76,0.989748784,0.994847985,0.991755368,0.991755368,0.000000000,0.002006584,1296,0.010045733,0.010045733,1316,20,1.000,RASTER_BOUNDARY_DIFFERENCE
v1m3svUyUjC30E9pB92L,1854,train,person,CANONICAL_POLYGON,45350,45824,1,1,0,0,0,6.958752,53,0.988310980,0.994121131,0.983606201,0.983606201,0.000000000,-0.004704779,474,0.010452040,0.010452040,505,31,1.000,RASTER_BOUNDARY_DIFFERENCE
v1m3svUyUjC30E9pB92L,1855,train,helmet_on_head,CANONICAL_POLYGON,1457,1526,1,1,0,0,0,3.808037,11,0.954783748,0.976868924,0.948298429,0.948298429,0.000000000,-0.006485319,69,0.047357584,0.047357584,69,0,1.000,RASTER_BOUNDARY_DIFFERENCE
v1m3svUyUjC30E9pB92L,1856,train,vest_on_body,CANONICAL_POLYGON,11014,11243,1,1,0,0,0,4.707179,22,0.979455710,0.989621243,0.977343403,0.977343403,0.000000000,-0.002112307,229,0.020791720,0.020791720,230,1,2.000,RASTER_BOUNDARY_DIFFERENCE
vYEZdbnXgIU3r7Aa4AWT,1857,train,person,CANONICAL_POLYGON,702407,704065,1,1,0,0,0,4.573054,86,0.997455023,0.998725890,0.996962968,0.996962968,0.000000000,-0.000492055,1658,0.002360455,0.002360455,1725,67,1.000,RASTER_BOUNDARY_DIFFERENCE
vYEZdbnXgIU3r7Aa4AWT,1858,train,helmet_on_head,CANONICAL_POLYGON,43981,44283,1,1,0,0,0,4.105388,28,0.992100571,0.996034623,0.989370566,0.989370566,0.000000000,-0.002730005,302,0.006866601,0.006866601,326,24,0.000,RASTER_BOUNDARY_DIFFERENCE
vYEZdbnXgIU3r7Aa4AWT,1859,train,vest_on_body,CANONICAL_POLYGON,356454,358190,1,1,0,0,0,6.217889,146,0.994908356,0.997447680,0.994857665,0.994857665,0.000000000,-0.000050691,1736,0.004870194,0.004870194,1780,44,1.000,RASTER_BOUNDARY_DIFFERENCE
vYEZdbnXgIU3r7Aa4AWT,1860,train,vest_on_body,CANONICAL_POLYGON,624,687,1,1,0,0,0,5.261755,11,0.905523256,0.950419527,0.928571429,0.928571429,0.000000000,0.023048173,63,0.100961538,0.100961538,64,1,0.000,RASTER_BOUNDARY_DIFFERENCE|SMALL_MASK_SENSITIVITY
va1h7fuyzlYl8u8358Qx,1861,train,person,CANONICAL_POLYGON,276811,278785,1,1,0,0,0,7.833395,99,0.992476161,0.996223875,0.992421797,0.992421797,0.000000000,-0.000054364,1974,0.007131219,0.007131219,2036,62,1.000,RASTER_BOUNDARY_DIFFERENCE
vh2ww5CJ1DQeofRTmQMg,1862,train,helmet_on_head,CANONICAL_RLE,1630,1633,1,1,0,0,0,4.479520,79,0.943418702,0.970885688,1.000000000,1.000000000,0.000000000,0.056581298,3,0.001840491,0.001840491,49,46,1.000,SERIALIZATION_ONLY
vh2ww5CJ1DQeofRTmQMg,1863,train,helmet_on_head,CANONICAL_RLE,2134,2132,1,1,0,0,0,4.138867,91,0.964088398,0.981715893,1.000000000,1.000000000,0.000000000,0.035911602,2,0.000937207,-0.000937207,38,40,0.000,SERIALIZATION_ONLY
vh2ww5CJ1DQeofRTmQMg,1864,train,person,CANONICAL_RLE,37570,37675,1,1,0,0,0,7.141469,535,0.982165907,0.991002724,1.000000000,1.000000000,0.000000000,0.017834093,105,0.002794783,0.002794783,391,286,1.000,SERIALIZATION_ONLY
vh2ww5CJ1DQeofRTmQMg,1865,train,person,CANONICAL_RLE,5361,5379,1,1,0,0,0,5.219274,145,0.966672771,0.983054004,1.000000000,1.000000000,0.000000000,0.033327229,18,0.003357583,0.003357583,100,82,0.000,SERIALIZATION_ONLY
vh2ww5CJ1DQeofRTmQMg,1866,train,person,CANONICAL_RLE,42452,42569,1,1,0,0,0,6.696038,563,0.985961552,0.992931158,1.000000000,1.000000000,0.000000000,0.014038448,117,0.002756054,0.002756054,359,242,1.000,SERIALIZATION_ONLY
vhz25WpcjcQ6mGS8YP5I,1867,train,person,CANONICAL_RLE,264841,265340,4,4,1,2,325,8.719832,1428,0.990273513,0.995112990,0.998774353,0.998269883,0.000504470,0.007996370,499,0.001884149,0.001884149,1545,1046,1.000,RASTER_BOUNDARY_DIFFERENCE|MULTI_COMPONENT_APPROXIMATION|COMPONENT_JOIN_APPROXIMATION|HOLE_FILL_APPROXIMATION
vhz25WpcjcQ6mGS8YP5I,1868,train,helmet_loose,CANONICAL_RLE,12478,12540,2,2,1,0,0,6.715888,232,0.970386706,0.984970821,1.000000000,0.996088449,0.003911551,0.025701743,62,0.004968745,0.004968745,219,157,1.000,MULTI_COMPONENT_APPROXIMATION|COMPONENT_JOIN_APPROXIMATION
vz16uUIqOlsdLgROccQ3,1907,train,vest_on_body,CANONICAL_POLYGON,128360,129152,1,1,0,0,0,4.761098,59,0.993327502,0.996652583,0.993140822,0.993140822,0.000000000,-0.000186680,792,0.006170146,0.006170146,827,35,1.000,RASTER_BOUNDARY_DIFFERENCE
vz16uUIqOlsdLgROccQ3,1908,train,person,CANONICAL_RLE,220642,220875,3,3,1,0,0,6.559121,1051,0.993196757,0.996586768,1.000000000,0.999714551,0.000285449,0.006517794,233,0.001056009,0.001056009,870,637,1.000,MULTI_COMPONENT_APPROXIMATION|COMPONENT_JOIN_APPROXIMATION
wFFDRQDkZr4rERlpbwFV,1909,train,helmet_loose,CANONICAL_RLE,196621,196692,1,1,0,0,0,3.903742,818,0.996056738,0.998024474,1.000000000,1.000000000,0.000000000,0.003943262,71,0.000361101,0.000361101,424,353,1.000,SERIALIZATION_ONLY
wYXa9TLh0h7ZFuKLZ9KA,1919,train,person,CANONICAL_POLYGON,91433,92230,1,1,0,0,0,5.474592,54,0.990991577,0.995475409,0.990858816,0.990858816,0.000000000,-0.000132761,797,0.008716765,0.008716765,814,17,1.000,RASTER_BOUNDARY_DIFFERENCE
wYXa9TLh0h7ZFuKLZ9KA,1920,train,vest_on_body,CANONICAL_POLYGON,30121,30338,1,1,0,0,0,5.028549,36,0.991468757,0.995716105,0.985945486,0.985945486,0.000000000,-0.005523272,217,0.007204276,0.007204276,238,21,1.000,RASTER_BOUNDARY_DIFFERENCE
x9uzQ6SwddanWcvV1McI,1923,train,vest_on_body,CANONICAL_RLE,4616,4625,1,1,0,1,2,4.896788,149,0.968264111,0.983876204,0.999566912,0.999566912,0.000000000,0.031302801,9,0.001949740,0.001949740,79,70,1.000,RASTER_BOUNDARY_DIFFERENCE|HOLE_FILL_APPROXIMATION
x9uzQ6SwddanWcvV1McI,1924,train,vest_on_body,CANONICAL_RLE,1965,2005,1,1,0,1,1,5.305383,108,0.949901768,0.974307305,0.999491353,0.999491353,0.000000000,0.049589585,40,0.020356234,0.020356234,71,31,1.000,RASTER_BOUNDARY_DIFFERENCE|HOLE_FILL_APPROXIMATION
x9uzQ6SwddanWcvV1McI,1925,train,vest_on_body,CANONICAL_RLE,2580,2605,1,1,0,0,0,5.399287,114,0.957342393,0.978206365,1.000000000,1.000000000,0.000000000,0.042657607,25,0.009689922,0.009689922,69,44,1.000,SERIALIZATION_ONLY
x9uzQ6SwddanWcvV1McI,1926,train,vest_on_body,CANONICAL_RLE,4029,4100,1,1,0,3,55,6.441607,173,0.943806791,0.971091155,0.986532811,0.986532811,0.000000000,0.042726020,71,0.017622239,0.017622239,153,82,1.000,RASTER_BOUNDARY_DIFFERENCE|HOLE_FILL_APPROXIMATION
x9uzQ6SwddanWcvV1McI,1927,train,vest_on_body,CANONICAL_RLE,1976,2047,3,3,1,1,5,7.222059,147,0.903928064,0.949540144,0.997476022,0.980158730,0.017317292,0.076230666,71,0.035931174,0.035931174,137,66,1.000,RASTER_BOUNDARY_DIFFERENCE|MULTI_COMPONENT_APPROXIMATION|COMPONENT_JOIN_APPROXIMATION|HOLE_FILL_APPROXIMATION
x9uzQ6SwddanWcvV1McI,1928,train,vest_on_body,CANONICAL_RLE,2368,2478,4,4,1,0,0,8.508650,190,0.892229598,0.943045811,1.000000000,0.979726934,0.020273066,0.087497336,110,0.046452703,0.046452703,193,83,1.000,MULTI_COMPONENT_APPROXIMATION|COMPONENT_JOIN_APPROXIMATION
x9uzQ6SwddanWcvV1McI,1929,train,vest_on_body,CANONICAL_RLE,3093,3129,2,2,1,1,22,5.253400,122,0.943767573,0.971070395,0.992937400,0.990393852,0.002543548,0.046626279,36,0.011639185,0.011639185,108,72,1.000,RASTER_BOUNDARY_DIFFERENCE|MULTI_COMPONENT_APPROXIMATION|COMPONENT_JOIN_APPROXIMATION|HOLE_FILL_APPROXIMATION
x9uzQ6SwddanWcvV1McI,1930,train,person,CANONICAL_RLE,9325,9319,1,1,0,0,0,5.455524,207,0.967496834,0.983479940,1.000000000,1.000000000,0.000000000,0.032503166,6,0.000643432,-0.000643432,151,157,1.000,SERIALIZATION_ONLY
x9uzQ6SwddanWcvV1McI,1931,train,person,CANONICAL_RLE,11037,11100,2,2,1,0,0,6.927554,268,0.967033943,0.983240728,1.000000000,0.999818824,0.000181176,0.032784881,63,0.005708073,0.005708073,217,154,1.000,MULTI_COMPONENT_APPROXIMATION|COMPONENT_JOIN_APPROXIMATION
x9uzQ6SwddanWcvV1McI,1932,train,person,CANONICAL_RLE,15449,15518,1,1,0,0,0,6.765146,404,0.973425950,0.986534052,1.000000000,1.000000000,0.000000000,0.026574050,69,0.004466308,0.004466308,243,174,0.000,SERIALIZATION_ONLY
x9uzQ6SwddanWcvV1McI,1933,train,person,CANONICAL_RLE,8347,8368,1,1,0,0,0,4.717713,158,0.972504130,0.986060425,1.000000000,1.000000000,0.000000000,0.027495870,21,0.002515874,0.002515874,127,106,1.000,SERIALIZATION_ONLY
x9uzQ6SwddanWcvV1McI,1934,train,person,CANONICAL_RLE,14223,14303,1,1,0,2,46,7.982170,353,0.966361067,0.982892800,0.996776228,0.996776228,0.000000000,0.030415161,80,0.005624692,0.005624692,284,204,1.000,RASTER_BOUNDARY_DIFFERENCE|HOLE_FILL_APPROXIMATION
x9uzQ6SwddanWcvV1McI,1935,train,person,CANONICAL_RLE,13313,13338,2,2,1,0,0,7.302552,355,0.966283016,0.982852426,1.000000000,0.998799610,0.001200390,0.032516594,25,0.001877864,0.001877864,241,216,1.000,MULTI_COMPONENT_APPROXIMATION|COMPONENT_JOIN_APPROXIMATION
x9uzQ6SwddanWcvV1McI,1936,train,person,CANONICAL_RLE,17394,17445,1,1,0,0,0,6.921806,400,0.974440351,0.987054738,1.000000000,1.000000000,0.000000000,0.025559649,51,0.002932046,0.002932046,251,200,1.000,SERIALIZATION_ONLY
x9uzQ6SwddanWcvV1McI,1937,train,person,CANONICAL_RLE,14879,14895,1,1,0,0,0,7.206346,392,0.970483124,0.985020488,1.000000000,1.000000000,0.000000000,0.029516876,16,0.001075341,0.001075341,231,215,1.000,SERIALIZATION_ONLY
x9uzQ6SwddanWcvV1McI,1938,train,person,CANONICAL_RLE,15018,15048,1,1,0,0,0,7.503961,375,0.968958743,0.984234684,1.000000000,1.000000000,0.000000000,0.031041257,30,0.001997603,0.001997603,252,222,1.000,SERIALIZATION_ONLY
x9uzQ6SwddanWcvV1McI,1939,train,person,CANONICAL_RLE,8027,8060,1,1,0,0,0,6.589944,248,0.966866365,0.983154100,1.000000000,1.000000000,0.000000000,0.033133635,33,0.004111125,0.004111125,152,119,1.000,SERIALIZATION_ONLY
x9uzQ6SwddanWcvV1McI,1940,train,person,CANONICAL_RLE,2201,2222,1,1,0,0,0,4.283366,75,0.966651845,0.983043183,1.000000000,1.000000000,0.000000000,0.033348155,21,0.009541118,0.009541118,48,27,1.000,SERIALIZATION_ONLY
x9uzQ6SwddanWcvV1McI,1941,train,helmet_on_head,CANONICAL_RLE,1293,1341,1,1,0,1,3,3.791221,41,0.949666913,0.974183751,0.997685185,0.997685185,0.000000000,0.048018272,48,0.037122970,0.037122970,58,10,1.000,RASTER_BOUNDARY_DIFFERENCE|HOLE_FILL_APPROXIMATION
x9uzQ6SwddanWcvV1McI,1942,train,helmet_on_head,CANONICAL_RLE,928,922,1,1,0,0,0,3.849078,48,0.943277311,0.970810811,1.000000000,1.000000000,0.000000000,0.056722689,6,0.006465517,-0.006465517,24,30,1.000,SERIALIZATION_ONLY|SMALL_MASK_SENSITIVITY
x9uzQ6SwddanWcvV1McI,1943,train,helmet_on_head,CANONICAL_RLE,1309,1308,1,1,0,0,0,3.696510,61,0.950074516,0.974398166,1.000000000,1.000000000,0.000000000,0.049925484,1,0.000763942,-0.000763942,33,34,1.000,SERIALIZATION_ONLY
x9uzQ6SwddanWcvV1McI,1944,train,helmet_on_head,CANONICAL_RLE,1250,1282,1,1,0,0,0,3.913625,52,0.952197379,0.975513428,1.000000000,1.000000000,0.000000000,0.047802621,32,0.025600000,0.025600000,47,15,1.000,SERIALIZATION_ONLY
x9uzQ6SwddanWcvV1McI,1945,train,helmet_on_head,CANONICAL_RLE,824,809,1,1,0,0,0,3.896153,46,0.916666667,0.956521739,1.000000000,1.000000000,0.000000000,0.083333333,15,0.018203883,-0.018203883,28,43,1.000,SERIALIZATION_ONLY|SMALL_MASK_SENSITIVITY
x9uzQ6SwddanWcvV1McI,1946,train,helmet_on_head,CANONICAL_RLE,1043,1032,1,1,0,0,0,3.718265,57,0.946529081,0.972530120,1.000000000,1.000000000,0.000000000,0.053470919,11,0.010546500,-0.010546500,23,34,1.000,SERIALIZATION_ONLY
x9uzQ6SwddanWcvV1McI,1947,train,helmet_on_head,CANONICAL_POLYGON,491,569,1,1,0,0,0,4.606953,8,0.862917399,0.926415094,0.883636364,0.883636364,0.000000000,0.020718965,78,0.158859470,0.158859470,78,0,1.000,RASTER_BOUNDARY_DIFFERENCE|SMALL_MASK_SENSITIVITY
x9uzQ6SwddanWcvV1McI,1948,train,helmet_on_head,CANONICAL_POLYGON,132,176,1,1,0,0,0,5.306806,4,0.750000000,0.857142857,0.784431138,0.784431138,0.000000000,0.034431138,44,0.333333333,0.333333333,44,0,2.000,RASTER_BOUNDARY_DIFFERENCE|SMALL_MASK_SENSITIVITY
xCsoN8tQQsB259iyGJJD,1949,train,vest_loose,CANONICAL_RLE,2250665,2251749,7,7,1,1,256,10.098325,5332,0.996127815,0.998060152,0.999886269,0.999453793,0.000432475,0.003325978,1084,0.000481635,0.000481635,4909,3825,1.000,RASTER_BOUNDARY_DIFFERENCE|MULTI_COMPONENT_APPROXIMATION|COMPONENT_JOIN_APPROXIMATION|HOLE_FILL_APPROXIMATION
xwPbKAjD2vxaff0GdKp1,1973,train,helmet_loose,CANONICAL_POLYGON,3538,3631,1,1,0,0,0,4.296140,7,0.974387221,0.987027479,0.967186218,0.967186218,0.000000000,-0.007201003,93,0.026286037,0.026286037,93,0,1.000,RASTER_BOUNDARY_DIFFERENCE
xwPbKAjD2vxaff0GdKp1,1974,train,helmet_loose,CANONICAL_POLYGON,2855,2889,1,1,0,0,0,4.260022,11,0.980689655,0.990250696,0.957604307,0.957604307,0.000000000,-0.023085348,34,0.011908932,0.011908932,45,11,1.000,RASTER_BOUNDARY_DIFFERENCE
xwPbKAjD2vxaff0GdKp1,1975,train,helmet_loose,CANONICAL_POLYGON,10373,10538,1,1,0,0,0,3.943762,14,0.981709629,0.990770408,0.977315690,0.977315690,0.000000000,-0.004393939,165,0.015906681,0.015906681,179,14,1.000,RASTER_BOUNDARY_DIFFERENCE
xwPbKAjD2vxaff0GdKp1,1976,train,helmet_loose,CANONICAL_POLYGON,1541,1598,1,1,0,0,0,5.984161,5,0.963101939,0.981204205,0.921733895,0.921733895,0.000000000,-0.041368043,57,0.036988968,0.036988968,58,1,2.000,RASTER_BOUNDARY_DIFFERENCE
xwPbKAjD2vxaff0GdKp1,1977,train,helmet_loose,CANONICAL_POLYGON,7317,7394,1,1,0,0,0,3.904026,14,0.987704364,0.993814153,0.976996121,0.976996121,0.000000000,-0.010708243,77,0.010523439,0.010523439,84,7,0.000,RASTER_BOUNDARY_DIFFERENCE
xwPbKAjD2vxaff0GdKp1,1978,train,helmet_loose,CANONICAL_POLYGON,2711,2859,1,1,0,0,0,6.037719,12,0.945511701,0.971992819,0.940111421,0.940111421,0.000000000,-0.005400280,148,0.054592401,0.054592401,152,4,1.000,RASTER_BOUNDARY_DIFFERENCE
xwPbKAjD2vxaff0GdKp1,1979,train,helmet_loose,CANONICAL_POLYGON,11156,11369,1,1,0,0,0,4.223068,17,0.978306692,0.989034406,0.978467217,0.978467217,0.000000000,0.000160525,213,0.019092865,0.019092865,230,17,2.000,RASTER_BOUNDARY_DIFFERENCE
xwPbKAjD2vxaff0GdKp1,1980,train,helmet_loose,CANONICAL_POLYGON,5627,5811,1,1,0,0,0,6.048103,18,0.963605150,0.981465291,0.959438645,0.959438645,0.000000000,-0.004166506,184,0.032699485,0.032699485,198,14,1.000,RASTER_BOUNDARY_DIFFERENCE
xwPbKAjD2vxaff0GdKp1,1981,train,helmet_loose,CANONICAL_POLYGON,7255,7413,1,1,0,0,0,4.181320,11,0.978152394,0.988955549,0.972674653,0.972674653,0.000000000,-0.005477740,158,0.021778084,0.021778084,160,2,1.000,RASTER_BOUNDARY_DIFFERENCE
xwPbKAjD2vxaff0GdKp1,1982,train,helmet_loose,CANONICAL_POLYGON,4303,4396,1,1,0,0,0,4.834346,13,0.974353155,0.987010001,0.957318436,0.957318436,0.000000000,-0.017034719,93,0.021612828,0.021612828,103,10,1.000,RASTER_BOUNDARY_DIFFERENCE
xwPbKAjD2vxaff0GdKp1,1983,train,helmet_loose,CANONICAL_POLYGON,6419,6527,1,1,0,0,0,3.898076,9,0.981935089,0.990885216,0.971905847,0.971905847,0.000000000,-0.010029242,108,0.016825051,0.016825051,113,5,1.000,RASTER_BOUNDARY_DIFFERENCE
xwPbKAjD2vxaff0GdKp1,1984,train,helmet_loose,CANONICAL_POLYGON,9318,9494,1,1,0,0,0,3.836642,13,0.977920303,0.988836913,0.978642820,0.978642820,0.000000000,0.000722517,176,0.018888173,0.018888173,193,17,1.000,RASTER_BOUNDARY_DIFFERENCE
xwPbKAjD2vxaff0GdKp1,1985,train,helmet_loose,CANONICAL_POLYGON,4808,5038,1,1,0,0,0,4.450448,14,0.954346963,0.976640260,0.965600483,0.965600483,0.000000000,0.011253520,230,0.047836938,0.047836938,230,0,1.000,RASTER_BOUNDARY_DIFFERENCE
xwPbKAjD2vxaff0GdKp1,1986,train,helmet_loose,CANONICAL_POLYGON,5764,5843,1,1,0,0,0,4.307590,12,0.984441785,0.992159904,0.967807180,0.967807180,0.000000000,-0.016634605,79,0.013705760,0.013705760,85,6,0.000,RASTER_BOUNDARY_DIFFERENCE
xwPbKAjD2vxaff0GdKp1,1987,train,helmet_loose,CANONICAL_POLYGON,9178,9347,1,1,0,0,0,3.855663,12,0.978743858,0.989257760,0.980222365,0.980222365,0.000000000,0.001478507,169,0.018413598,0.018413598,184,15,1.000,RASTER_BOUNDARY_DIFFERENCE
xwPbKAjD2vxaff0GdKp1,1988,train,helmet_loose,CANONICAL_POLYGON,7284,7520,1,1,0,0,0,3.961107,13,0.967831982,0.983653067,0.974644486,0.974644486,0.000000000,0.006812504,236,0.032399780,0.032399780,239,3,1.000,RASTER_BOUNDARY_DIFFERENCE
xwPbKAjD2vxaff0GdKp1,1989,train,helmet_loose,CANONICAL_POLYGON,6896,7043,1,1,0,0,0,4.463919,10,0.977443609,0.988593156,0.971319582,0.971319582,0.000000000,-0.006124027,147,0.021316705,0.021316705,153,6,1.000,RASTER_BOUNDARY_DIFFERENCE
xwPbKAjD2vxaff0GdKp1,1990,train,helmet_loose,CANONICAL_POLYGON,4954,5028,1,1,0,0,0,4.437170,10,0.983310153,0.991584853,0.964600039,0.964600039,0.000000000,-0.018710114,74,0.014937424,0.014937424,79,5,1.000,RASTER_BOUNDARY_DIFFERENCE
xwPbKAjD2vxaff0GdKp1,1991,train,helmet_loose,CANONICAL_POLYGON,5578,5724,1,1,0,0,0,4.162687,11,0.974493361,0.987081932,0.968450410,0.968450410,0.000000000,-0.006042952,146,0.026174256,0.026174256,146,0,0.000,RASTER_BOUNDARY_DIFFERENCE
xwPbKAjD2vxaff0GdKp1,1992,train,helmet_loose,CANONICAL_POLYGON,10012,10149,1,1,0,0,0,3.790519,14,0.983179225,0.991518278,0.977179236,0.977179236,0.000000000,-0.005999989,137,0.013683580,0.013683580,154,17,1.000,RASTER_BOUNDARY_DIFFERENCE
xwPbKAjD2vxaff0GdKp1,1993,train,helmet_loose,CANONICAL_POLYGON,9438,9536,1,1,0,0,0,3.834652,15,0.985766614,0.992832297,0.979099511,0.979099511,0.000000000,-0.006667103,98,0.010383556,0.010383556,117,19,1.000,RASTER_BOUNDARY_DIFFERENCE
xwPbKAjD2vxaff0GdKp1,1994,train,helmet_loose,CANONICAL_POLYGON,7068,7142,1,1,0,0,0,4.021468,12,0.984636872,0.992258973,0.974015204,0.974015204,0.000000000,-0.010621668,74,0.010469723,0.010469723,92,18,1.000,RASTER_BOUNDARY_DIFFERENCE
xwPbKAjD2vxaff0GdKp1,1995,train,helmet_loose,CANONICAL_POLYGON,8957,9211,1,1,0,0,0,4.168285,12,0.971140284,0.985358873,0.979652117,0.979652117,0.000000000,0.008511833,254,0.028357709,0.028357709,260,6,1.000,RASTER_BOUNDARY_DIFFERENCE
xwPbKAjD2vxaff0GdKp1,1996,train,helmet_loose,CANONICAL_POLYGON,6710,6900,1,1,0,0,0,4.268641,11,0.971892205,0.985745775,0.971254355,0.971254355,0.000000000,-0.000637850,190,0.028315946,0.028315946,192,2,1.000,RASTER_BOUNDARY_DIFFERENCE
xwPbKAjD2vxaff0GdKp1,1997,train,helmet_loose,CANONICAL_POLYGON,11854,12084,1,1,0,0,0,3.781797,13,0.980966567,0.990391846,0.979938655,0.979938655,0.000000000,-0.001027912,230,0.019402733,0.019402733,230,0,1.000,RASTER_BOUNDARY_DIFFERENCE
xwPbKAjD2vxaff0GdKp1,1998,train,helmet_loose,CANONICAL_POLYGON,12359,12575,1,1,0,0,0,3.817843,15,0.982823062,0.991337130,0.979887113,0.979887113,0.000000000,-0.002935948,216,0.017477142,0.017477142,216,0,1.000,RASTER_BOUNDARY_DIFFERENCE
xwPbKAjD2vxaff0GdKp1,1999,train,helmet_loose,CANONICAL_POLYGON,8277,8476,1,1,0,0,0,3.868040,17,0.976055674,0.987882767,0.974819719,0.974819719,0.000000000,-0.001235955,199,0.024042527,0.024042527,201,2,1.000,RASTER_BOUNDARY_DIFFERENCE
xwPbKAjD2vxaff0GdKp1,2000,train,helmet_loose,CANONICAL_POLYGON,8057,8184,1,1,0,0,0,3.998151,12,0.983512457,0.991687704,0.978482859,0.978482859,0.000000000,-0.005029598,127,0.015762691,0.015762691,131,4,1.000,RASTER_BOUNDARY_DIFFERENCE
xwPbKAjD2vxaff0GdKp1,2001,train,helmet_loose,CANONICAL_POLYGON,11118,11300,1,1,0,0,0,3.770055,13,0.983367248,0.991613882,0.980643451,0.980643451,0.000000000,-0.002723797,182,0.016369851,0.016369851,185,3,1.000,RASTER_BOUNDARY_DIFFERENCE
xwPbKAjD2vxaff0GdKp1,2002,train,helmet_loose,CANONICAL_POLYGON,5822,5885,1,1,0,0,0,3.989755,7,0.988281250,0.994106090,0.971084740,0.971084740,0.000000000,-0.017196510,63,0.010821024,0.010821024,66,3,0.000,RASTER_BOUNDARY_DIFFERENCE
xwPbKAjD2vxaff0GdKp1,2003,train,helmet_loose,CANONICAL_POLYGON,8720,8874,1,1,0,0,0,4.131084,15,0.981975893,0.990905991,0.977216611,0.977216611,0.000000000,-0.004759282,154,0.017660550,0.017660550,157,3,1.000,RASTER_BOUNDARY_DIFFERENCE
xwPbKAjD2vxaff0GdKp1,2004,train,helmet_loose,CANONICAL_POLYGON,10913,11067,1,1,0,0,0,3.791199,17,0.983396499,0.991628753,0.980909500,0.980909500,0.000000000,-0.002486999,154,0.014111610,0.014111610,169,15,1.000,RASTER_BOUNDARY_DIFFERENCE
xwPbKAjD2vxaff0GdKp1,2005,train,helmet_loose,CANONICAL_POLYGON,4718,4928,1,1,0,0,0,4.278883,9,0.955798865,0.977399959,0.969940292,0.969940292,0.000000000,0.014141428,210,0.044510386,0.044510386,214,4,2.000,RASTER_BOUNDARY_DIFFERENCE
xwPbKAjD2vxaff0GdKp1,2006,train,helmet_loose,CANONICAL_POLYGON,8242,8330,1,1,0,0,0,3.997085,11,0.986573963,0.993241612,0.972485769,0.972485769,0.000000000,-0.014088195,88,0.010677020,0.010677020,100,12,1.000,RASTER_BOUNDARY_DIFFERENCE
xwPbKAjD2vxaff0GdKp1,2007,train,helmet_loose,CANONICAL_POLYGON,6440,6616,1,1,0,0,0,4.085565,11,0.973397823,0.986519608,0.973169623,0.973169623,0.000000000,-0.000228201,176,0.027329193,0.027329193,176,0,1.000,RASTER_BOUNDARY_DIFFERENCE
y3fseRK4akRrTNtrmPfb,2008,train,person,CANONICAL_POLYGON,332073,333341,1,1,0,0,0,4.925387,81,0.995782970,0.997887030,0.995480460,0.995480460,0.000000000,-0.000302510,1268,0.003818438,0.003818438,1337,69,1.000,RASTER_BOUNDARY_DIFFERENCE
y3fseRK4akRrTNtrmPfb,2009,train,helmet_on_head,CANONICAL_POLYGON,20514,20873,1,1,0,0,0,4.941484,25,0.981471729,0.990649238,0.981448636,0.981448636,0.000000000,-0.000023093,359,0.017500244,0.017500244,373,14,1.000,RASTER_BOUNDARY_DIFFERENCE
y3fseRK4akRrTNtrmPfb,2010,train,vest_on_body,CANONICAL_RLE,117085,117547,5,4,1,0,0,8.105210,890,0.984605755,0.992243172,0.999948755,0.997146848,0.002801907,0.012541093,462,0.003945851,0.003945851,1141,679,1.000,RASTER_BOUNDARY_DIFFERENCE|MULTI_COMPONENT_APPROXIMATION|COMPONENT_JOIN_APPROXIMATION
ySDlICqH087yeYmYSVbI,2012,train,helmet_loose,CANONICAL_POLYGON,783328,784422,1,1,0,0,0,3.781963,56,0.998286910,0.999142720,0.997519796,0.997519796,0.000000000,-0.000767114,1094,0.001396605,0.001396605,1219,125,1.000,RASTER_BOUNDARY_DIFFERENCE
ySDlICqH087yeYmYSVbI,2013,train,person,CANONICAL_POLYGON,995097,997225,1,1,0,0,0,5.655325,80,0.997817997,0.998907807,0.997276004,0.997276004,0.000000000,-0.000541993,2128,0.002138485,0.002138485,2152,24,1.000,RASTER_BOUNDARY_DIFFERENCE
yeO7WH7v2BmSeIvpsQxr,2014,train,person,CANONICAL_RLE,239237,238657,1,1,0,0,0,7.555554,1216,0.991590125,0.995777306,1.000000000,1.000000000,0.000000000,0.008409875,580,0.002424374,-0.002424374,719,1299,1.000,SERIALIZATION_ONLY
yeO7WH7v2BmSeIvpsQxr,2015,train,helmet_loose,CANONICAL_RLE,82638,82638,1,1,0,0,0,3.988315,497,0.993078083,0.996527021,1.000000000,1.000000000,0.000000000,0.006921917,0,0.000000000,0.000000000,287,287,1.000,SERIALIZATION_ONLY
ymICdUCkVq8IfApx2TvK,2016,train,person,CANONICAL_POLYGON,330651,331224,1,1,0,0,0,4.853618,63,0.998209725,0.999104060,0.995305546,0.995305546,0.000000000,-0.002904179,573,0.001732945,0.001732945,583,10,1.000,RASTER_BOUNDARY_DIFFERENCE
ymICdUCkVq8IfApx2TvK,2017,train,helmet_loose,CANONICAL_POLYGON,57718,57988,1,1,0,0,0,3.857506,32,0.993934067,0.996957807,0.991524841,0.991524841,0.000000000,-0.002409226,270,0.004677917,0.004677917,311,41,1.000,RASTER_BOUNDARY_DIFFERENCE
zIjMWx3EGNSbPhJ6eyDE,2025,train,helmet_on_head,CANONICAL_POLYGON,65142,65547,1,1,0,0,0,4.063471,32,0.993365059,0.996671487,0.991650923,0.991650923,0.000000000,-0.001714136,405,0.006217187,0.006217187,420,15,1.000,RASTER_BOUNDARY_DIFFERENCE
zIjMWx3EGNSbPhJ6eyDE,2026,train,vest_on_body,CANONICAL_POLYGON,140265,141773,1,1,0,0,0,9.153573,142,0.988283398,0.994107177,0.987285926,0.987285926,0.000000000,-0.000997472,1508,0.010751078,0.010751078,1585,77,1.000,RASTER_BOUNDARY_DIFFERENCE
zIjMWx3EGNSbPhJ6eyDE,2027,train,person,CANONICAL_POLYGON,415901,417330,1,1,0,0,0,4.450767,69,0.996264929,0.998128970,0.996489067,0.996489067,0.000000000,0.000224138,1429,0.003435914,0.003435914,1494,65,1.000,RASTER_BOUNDARY_DIFFERENCE
zIjMWx3EGNSbPhJ6eyDE,2028,train,person,CANONICAL_POLYGON,16685,17236,1,1,0,0,0,7.174970,17,0.968032026,0.983756375,0.973218974,0.973218974,0.000000000,0.005186948,551,0.033023674,0.033023674,551,0,1.000,RASTER_BOUNDARY_DIFFERENCE
zIjMWx3EGNSbPhJ6eyDE,2029,train,person,CANONICAL_POLYGON,26540,26825,1,1,0,0,0,4.138144,17,0.989153124,0.994546988,0.986349265,0.986349265,0.000000000,-0.002803858,285,0.010738508,0.010738508,288,3,1.000,RASTER_BOUNDARY_DIFFERENCE
zIjMWx3EGNSbPhJ6eyDE,2030,train,person,CANONICAL_POLYGON,27323,27763,1,1,0,0,0,3.986992,17,0.984080104,0.991976183,0.987201273,0.987201273,0.000000000,0.003121169,440,0.016103649,0.016103649,441,1,1.000,RASTER_BOUNDARY_DIFFERENCE
zs9Fbr1mSnefWqSSmWcg,2031,train,person,CANONICAL_RLE,2953647,3581082,3,1,0,3,629396,4.962953,1502,0.823035984,0.902928951,0.824340372,0.824340372,0.000000000,0.001304388,627435,0.212427213,0.212427213,630884,3449,1.000,RASTER_BOUNDARY_DIFFERENCE|MULTI_COMPONENT_APPROXIMATION|HOLE_FILL_APPROXIMATION
0OEuk7X9WrM64hqQbedA,3,validation,person,CANONICAL_POLYGON,534907,536680,1,1,0,0,0,5.013755,107,0.996510350,0.998252125,0.996450465,0.996450465,0.000000000,-0.000059885,1773,0.003314595,0.003314595,1823,50,1.000,RASTER_BOUNDARY_DIFFERENCE
0OEuk7X9WrM64hqQbedA,4,validation,vest_on_body,CANONICAL_POLYGON,260416,261785,1,1,0,0,0,5.986730,100,0.994442917,0.997213717,0.994130474,0.994130474,0.000000000,-0.000312443,1369,0.005256973,0.005256973,1412,43,0.000,RASTER_BOUNDARY_DIFFERENCE
0OEuk7X9WrM64hqQbedA,5,validation,helmet_loose,CANONICAL_POLYGON,37307,37576,1,1,0,0,0,3.945101,26,0.992098962,0.996033813,0.990096644,0.990096644,0.000000000,-0.002002318,269,0.007210443,0.007210443,283,14,1.000,RASTER_BOUNDARY_DIFFERENCE
0sRAfq8grYqMA2xuCHP6,31,validation,vest_on_body,CANONICAL_RLE,69219,69242,2,2,1,0,0,5.975610,509,0.988268068,0.994099421,1.000000000,0.999942216,0.000057784,0.011674148,23,0.000332279,0.000332279,420,397,1.000,MULTI_COMPONENT_APPROXIMATION|COMPONENT_JOIN_APPROXIMATION
0sRAfq8grYqMA2xuCHP6,32,validation,vest_on_body,CANONICAL_RLE,18009,18183,3,3,1,0,0,7.639118,384,0.966635875,0.983034925,1.000000000,0.993052109,0.006947891,0.026416235,174,0.009661836,0.009661836,394,220,1.000,MULTI_COMPONENT_APPROXIMATION|COMPONENT_JOIN_APPROXIMATION
0sRAfq8grYqMA2xuCHP6,33,validation,vest_on_body,CANONICAL_RLE,82678,82801,1,1,0,0,0,6.842873,670,0.988547875,0.994240961,1.000000000,1.000000000,0.000000000,0.011452125,123,0.001487699,0.001487699,538,415,0.000,SERIALIZATION_ONLY
0sRAfq8grYqMA2xuCHP6,34,validation,vest_on_body,CANONICAL_RLE,15170,15462,4,4,1,0,0,8.241427,401,0.947361729,0.972969444,1.000000000,0.983404642,0.016595358,0.036042912,292,0.019248517,0.019248517,560,268,1.000,MULTI_COMPONENT_APPROXIMATION|COMPONENT_JOIN_APPROXIMATION
0sRAfq8grYqMA2xuCHP6,35,validation,person,CANONICAL_RLE,103811,104056,1,1,0,1,137,6.668106,759,0.988948532,0.994443562,0.998682033,0.998682033,0.000000000,0.009733502,245,0.002360058,0.002360058,700,455,1.000,RASTER_BOUNDARY_DIFFERENCE|HOLE_FILL_APPROXIMATION
0sRAfq8grYqMA2xuCHP6,36,validation,person,CANONICAL_RLE,50638,51005,5,4,1,0,0,8.679960,644,0.977297928,0.988518639,0.999940756,0.994891443,0.005049313,0.017593515,367,0.007247522,0.007247522,767,400,1.000,RASTER_BOUNDARY_DIFFERENCE|MULTI_COMPONENT_APPROXIMATION|COMPONENT_JOIN_APPROXIMATION
0sRAfq8grYqMA2xuCHP6,37,validation,person,CANONICAL_RLE,134249,134407,3,1,0,0,0,5.941449,739,0.991800179,0.995883211,0.999977653,0.999977653,0.000000000,0.008177474,158,0.001176918,0.001176918,632,474,1.000,RASTER_BOUNDARY_DIFFERENCE|MULTI_COMPONENT_APPROXIMATION
0sRAfq8grYqMA2xuCHP6,38,validation,person,CANONICAL_RLE,44454,45020,5,4,1,0,0,9.555162,750,0.966937062,0.983190648,0.999955010,0.989361229,0.010593781,0.022424167,566,0.012732263,0.012732263,1035,469,0.000,RASTER_BOUNDARY_DIFFERENCE|MULTI_COMPONENT_APPROXIMATION|COMPONENT_JOIN_APPROXIMATION
0sRAfq8grYqMA2xuCHP6,39,validation,helmet_on_head,CANONICAL_RLE,3216,3217,1,1,0,0,0,5.229279,127,0.948213204,0.973418312,1.000000000,1.000000000,0.000000000,0.051786796,1,0.000310945,0.000310945,86,85,1.000,SERIALIZATION_ONLY
0sRAfq8grYqMA2xuCHP6,40,validation,helmet_on_head,CANONICAL_RLE,5414,5477,1,1,0,0,0,4.254377,129,0.972649882,0.986135341,1.000000000,1.000000000,0.000000000,0.027350118,63,0.011636498,0.011636498,107,44,1.000,SERIALIZATION_ONLY
0sRAfq8grYqMA2xuCHP6,41,validation,helmet_on_head,CANONICAL_RLE,4280,4308,1,1,0,0,0,4.784004,136,0.966567438,0.982999534,1.000000000,1.000000000,0.000000000,0.033432562,28,0.006542056,0.006542056,87,59,1.000,SERIALIZATION_ONLY
0sRAfq8grYqMA2xuCHP6,42,validation,helmet_on_head,CANONICAL_RLE,3892,3938,1,1,0,0,0,5.580577,146,0.959949937,0.979565773,1.000000000,1.000000000,0.000000000,0.040050063,46,0.011819116,0.011819116,103,57,1.000,SERIALIZATION_ONLY
3LUOWEww9aCx2Cx4B38y,105,validation,person,CANONICAL_POLYGON,73803,74480,1,1,0,0,0,6.063674,69,0.990509430,0.995232090,0.988458909,0.988458909,0.000000000,-0.002050521,677,0.009173069,0.009173069,692,15,1.000,RASTER_BOUNDARY_DIFFERENCE
6fMvy2k97BSY0a3P9Fbg,166,validation,person,CANONICAL_RLE,2137,2125,1,1,0,0,0,4.473750,75,0.959540230,0.979352417,1.000000000,1.000000000,0.000000000,0.040459770,12,0.005615349,-0.005615349,38,50,0.000,SERIALIZATION_ONLY
6fMvy2k97BSY0a3P9Fbg,167,validation,person,CANONICAL_RLE,11833,12446,5,5,1,0,0,7.186973,319,0.925987625,0.961571729,1.000000000,0.952737520,0.047262480,0.026749895,613,0.051804276,0.051804276,773,160,1.000,MULTI_COMPONENT_APPROXIMATION|COMPONENT_JOIN_APPROXIMATION
6fMvy2k97BSY0a3P9Fbg,168,validation,person,CANONICAL_RLE,4556,4571,1,1,0,0,0,5.094436,129,0.965754900,0.982579161,1.000000000,1.000000000,0.000000000,0.034245100,15,0.003292362,0.003292362,87,72,1.000,SERIALIZATION_ONLY
6fMvy2k97BSY0a3P9Fbg,169,validation,person,CANONICAL_RLE,303658,303336,1,1,0,1,38,6.621159,1000,0.992607256,0.996289914,0.999874875,0.999874875,0.000000000,0.007267619,322,0.001060403,-0.001060403,965,1287,1.000,RASTER_BOUNDARY_DIFFERENCE|HOLE_FILL_APPROXIMATION
6fMvy2k97BSY0a3P9Fbg,170,validation,person,CANONICAL_RLE,301269,301207,3,3,1,0,0,6.236983,1046,0.995621052,0.997805722,1.000000000,0.999853972,0.000146028,0.004232920,62,0.000205796,-0.000205796,630,692,1.000,MULTI_COMPONENT_APPROXIMATION|COMPONENT_JOIN_APPROXIMATION
6fMvy2k97BSY0a3P9Fbg,171,validation,person,CANONICAL_RLE,85674,85728,2,2,1,0,0,5.402180,638,0.990384950,0.995169251,1.000000000,0.999544993,0.000455007,0.009160043,54,0.000630296,0.000630296,441,387,1.000,MULTI_COMPONENT_APPROXIMATION|COMPONENT_JOIN_APPROXIMATION
6fMvy2k97BSY0a3P9Fbg,172,validation,person,CANONICAL_RLE,30932,30936,1,1,0,0,0,6.947669,503,0.980917008,0.990366587,1.000000000,1.000000000,0.000000000,0.019082992,4,0.000129316,0.000129316,300,296,1.000,SERIALIZATION_ONLY
6fMvy2k97BSY0a3P9Fbg,173,validation,person,CANONICAL_RLE,17103,17704,2,2,1,3,263,7.004245,372,0.946700224,0.972620450,0.984855465,0.970493106,0.014362359,0.023792882,601,0.035140034,0.035140034,777,176,1.000,RASTER_BOUNDARY_DIFFERENCE|MULTI_COMPONENT_APPROXIMATION|COMPONENT_JOIN_APPROXIMATION|HOLE_FILL_APPROXIMATION
6fMvy2k97BSY0a3P9Fbg,174,validation,person,CANONICAL_RLE,4707,4713,1,1,0,0,0,4.536490,103,0.968240702,0.983864119,1.000000000,1.000000000,0.000000000,0.031759298,6,0.001274697,0.001274697,79,73,1.000,SERIALIZATION_ONLY
6fMvy2k97BSY0a3P9Fbg,175,validation,person,CANONICAL_RLE,54266,54353,2,2,1,0,0,5.051065,473,0.987793496,0.993859270,1.000000000,0.998380984,0.001619016,0.010587488,87,0.001603214,0.001603214,377,290,1.000,MULTI_COMPONENT_APPROXIMATION|COMPONENT_JOIN_APPROXIMATION
6fMvy2k97BSY0a3P9Fbg,176,validation,person,CANONICAL_RLE,11266,11332,1,1,0,0,0,5.691048,245,0.975867797,0.987786530,1.000000000,1.000000000,0.000000000,0.024132203,66,0.005858335,0.005858335,171,105,1.000,SERIALIZATION_ONLY
6hEWEvuUeZhYU514UX1O,177,validation,person,CANONICAL_RLE,2094109,2106936,1,1,0,10,12983,4.776330,2579,0.992064546,0.996016467,0.993838428,0.993838428,0.000000000,0.001773882,12827,0.006125278,0.006125278,14781,1954,1.000,RASTER_BOUNDARY_DIFFERENCE|HOLE_FILL_APPROXIMATION
6lWV6Qw0w487DgkyyVX9,179,validation,vest_on_body,CANONICAL_POLYGON,143870,144608,1,1,0,0,0,6.932085,89,0.993256269,0.996616726,0.990793128,0.990793128,0.000000000,-0.002463141,738,0.005129631,0.005129631,857,119,1.000,RASTER_BOUNDARY_DIFFERENCE
6lWV6Qw0w487DgkyyVX9,180,validation,person,CANONICAL_POLYGON,354594,356020,1,1,0,0,0,5.188204,99,0.995731140,0.997861005,0.995060931,0.995060931,0.000000000,-0.000670209,1426,0.004021501,0.004021501,1473,47,1.000,RASTER_BOUNDARY_DIFFERENCE
6lWV6Qw0w487DgkyyVX9,181,validation,helmet_on_head,CANONICAL_POLYGON,24385,24564,1,1,0,0,0,5.209623,34,0.989230707,0.994586202,0.981556219,0.981556219,0.000000000,-0.007674487,179,0.007340578,0.007340578,222,43,0.000,RASTER_BOUNDARY_DIFFERENCE
7VMQ21x6vDuAvoY6Ku2F,231,validation,vest_on_body,CANONICAL_RLE,292697,292844,1,1,0,0,0,4.273549,811,0.996457431,0.998225573,1.000000000,1.000000000,0.000000000,0.003542569,147,0.000502226,0.000502226,593,446,1.000,SERIALIZATION_ONLY
7VMQ21x6vDuAvoY6Ku2F,232,validation,person,CANONICAL_RLE,214103,213778,2,2,1,0,0,5.967015,902,0.991589246,0.995776863,1.000000000,0.999981318,0.000018682,0.008392072,325,0.001517961,-0.001517961,741,1066,1.000,MULTI_COMPONENT_APPROXIMATION|COMPONENT_JOIN_APPROXIMATION
7VMQ21x6vDuAvoY6Ku2F,233,validation,person,CANONICAL_RLE,58328,58366,1,1,0,0,0,6.782880,537,0.987024928,0.993470101,1.000000000,1.000000000,0.000000000,0.012975072,38,0.000651488,0.000651488,400,362,1.000,SERIALIZATION_ONLY
7VMQ21x6vDuAvoY6Ku2F,234,validation,person,CANONICAL_RLE,88396,88368,2,2,1,0,0,6.832346,816,0.988592514,0.994263538,1.000000000,0.999977375,0.000022625,0.011384861,28,0.000316756,-0.000316756,493,521,1.000,MULTI_COMPONENT_APPROXIMATION|COMPONENT_JOIN_APPROXIMATION
7VMQ21x6vDuAvoY6Ku2F,235,validation,person,CANONICAL_RLE,435405,435450,1,1,0,0,0,4.572608,1138,0.996476355,0.998235068,1.000000000,1.000000000,0.000000000,0.003523645,45,0.000103352,0.000103352,791,746,1.000,SERIALIZATION_ONLY
7VMQ21x6vDuAvoY6Ku2F,236,validation,person,CANONICAL_RLE,51922,51938,1,1,0,0,0,6.070181,512,0.987599035,0.993760832,1.000000000,1.000000000,0.000000000,0.012400965,16,0.000308155,0.000308155,332,316,1.000,SERIALIZATION_ONLY
7fuygdEv6dS4UyQgImYj,246,validation,person,CANONICAL_POLYGON,34718,35196,1,1,0,0,0,5.911152,45,0.985403533,0.992648111,0.983747447,0.983747447,0.000000000,-0.001656085,478,0.013768074,0.013768074,496,18,1.000,RASTER_BOUNDARY_DIFFERENCE
7fuygdEv6dS4UyQgImYj,247,validation,person,CANONICAL_POLYGON,13374,13656,1,1,0,0,0,6.005031,33,0.977467262,0.988605253,0.974600394,0.974600394,0.000000000,-0.002866868,282,0.021085689,0.021085689,295,13,1.000,RASTER_BOUNDARY_DIFFERENCE
7fuygdEv6dS4UyQgImYj,248,validation,person,CANONICAL_POLYGON,18350,18724,1,1,0,0,0,6.056296,37,0.979074361,0.989426552,0.976643737,0.976643737,0.000000000,-0.002430624,374,0.020381471,0.020381471,383,9,1.000,RASTER_BOUNDARY_DIFFERENCE
7fuygdEv6dS4UyQgImYj,249,validation,person,CANONICAL_POLYGON,14175,14588,1,1,0,0,0,7.029168,43,0.969933566,0.984737336,0.967538693,0.967538693,0.000000000,-0.002394873,413,0.029135802,0.029135802,426,13,1.000,RASTER_BOUNDARY_DIFFERENCE
7fuygdEv6dS4UyQgImYj,250,validation,vest_on_body,CANONICAL_POLYGON,6376,6473,1,1,0,0,0,4.611777,22,0.981036078,0.990427271,0.970695971,0.970695971,0.000000000,-0.010340107,97,0.015213300,0.015213300,110,13,1.000,RASTER_BOUNDARY_DIFFERENCE
7fuygdEv6dS4UyQgImYj,251,validation,vest_on_body,CANONICAL_POLYGON,4312,4416,1,1,0,0,0,3.918905,10,0.976001811,0.987855179,0.966719136,0.966719136,0.000000000,-0.009282675,104,0.024118738,0.024118738,105,1,1.000,RASTER_BOUNDARY_DIFFERENCE
9uyGbpRuvoK6FWsiIhGx,304,validation,helmet_on_head,CANONICAL_POLYGON,9810,9891,1,1,0,0,0,4.621588,18,0.986789028,0.993350591,0.973692078,0.973692078,0.000000000,-0.013096950,81,0.008256881,0.008256881,106,25,1.000,RASTER_BOUNDARY_DIFFERENCE
9uyGbpRuvoK6FWsiIhGx,305,validation,person,CANONICAL_POLYGON,162561,163710,1,1,0,0,0,5.535084,73,0.992786729,0.996380310,0.993184930,0.993184930,0.000000000,0.000398201,1149,0.007068116,0.007068116,1165,16,1.000,RASTER_BOUNDARY_DIFFERENCE
9uyGbpRuvoK6FWsiIhGx,306,validation,person,CANONICAL_POLYGON,12222,12544,1,1,0,0,0,6.691171,38,0.971344424,0.985463943,0.968377562,0.968377562,0.000000000,-0.002966862,322,0.026345934,0.026345934,341,19,2.000,RASTER_BOUNDARY_DIFFERENCE
9uyGbpRuvoK6FWsiIhGx,307,validation,vest_on_body,CANONICAL_RLE,126229,126292,1,1,0,0,0,4.792240,624,0.993203937,0.996590383,1.000000000,1.000000000,0.000000000,0.006796063,63,0.000499093,0.000499093,462,399,1.000,SERIALIZATION_ONLY
9xNY90loilCLVSX84iwp,308,validation,person,CANONICAL_POLYGON,1826170,1828800,1,1,0,0,0,4.626578,112,0.998322598,0.999160595,0.998146749,0.998146749,0.000000000,-0.000175849,2630,0.001440173,0.001440173,2849,219,1.000,RASTER_BOUNDARY_DIFFERENCE
9xNY90loilCLVSX84iwp,309,validation,helmet_on_head,CANONICAL_POLYGON,291318,292461,1,1,0,0,0,4.091660,57,0.995927996,0.997959844,0.995858555,0.995858555,0.000000000,-0.000069442,1143,0.003923547,0.003923547,1167,24,1.000,RASTER_BOUNDARY_DIFFERENCE
A2iSTnVfTHioOl73tkQd,310,validation,helmet_on_head,CANONICAL_RLE,9660,11100,1,1,0,1,1403,4.152524,188,0.856887299,0.922928709,0.873180873,0.873180873,0.000000000,0.016293574,1440,0.149068323,0.149068323,1520,80,1.000,RASTER_BOUNDARY_DIFFERENCE|HOLE_FILL_APPROXIMATION
A2iSTnVfTHioOl73tkQd,311,validation,person,CANONICAL_RLE,17332,17363,1,1,0,0,0,4.861128,191,0.980647371,0.990229140,1.000000000,1.000000000,0.000000000,0.019352629,31,0.001788599,0.001788599,185,154,1.000,SERIALIZATION_ONLY
A2iSTnVfTHioOl73tkQd,312,validation,person,CANONICAL_RLE,22435,22437,1,1,0,0,0,5.440264,220,0.983205162,0.991531467,1.000000000,1.000000000,0.000000000,0.016794838,2,0.000089146,0.000089146,191,189,1.000,SERIALIZATION_ONLY
A2iSTnVfTHioOl73tkQd,313,validation,person,CANONICAL_RLE,61568,63687,4,2,1,1,2061,6.320010,651,0.955764787,0.977382140,0.967609109,0.967487468,0.000121641,0.011722681,2119,0.034417230,0.034417230,2476,357,1.000,RASTER_BOUNDARY_DIFFERENCE|MULTI_COMPONENT_APPROXIMATION|COMPONENT_JOIN_APPROXIMATION|HOLE_FILL_APPROXIMATION
Ai3fqVHdn3cSDpuEaa5l,317,validation,person,CANONICAL_POLYGON,116702,117785,1,1,0,0,0,6.504907,65,0.990028091,0.994989061,0.989221394,0.989221394,0.000000000,-0.000806697,1083,0.009280047,0.009280047,1129,46,1.000,RASTER_BOUNDARY_DIFFERENCE
Ai3fqVHdn3cSDpuEaa5l,318,validation,helmet_on_head,CANONICAL_POLYGON,9483,9684,1,1,0,0,0,4.992506,22,0.977814467,0.988782804,0.972242212,0.972242212,0.000000000,-0.005572255,201,0.021195824,0.021195824,208,7,1.000,RASTER_BOUNDARY_DIFFERENCE
CDbWzCeakwV73xXd2qlq,348,validation,person,CANONICAL_POLYGON,249721,251018,1,1,0,0,0,6.153490,111,0.994110127,0.997046365,0.993217560,0.993217560,0.000000000,-0.000892568,1297,0.005193796,0.005193796,1388,91,1.000,RASTER_BOUNDARY_DIFFERENCE
CDbWzCeakwV73xXd2qlq,349,validation,helmet_on_head,CANONICAL_POLYGON,12583,12770,3,1,0,0,0,5.566345,22,0.982251759,0.991046424,0.973837435,0.973837435,0.000000000,-0.008414324,187,0.014861321,0.014861321,207,20,1.000,RASTER_BOUNDARY_DIFFERENCE|MULTI_COMPONENT_APPROXIMATION
CDbWzCeakwV73xXd2qlq,350,validation,vest_on_body,CANONICAL_POLYGON,25923,26092,1,1,0,0,0,4.288652,29,0.991080998,0.995520523,0.983909008,0.983909008,0.000000000,-0.007171990,169,0.006519307,0.006519307,201,32,1.000,RASTER_BOUNDARY_DIFFERENCE
CDbWzCeakwV73xXd2qlq,351,validation,vest_on_body,CANONICAL_POLYGON,2069,2123,1,1,0,0,0,5.151196,16,0.960710945,0.979961832,0.928896992,0.928896992,0.000000000,-0.031813953,54,0.026099565,0.026099565,69,15,1.000,RASTER_BOUNDARY_DIFFERENCE
CDbWzCeakwV73xXd2qlq,352,validation,vest_on_body,CANONICAL_POLYGON,54639,55051,1,1,0,0,0,4.583224,36,0.992081797,0.996025162,0.990407978,0.990407978,0.000000000,-0.001673819,412,0.007540402,0.007540402,424,12,2.000,RASTER_BOUNDARY_DIFFERENCE
CDbWzCeakwV73xXd2qlq,353,validation,vest_on_body,CANONICAL_POLYGON,9387,9626,2,1,0,0,0,7.070933,19,0.971076094,0.985325830,0.960578996,0.960578996,0.000000000,-0.010497098,239,0.025460744,0.025460744,259,20,2.000,RASTER_BOUNDARY_DIFFERENCE|MULTI_COMPONENT_APPROXIMATION
Dny3q3vJmCFOBIzhGir1,400,validation,person,CANONICAL_POLYGON,470161,472190,1,1,0,0,0,4.926019,82,0.995504376,0.997747124,0.996006943,0.996006943,0.000000000,0.000502567,2029,0.004315543,0.004315543,2076,47,1.000,RASTER_BOUNDARY_DIFFERENCE
Dny3q3vJmCFOBIzhGir1,401,validation,helmet_on_head,CANONICAL_POLYGON,167405,168241,1,1,0,0,0,3.937940,45,0.994947934,0.997467570,0.995082299,0.995082299,0.000000000,0.000134365,836,0.004993877,0.004993877,843,7,1.000,RASTER_BOUNDARY_DIFFERENCE
EdR5Rau43iqKaPKbjsHM,407,validation,person,CANONICAL_POLYGON,765000,767546,1,1,0,0,0,4.965821,108,0.996498254,0.998246056,0.996885982,0.996885982,0.000000000,0.000387728,2546,0.003328105,0.003328105,2617,71,1.000,RASTER_BOUNDARY_DIFFERENCE
EdR5Rau43iqKaPKbjsHM,408,validation,vest_on_body,CANONICAL_RLE,480923,481215,1,1,0,0,0,5.345931,1271,0.996725176,0.998359903,1.000000000,1.000000000,0.000000000,0.003274824,292,0.000607166,0.000607166,935,643,1.000,SERIALIZATION_ONLY
F75mTbxKUV3DbBpuTvZq,409,validation,vest_on_body,CANONICAL_RLE,23950,24364,3,3,1,0,0,11.415863,744,0.944929753,0.971685226,1.000000000,0.985596708,0.014403292,0.040666955,414,0.017286013,0.017286013,891,477,0.000,MULTI_COMPONENT_APPROXIMATION|COMPONENT_JOIN_APPROXIMATION
F75mTbxKUV3DbBpuTvZq,410,validation,helmet_on_head,CANONICAL_RLE,123158,123218,1,1,0,0,0,5.063125,712,0.992559524,0.996265870,1.000000000,1.000000000,0.000000000,0.007440476,60,0.000487179,0.000487179,490,430,1.000,SERIALIZATION_ONLY
F75mTbxKUV3DbBpuTvZq,411,validation,person,CANONICAL_RLE,250503,250638,2,2,1,1,28,7.478100,1351,0.992901540,0.996438128,0.999888237,0.999772510,0.000115728,0.006870969,135,0.000538916,0.000538916,960,825,0.000,RASTER_BOUNDARY_DIFFERENCE|MULTI_COMPONENT_APPROXIMATION|COMPONENT_JOIN_APPROXIMATION|HOLE_FILL_APPROXIMATION
F75mTbxKUV3DbBpuTvZq,412,validation,person,CANONICAL_RLE,446254,446908,6,6,1,0,0,7.139663,1881,0.992211042,0.996090295,1.000000000,0.998424908,0.001575092,0.006213866,654,0.001465533,0.001465533,2073,1419,1.000,MULTI_COMPONENT_APPROXIMATION|COMPONENT_JOIN_APPROXIMATION
F9BUOPsajE69txpyePoP,413,validation,vest_on_body,CANONICAL_RLE,208817,208858,5,5,1,0,0,8.229684,1080,0.989136957,0.994538816,1.000000000,0.997768582,0.002231418,0.008631625,41,0.000196344,0.000196344,1161,1120,1.000,MULTI_COMPONENT_APPROXIMATION|COMPONENT_JOIN_APPROXIMATION
F9BUOPsajE69txpyePoP,414,validation,vest_on_body,CANONICAL_RLE,217749,217914,9,8,1,1,14,8.169034,1332,0.991065267,0.995512587,0.999931118,0.997530774,0.002400344,0.006465507,165,0.000757753,0.000757753,1060,895,0.000,RASTER_BOUNDARY_DIFFERENCE|MULTI_COMPONENT_APPROXIMATION|COMPONENT_JOIN_APPROXIMATION|HOLE_FILL_APPROXIMATION
F9BUOPsajE69txpyePoP,415,validation,person,CANONICAL_RLE,442514,443935,17,15,1,17,466,8.694866,2039,0.989829177,0.994888595,0.998941261,0.996204395,0.002736866,0.006375218,1421,0.003211198,0.003211198,2976,1555,1.000,RASTER_BOUNDARY_DIFFERENCE|MULTI_COMPONENT_APPROXIMATION|COMPONENT_JOIN_APPROXIMATION|HOLE_FILL_APPROXIMATION
F9BUOPsajE69txpyePoP,416,validation,person,CANONICAL_RLE,429946,430642,1,1,0,6,1085,7.222921,1410,0.993629378,0.996804510,0.997482780,0.997482780,0.000000000,0.003853402,696,0.001618808,0.001618808,1723,1027,1.000,RASTER_BOUNDARY_DIFFERENCE|HOLE_FILL_APPROXIMATION
F9BUOPsajE69txpyePoP,417,validation,helmet_loose,CANONICAL_RLE,64926,64820,1,1,0,0,0,4.070822,313,0.989725187,0.994836064,1.000000000,1.000000000,0.000000000,0.010274813,106,0.001632628,-0.001632628,282,388,1.000,SERIALIZATION_ONLY
Foo1oq3oHF7pBhTWKpnL,437,validation,person,CANONICAL_POLYGON,621098,623166,1,1,0,0,0,4.896399,107,0.996351495,0.998172414,0.996746169,0.996746169,0.000000000,0.000394674,2068,0.003329587,0.003329587,2171,103,1.000,RASTER_BOUNDARY_DIFFERENCE
Foo1oq3oHF7pBhTWKpnL,438,validation,vest_on_body,CANONICAL_POLYGON,375523,377240,1,1,0,0,0,5.373734,115,0.995221094,0.997604824,0.995388980,0.995388980,0.000000000,0.000167886,1717,0.004572290,0.004572290,1760,43,1.000,RASTER_BOUNDARY_DIFFERENCE
Foo1oq3oHF7pBhTWKpnL,439,validation,helmet_loose,CANONICAL_POLYGON,90670,91148,1,1,0,0,0,4.077609,47,0.994471320,0.997227997,0.993117733,0.993117733,0.000000000,-0.001353587,478,0.005271865,0.005271865,491,13,1.000,RASTER_BOUNDARY_DIFFERENCE
G6t1yK9gNn0LIS4hbciD,452,validation,person,CANONICAL_POLYGON,677075,679080,1,1,0,0,0,5.148939,119,0.996838700,0.998416848,0.996620880,0.996620880,0.000000000,-0.000217820,2005,0.002961267,0.002961267,2076,71,1.000,RASTER_BOUNDARY_DIFFERENCE
G6t1yK9gNn0LIS4hbciD,453,validation,vest_on_body,CANONICAL_POLYGON,216690,218008,1,1,0,0,0,6.836697,119,0.993067559,0.996521723,0.991894468,0.991894468,0.000000000,-0.001173091,1318,0.006082422,0.006082422,1415,97,1.000,RASTER_BOUNDARY_DIFFERENCE
GKGcxwlCacsz6brHHLRV,465,validation,helmet_loose,CANONICAL_POLYGON,846962,848416,1,1,0,0,0,4.943061,99,0.998074262,0.999036203,0.996880986,0.996880986,0.000000000,-0.001193276,1454,0.001716724,0.001716724,1544,90,1.000,RASTER_BOUNDARY_DIFFERENCE
H6Qo9zKVlWVMqPD3713Z,476,validation,person,CANONICAL_POLYGON,2350,2404,1,1,0,0,0,3.929056,11,0.971795935,0.985696256,0.958674304,0.958674304,0.000000000,-0.013121631,54,0.022978723,0.022978723,61,7,1.000,RASTER_BOUNDARY_DIFFERENCE
HvvG43BEgtvO5Az8qBX5,499,validation,person,CANONICAL_POLYGON,218855,219872,1,1,0,0,0,4.923151,86,0.995020713,0.997504143,0.994068155,0.994068155,0.000000000,-0.000952558,1017,0.004646912,0.004646912,1056,39,1.000,RASTER_BOUNDARY_DIFFERENCE
HvvG43BEgtvO5Az8qBX5,500,validation,person,CANONICAL_POLYGON,434796,435873,1,1,0,0,0,5.147505,84,0.997231258,0.998613710,0.995999615,0.995999615,0.000000000,-0.001231643,1077,0.002477024,0.002477024,1142,65,1.000,RASTER_BOUNDARY_DIFFERENCE
HvvG43BEgtvO5Az8qBX5,501,validation,helmet_on_head,CANONICAL_POLYGON,49393,49931,1,1,0,0,0,5.471933,46,0.988030664,0.993979300,0.987292121,0.987292121,0.000000000,-0.000738543,538,0.010892232,0.010892232,568,30,1.000,RASTER_BOUNDARY_DIFFERENCE
HvvG43BEgtvO5Az8qBX5,502,validation,helmet_on_head,CANONICAL_POLYGON,40762,41132,1,1,0,0,0,4.189678,28,0.989650146,0.994798154,0.988559353,0.988559353,0.000000000,-0.001090793,370,0.009077082,0.009077082,398,28,1.000,RASTER_BOUNDARY_DIFFERENCE
HvvG43BEgtvO5Az8qBX5,503,validation,person,CANONICAL_POLYGON,216404,217560,1,1,0,0,0,5.713285,88,0.993953317,0.996967490,0.993530928,0.993530928,0.000000000,-0.000422389,1156,0.005341861,0.005341861,1236,80,1.000,RASTER_BOUNDARY_DIFFERENCE
HvvG43BEgtvO5Az8qBX5,504,validation,helmet_on_head,CANONICAL_POLYGON,52281,52462,1,1,0,0,0,4.686609,23,0.995370811,0.997680036,0.989321620,0.989321620,0.000000000,-0.006049191,181,0.003462061,0.003462061,212,31,1.000,RASTER_BOUNDARY_DIFFERENCE
HvvG43BEgtvO5Az8qBX5,505,validation,helmet_on_head,CANONICAL_POLYGON,26319,26738,1,1,0,0,0,3.817048,18,0.983735886,0.991801270,0.987042740,0.987042740,0.000000000,0.003306854,419,0.015920058,0.015920058,427,8,1.000,RASTER_BOUNDARY_DIFFERENCE
HvvG43BEgtvO5Az8qBX5,506,validation,vest_on_body,CANONICAL_RLE,198720,198967,3,2,1,2,154,6.576024,1285,0.992499699,0.996235733,0.999220612,0.999185443,0.000035169,0.006685743,247,0.001242955,0.001242955,872,625,0.000,RASTER_BOUNDARY_DIFFERENCE|MULTI_COMPONENT_APPROXIMATION|COMPONENT_JOIN_APPROXIMATION|HOLE_FILL_APPROXIMATION
HvvG43BEgtvO5Az8qBX5,507,validation,vest_on_body,CANONICAL_RLE,146792,146442,1,1,0,0,0,5.686663,474,0.995549325,0.997769699,1.000000000,1.000000000,0.000000000,0.004450675,350,0.002384326,-0.002384326,152,502,1.000,SERIALIZATION_ONLY
HvvG43BEgtvO5Az8qBX5,508,validation,vest_on_body,CANONICAL_RLE,161024,161558,5,5,1,8,368,7.276160,1160,0.988644490,0.994289824,0.997719837,0.996855112,0.000864725,0.008210622,534,0.003316276,0.003316276,1188,654,1.000,RASTER_BOUNDARY_DIFFERENCE|MULTI_COMPONENT_APPROXIMATION|COMPONENT_JOIN_APPROXIMATION|HOLE_FILL_APPROXIMATION
HvvG43BEgtvO5Az8qBX5,509,validation,vest_on_body,CANONICAL_RLE,116693,117406,3,3,1,1,2,7.359150,1105,0.985420960,0.992656953,0.999982861,0.995470211,0.004512650,0.010049251,713,0.006110049,0.006110049,1216,503,1.000,RASTER_BOUNDARY_DIFFERENCE|MULTI_COMPONENT_APPROXIMATION|COMPONENT_JOIN_APPROXIMATION|HOLE_FILL_APPROXIMATION
JSKtWAeEIHCqkNcipvGH,555,validation,person,CANONICAL_POLYGON,25826,26424,1,1,0,0,0,5.972420,44,0.976695797,0.988210526,0.979967309,0.979967309,0.000000000,0.003271512,598,0.023154960,0.023154960,607,9,1.000,RASTER_BOUNDARY_DIFFERENCE
JSKtWAeEIHCqkNcipvGH,556,validation,person,CANONICAL_POLYGON,19633,19958,1,1,0,0,0,6.800891,38,0.983020285,0.991437448,0.976250934,0.976250934,0.000000000,-0.006769352,325,0.016553762,0.016553762,332,7,1.000,RASTER_BOUNDARY_DIFFERENCE
JSKtWAeEIHCqkNcipvGH,557,validation,vest_on_body,CANONICAL_POLYGON,5177,5339,1,1,0,0,0,4.188080,13,0.969288390,0.984404717,0.963455772,0.963455772,0.000000000,-0.005832617,162,0.031292254,0.031292254,163,1,1.000,RASTER_BOUNDARY_DIFFERENCE
JSKtWAeEIHCqkNcipvGH,558,validation,helmet_on_head,CANONICAL_POLYGON,1117,1158,1,1,0,0,0,3.896450,9,0.964594128,0.981978022,0.937925170,0.937925170,0.000000000,-0.026668958,41,0.036705461,0.036705461,41,0,0.000,RASTER_BOUNDARY_DIFFERENCE
JSKtWAeEIHCqkNcipvGH,559,validation,vest_on_body,CANONICAL_POLYGON,3565,3750,1,1,0,0,0,5.139954,16,0.946514103,0.972522215,0.955854643,0.955854643,0.000000000,0.009340540,185,0.051893408,0.051893408,193,8,1.000,RASTER_BOUNDARY_DIFFERENCE
JSKtWAeEIHCqkNcipvGH,560,validation,helmet_on_head,CANONICAL_POLYGON,1026,1103,1,1,0,0,0,3.987986,9,0.930190390,0.963832785,0.939282429,0.939282429,0.000000000,0.009092039,77,0.075048733,0.075048733,77,0,1.000,RASTER_BOUNDARY_DIFFERENCE
L51HLb9pTcXWg0hlY2eI,592,validation,helmet_loose,CANONICAL_POLYGON,304354,305398,1,1,0,0,0,4.078583,54,0.996346183,0.998169748,0.995973405,0.995973405,0.000000000,-0.000372778,1044,0.003430216,0.003430216,1080,36,1.000,RASTER_BOUNDARY_DIFFERENCE
L51HLb9pTcXWg0hlY2eI,593,validation,helmet_loose,CANONICAL_POLYGON,67249,67646,1,1,0,0,0,4.869253,33,0.991863916,0.995915342,0.989643183,0.989643183,0.000000000,-0.002220733,397,0.005903434,0.005903434,474,77,1.000,RASTER_BOUNDARY_DIFFERENCE
LVQG21gdyYgR1aZBE6h9,614,validation,person,CANONICAL_POLYGON,168124,169211,1,1,0,0,0,5.847081,68,0.992975387,0.996475314,0.992545469,0.992545469,0.000000000,-0.000429919,1087,0.006465466,0.006465466,1138,51,1.000,RASTER_BOUNDARY_DIFFERENCE
Mbgd4Kw22vX5vdWxqfRn,635,validation,vest_loose,CANONICAL_POLYGON,203478,205188,1,1,0,0,0,5.756109,37,0.991617648,0.995791184,0.993962043,0.993962043,0.000000000,0.002344395,1710,0.008403857,0.008403857,1715,5,1.000,RASTER_BOUNDARY_DIFFERENCE
Mbgd4Kw22vX5vdWxqfRn,636,validation,vest_loose,CANONICAL_POLYGON,135104,136377,1,1,0,0,0,5.869215,63,0.990519624,0.995237236,0.992140848,0.992140848,0.000000000,0.001621223,1273,0.009422371,0.009422371,1283,10,1.000,RASTER_BOUNDARY_DIFFERENCE
Mbgd4Kw22vX5vdWxqfRn,637,validation,vest_loose,CANONICAL_POLYGON,152916,154320,1,1,0,0,0,6.142912,61,0.990527959,0.995241443,0.991817586,0.991817586,0.000000000,0.001289627,1404,0.009181511,0.009181511,1433,29,1.000,RASTER_BOUNDARY_DIFFERENCE
Mbgd4Kw22vX5vdWxqfRn,638,validation,vest_loose,CANONICAL_POLYGON,151294,152127,1,1,0,0,0,6.189262,48,0.993986909,0.996984388,0.992481696,0.992481696,0.000000000,-0.001505213,833,0.005505836,0.005505836,874,41,0.000,RASTER_BOUNDARY_DIFFERENCE
Mbgd4Kw22vX5vdWxqfRn,639,validation,vest_loose,CANONICAL_POLYGON,281922,283240,1,1,0,0,0,5.829329,83,0.995135383,0.997561761,0.994914058,0.994914058,0.000000000,-0.000221325,1318,0.004675052,0.004675052,1348,30,1.000,RASTER_BOUNDARY_DIFFERENCE
Mbgd4Kw22vX5vdWxqfRn,640,validation,vest_loose,CANONICAL_POLYGON,327765,328962,1,1,0,0,0,5.784002,107,0.996051828,0.998022009,0.995416662,0.995416662,0.000000000,-0.000635166,1197,0.003652007,0.003652007,1248,51,1.000,RASTER_BOUNDARY_DIFFERENCE
Mbgd4Kw22vX5vdWxqfRn,641,validation,vest_loose,CANONICAL_POLYGON,97394,98316,1,1,0,0,0,5.685974,27,0.989893444,0.994921057,0.991892195,0.991892195,0.000000000,0.001998751,922,0.009466702,0.009466702,958,36,1.000,RASTER_BOUNDARY_DIFFERENCE
Mbgd4Kw22vX5vdWxqfRn,642,validation,vest_loose,CANONICAL_POLYGON,101459,102702,1,1,0,0,0,5.929050,22,0.987819602,0.993872483,0.990974800,0.990974800,0.000000000,0.003155198,1243,0.012251254,0.012251254,1247,4,1.000,RASTER_BOUNDARY_DIFFERENCE
NSxOF60pUyiloAjZa1zY,663,validation,person,CANONICAL_RLE,3938,3977,1,1,0,0,0,5.409743,117,0.967926405,0.983701832,1.000000000,1.000000000,0.000000000,0.032073595,39,0.009903504,0.009903504,84,45,1.000,SERIALIZATION_ONLY
NSxOF60pUyiloAjZa1zY,664,validation,person,CANONICAL_RLE,9503,9535,1,1,0,0,0,4.806903,149,0.982918446,0.991385650,1.000000000,1.000000000,0.000000000,0.017081554,32,0.003367358,0.003367358,98,66,1.000,SERIALIZATION_ONLY
NSxOF60pUyiloAjZa1zY,665,validation,person,CANONICAL_RLE,336313,337144,1,1,0,2,565,6.317793,1442,0.992735741,0.996354630,0.998322835,0.998322835,0.000000000,0.005587094,831,0.002470913,0.002470913,1643,812,1.000,RASTER_BOUNDARY_DIFFERENCE|HOLE_FILL_APPROXIMATION
NSxOF60pUyiloAjZa1zY,666,validation,person,CANONICAL_RLE,82781,82971,3,3,1,0,0,8.899002,1017,0.983130137,0.991493315,1.000000000,0.998444096,0.001555904,0.015313959,190,0.002295213,0.002295213,800,610,1.000,MULTI_COMPONENT_APPROXIMATION|COMPONENT_JOIN_APPROXIMATION
P2bOf45tvhUMqEYK8wqW,686,validation,vest_on_body,CANONICAL_POLYGON,32805,33275,1,1,0,0,0,5.135213,36,0.984980475,0.992433414,0.985948971,0.985948971,0.000000000,0.000968496,470,0.014327084,0.014327084,485,15,1.000,RASTER_BOUNDARY_DIFFERENCE
P2bOf45tvhUMqEYK8wqW,687,validation,person,CANONICAL_POLYGON,85607,86363,1,1,0,0,0,6.157463,64,0.990301375,0.995127057,0.988038139,0.988038139,0.000000000,-0.002263236,756,0.008831054,0.008831054,797,41,1.000,RASTER_BOUNDARY_DIFFERENCE
P2bOf45tvhUMqEYK8wqW,688,validation,helmet_on_head,CANONICAL_POLYGON,3020,3088,1,1,0,0,0,4.404842,14,0.973505654,0.986574984,0.959744409,0.959744409,0.000000000,-0.013761245,68,0.022516556,0.022516556,75,7,1.000,RASTER_BOUNDARY_DIFFERENCE
QYjn7wMnjUSLcCSRwwn1,728,validation,person,CANONICAL_POLYGON,632684,635395,1,1,0,0,0,7.296119,138,0.995381640,0.997685475,0.995448715,0.995448715,0.000000000,0.000067075,2711,0.004284919,0.004284919,2823,112,1.000,RASTER_BOUNDARY_DIFFERENCE
QYjn7wMnjUSLcCSRwwn1,729,validation,person,CANONICAL_POLYGON,18131,18429,1,1,0,0,0,4.935708,28,0.983399338,0.991630197,0.980237154,0.980237154,0.000000000,-0.003162184,298,0.016435938,0.016435938,302,4,1.000,RASTER_BOUNDARY_DIFFERENCE
R32m4IeILycIsDayiufx,732,validation,person,CANONICAL_POLYGON,77916,78739,1,1,0,0,0,6.805481,65,0.988411353,0.994171906,0.987898929,0.987898929,0.000000000,-0.000512423,823,0.010562657,0.010562657,868,45,1.000,RASTER_BOUNDARY_DIFFERENCE
R32m4IeILycIsDayiufx,733,validation,vest_on_body,CANONICAL_RLE,53624,53702,1,1,0,0,0,4.376290,336,0.990836579,0.995397201,1.000000000,1.000000000,0.000000000,0.009163421,78,0.001454573,0.001454573,286,208,1.000,SERIALIZATION_ONLY
RRlPrUJXfRWGGJ6CeKIL,756,validation,person,CANONICAL_POLYGON,633152,635325,1,1,0,0,0,5.513680,114,0.996300050,0.998146596,0.996313413,0.996313413,0.000000000,0.000013363,2173,0.003432035,0.003432035,2262,89,1.000,RASTER_BOUNDARY_DIFFERENCE
RRlPrUJXfRWGGJ6CeKIL,757,validation,helmet_on_head,CANONICAL_POLYGON,104057,104980,1,1,0,0,0,6.600681,80,0.989975725,0.994962614,0.989548431,0.989548431,0.000000000,-0.000427293,923,0.008870138,0.008870138,988,65,1.000,RASTER_BOUNDARY_DIFFERENCE
RRlPrUJXfRWGGJ6CeKIL,758,validation,vest_on_body,CANONICAL_POLYGON,64310,64704,1,1,0,0,0,4.444966,25,0.993325402,0.996651526,0.990672649,0.990672649,0.000000000,-0.002652754,394,0.006126574,0.006126574,413,19,1.000,RASTER_BOUNDARY_DIFFERENCE
RRlPrUJXfRWGGJ6CeKIL,759,validation,vest_on_body,CANONICAL_POLYGON,91799,92537,1,1,0,0,0,4.418934,28,0.991400730,0.995681798,0.992384744,0.992384744,0.000000000,0.000984013,738,0.008039303,0.008039303,767,29,1.000,RASTER_BOUNDARY_DIFFERENCE
RRlPrUJXfRWGGJ6CeKIL,760,validation,vest_on_body,CANONICAL_POLYGON,146444,147359,1,1,0,0,0,4.940495,63,0.993154960,0.996565726,0.992090733,0.992090733,0.000000000,-0.001064227,915,0.006248122,0.006248122,962,47,1.000,RASTER_BOUNDARY_DIFFERENCE
SA6z7RB5PM7Ij8AwZgp1,768,validation,vest_on_body,CANONICAL_RLE,150433,150797,9,4,1,1,60,6.304827,1042,0.991339988,0.995651164,0.999548152,0.998672199,0.000875953,0.007332211,364,0.002419682,0.002419682,837,473,30.000,RASTER_BOUNDARY_DIFFERENCE|MULTI_COMPONENT_APPROXIMATION|COMPONENT_JOIN_APPROXIMATION|HOLE_FILL_APPROXIMATION
SA6z7RB5PM7Ij8AwZgp1,769,validation,person,CANONICAL_RLE,320803,329951,1,1,0,8,8972,5.810626,1324,0.967998113,0.983738863,0.972793571,0.972793571,0.000000000,0.004795458,9148,0.028515943,0.028515943,9865,717,1.000,RASTER_BOUNDARY_DIFFERENCE|HOLE_FILL_APPROXIMATION
SA6z7RB5PM7Ij8AwZgp1,770,validation,helmet_on_head,CANONICAL_RLE,20625,20679,1,1,0,0,0,5.243283,353,0.979772804,0.989783072,1.000000000,1.000000000,0.000000000,0.020227196,54,0.002618182,0.002618182,238,184,1.000,SERIALIZATION_ONLY
Sx8zzDNF7sd2E0aaDtN8,813,validation,vest_on_body,CANONICAL_POLYGON,24954,25257,1,1,0,0,0,4.278265,14,0.988003326,0.993965466,0.983801509,0.983801509,0.000000000,-0.004201817,303,0.012142342,0.012142342,303,0,1.000,RASTER_BOUNDARY_DIFFERENCE
Sx8zzDNF7sd2E0aaDtN8,814,validation,helmet_on_head,CANONICAL_POLYGON,139495,140254,1,1,0,0,0,4.807016,57,0.993991276,0.996986584,0.993082173,0.993082173,0.000000000,-0.000909102,759,0.005441055,0.005441055,801,42,1.000,RASTER_BOUNDARY_DIFFERENCE
Sx8zzDNF7sd2E0aaDtN8,815,validation,person,CANONICAL_RLE,87298,86972,1,1,0,0,0,7.356190,521,0.982977368,0.991415619,1.000000000,1.000000000,0.000000000,0.017022632,326,0.003734335,-0.003734335,585,911,1.000,SERIALIZATION_ONLY
Sx8zzDNF7sd2E0aaDtN8,816,validation,person,CANONICAL_RLE,137003,137724,19,17,1,1,3,10.209178,1399,0.982786743,0.991318655,0.999948907,0.993322216,0.006626692,0.010535473,721,0.005262658,0.005262658,1553,832,1.000,RASTER_BOUNDARY_DIFFERENCE|MULTI_COMPONENT_APPROXIMATION|COMPONENT_JOIN_APPROXIMATION|HOLE_FILL_APPROXIMATION
Sx8zzDNF7sd2E0aaDtN8,817,validation,person,CANONICAL_RLE,169079,169367,4,3,1,2,86,7.207159,1274,0.991421107,0.995692075,0.999485709,0.999095910,0.000389799,0.007674803,288,0.001703346,0.001703346,873,585,1.000,RASTER_BOUNDARY_DIFFERENCE|MULTI_COMPONENT_APPROXIMATION|COMPONENT_JOIN_APPROXIMATION|HOLE_FILL_APPROXIMATION
Sx8zzDNF7sd2E0aaDtN8,818,validation,person,CANONICAL_RLE,476901,477451,2,2,1,3,113,5.433432,1382,0.996201504,0.998097138,0.999763110,0.999677186,0.000085924,0.003475682,550,0.001153279,0.001153279,1183,633,1.000,RASTER_BOUNDARY_DIFFERENCE|MULTI_COMPONENT_APPROXIMATION|COMPONENT_JOIN_APPROXIMATION|HOLE_FILL_APPROXIMATION
UzXLvGMEvzoOvv29dkyY,876,validation,helmet_loose,CANONICAL_POLYGON,23657,23880,1,1,0,0,0,4.146806,19,0.988995816,0.994467467,0.985559265,0.985559265,0.000000000,-0.003436550,223,0.009426385,0.009426385,243,20,1.000,RASTER_BOUNDARY_DIFFERENCE
UzXLvGMEvzoOvv29dkyY,877,validation,helmet_loose,CANONICAL_POLYGON,27147,27452,1,1,0,0,0,3.895614,18,0.988455095,0.994194033,0.987508194,0.987508194,0.000000000,-0.000946901,305,0.011235127,0.011235127,311,6,1.000,RASTER_BOUNDARY_DIFFERENCE
UzXLvGMEvzoOvv29dkyY,878,validation,helmet_loose,CANONICAL_POLYGON,30999,31265,1,1,0,0,0,3.836947,19,0.990982637,0.995470898,0.987839908,0.987839908,0.000000000,-0.003142729,266,0.008580922,0.008580922,274,8,1.000,RASTER_BOUNDARY_DIFFERENCE
VBtNhSPdKWG9aB5UwSAp,889,validation,person,CANONICAL_POLYGON,432203,434064,1,1,0,0,0,4.846915,99,0.995560900,0.997775513,0.996269431,0.996269431,0.000000000,0.000708531,1861,0.004305847,0.004305847,1894,33,1.000,RASTER_BOUNDARY_DIFFERENCE
VBtNhSPdKWG9aB5UwSAp,890,validation,helmet_loose,CANONICAL_POLYGON,24760,24886,1,1,0,0,0,3.782486,18,0.991415965,0.995689482,0.987861364,0.987861364,0.000000000,-0.003554601,126,0.005088853,0.005088853,170,44,1.000,RASTER_BOUNDARY_DIFFERENCE
VBtNhSPdKWG9aB5UwSAp,891,validation,vest_on_body,CANONICAL_RLE,98469,98762,4,3,1,0,0,9.467308,1110,0.984195330,0.992034721,0.999939067,0.998235956,0.001703111,0.014040626,293,0.002975556,0.002975556,932,639,1.000,RASTER_BOUNDARY_DIFFERENCE|MULTI_COMPONENT_APPROXIMATION|COMPONENT_JOIN_APPROXIMATION
WRFgtFooB6kjdViPXWHk,930,validation,helmet_loose,CANONICAL_POLYGON,308846,309966,1,1,0,0,0,4.067064,50,0.995987459,0.997989696,0.995899643,0.995899643,0.000000000,-0.000087816,1120,0.003626403,0.003626403,1182,62,1.000,RASTER_BOUNDARY_DIFFERENCE
WRFgtFooB6kjdViPXWHk,931,validation,helmet_loose,CANONICAL_POLYGON,69192,69770,1,1,0,0,0,4.837493,29,0.991344597,0.995653488,0.990044977,0.990044977,0.000000000,-0.001299620,578,0.008353567,0.008353567,591,13,1.000,RASTER_BOUNDARY_DIFFERENCE
WeIamb2srt7SBgcfAFq1,932,validation,person,CANONICAL_POLYGON,58351,58675,1,1,0,0,0,4.767133,27,0.994104216,0.997043392,0.990374658,0.990374658,0.000000000,-0.003729557,324,0.005552604,0.005552604,335,11,1.000,RASTER_BOUNDARY_DIFFERENCE
WeIamb2srt7SBgcfAFq1,933,validation,person,CANONICAL_POLYGON,77099,77612,1,1,0,0,0,4.903360,43,0.993107713,0.996541939,0.990766817,0.990766817,0.000000000,-0.002340896,513,0.006653783,0.006653783,524,11,0.000,RASTER_BOUNDARY_DIFFERENCE
WeIamb2srt7SBgcfAFq1,934,validation,person,CANONICAL_POLYGON,34948,35368,1,1,0,0,0,5.014531,33,0.987843836,0.993884749,0.986631243,0.986631243,0.000000000,-0.001212593,420,0.012017855,0.012017855,425,5,1.000,RASTER_BOUNDARY_DIFFERENCE
WvGmeXrUqULTXbaSGJgZ,961,validation,helmet_on_head,CANONICAL_POLYGON,51799,52207,1,1,0,0,0,5.145459,45,0.991460192,0.995711786,0.987457284,0.987457284,0.000000000,-0.004002908,408,0.007876600,0.007876600,427,19,1.000,RASTER_BOUNDARY_DIFFERENCE
WvGmeXrUqULTXbaSGJgZ,962,validation,person,CANONICAL_POLYGON,294497,296012,1,1,0,0,0,5.441778,92,0.994646120,0.997315875,0.994455725,0.994455725,0.000000000,-0.000190395,1515,0.005144365,0.005144365,1550,35,1.000,RASTER_BOUNDARY_DIFFERENCE
WvGmeXrUqULTXbaSGJgZ,963,validation,vest_on_body,CANONICAL_POLYGON,16190,16763,1,1,0,0,0,8.886885,35,0.963825983,0.981579826,0.961990572,0.961990572,0.000000000,-0.001835411,573,0.035392217,0.035392217,590,17,1.000,RASTER_BOUNDARY_DIFFERENCE
WvGmeXrUqULTXbaSGJgZ,964,validation,vest_on_body,CANONICAL_POLYGON,10384,10635,1,1,0,0,0,6.677239,23,0.972133609,0.985869927,0.961345007,0.961345007,0.000000000,-0.010788601,251,0.024171803,0.024171803,274,23,2.000,RASTER_BOUNDARY_DIFFERENCE
WvGmeXrUqULTXbaSGJgZ,965,validation,vest_on_body,CANONICAL_POLYGON,5465,5858,1,1,0,0,0,9.270971,16,0.932912257,0.965291884,0.935317392,0.935317392,0.000000000,0.002405135,393,0.071912168,0.071912168,393,0,0.000,RASTER_BOUNDARY_DIFFERENCE
ZtkHwixUGYxprWRUjVfK,1044,validation,person,CANONICAL_POLYGON,2782004,2785500,1,1,0,0,0,4.826049,117,0.998679634,0.999339381,0.998524357,0.998524357,0.000000000,-0.000155277,3496,0.001256648,0.001256648,3587,91,1.000,RASTER_BOUNDARY_DIFFERENCE
ZtkHwixUGYxprWRUjVfK,1045,validation,helmet_on_head,CANONICAL_POLYGON,436415,438028,1,1,0,0,0,4.671891,76,0.996253784,0.998123377,0.996407642,0.996407642,0.000000000,0.000153858,1613,0.003696023,0.003696023,1627,14,1.000,RASTER_BOUNDARY_DIFFERENCE
ahfMFVQYlwiC5qDCiYTe,1050,validation,vest_on_body,CANONICAL_POLYGON,8581,8793,1,1,0,0,0,4.407142,18,0.975216007,0.987452515,0.972598067,0.972598067,0.000000000,-0.002617940,212,0.024705745,0.024705745,215,3,1.000,RASTER_BOUNDARY_DIFFERENCE
ahfMFVQYlwiC5qDCiYTe,1051,validation,person,CANONICAL_POLYGON,18274,18705,1,1,0,0,0,6.316982,44,0.974213870,0.986938533,0.972919560,0.972919560,0.000000000,-0.001294310,431,0.023585422,0.023585422,457,26,1.000,RASTER_BOUNDARY_DIFFERENCE
d1LRdQbKYoIKVWX76Mj1,1080,validation,person,CANONICAL_POLYGON,2105860,2109297,1,1,0,0,0,5.085703,154,0.998330757,0.999164681,0.998142690,0.998142690,0.000000000,-0.000188066,3437,0.001632112,0.001632112,3479,42,1.000,RASTER_BOUNDARY_DIFFERENCE
eK6ftnVVMa7WC57HMKWj,1123,validation,person,CANONICAL_RLE,531055,542920,1,1,0,15,12415,7.608461,1813,0.971475355,0.985531321,0.977156053,0.977156053,0.000000000,0.005680698,11865,0.022342319,0.022342319,13702,1837,1.000,RASTER_BOUNDARY_DIFFERENCE|HOLE_FILL_APPROXIMATION
eK6ftnVVMa7WC57HMKWj,1124,validation,person,CANONICAL_RLE,26016,26109,2,2,1,0,0,6.835763,494,0.974506610,0.987088729,1.000000000,0.998196677,0.001803323,0.023690067,93,0.003574723,0.003574723,383,290,1.000,MULTI_COMPONENT_APPROXIMATION|COMPONENT_JOIN_APPROXIMATION
feq9UuxoWtVRBPUnMr4G,1194,validation,person,CANONICAL_RLE,221980,227926,3,3,1,3,5546,7.112569,1229,0.968790341,0.984147800,0.975624764,0.975273277,0.000351487,0.006482936,5946,0.026786197,0.026786197,6539,593,0.000,RASTER_BOUNDARY_DIFFERENCE|MULTI_COMPONENT_APPROXIMATION|COMPONENT_JOIN_APPROXIMATION|HOLE_FILL_APPROXIMATION
feq9UuxoWtVRBPUnMr4G,1195,validation,person,CANONICAL_RLE,142232,142636,2,2,1,1,11,8.484589,1094,0.988885010,0.994411447,0.999922668,0.999543209,0.000379459,0.010658199,404,0.002840430,0.002840430,998,594,1.000,RASTER_BOUNDARY_DIFFERENCE|MULTI_COMPONENT_APPROXIMATION|COMPONENT_JOIN_APPROXIMATION|HOLE_FILL_APPROXIMATION
feq9UuxoWtVRBPUnMr4G,1196,validation,person,CANONICAL_RLE,109643,110156,7,7,1,2,44,11.052927,1465,0.982224828,0.991032716,0.999598859,0.996953936,0.002644922,0.014729109,513,0.004678821,0.004678821,1242,729,1.000,RASTER_BOUNDARY_DIFFERENCE|MULTI_COMPONENT_APPROXIMATION|COMPONENT_JOIN_APPROXIMATION|HOLE_FILL_APPROXIMATION
hKVfPWLhNq2uN8d3SJs1,1235,validation,vest_on_body,CANONICAL_RLE,885290,885633,5,5,1,0,0,7.076381,2345,0.995480395,0.997735079,1.000000000,0.999521290,0.000478710,0.004040895,343,0.000387444,0.000387444,2177,1834,1.000,MULTI_COMPONENT_APPROXIMATION|COMPONENT_JOIN_APPROXIMATION
hKVfPWLhNq2uN8d3SJs1,1236,validation,helmet_on_head,CANONICAL_RLE,149944,150046,1,1,0,0,0,4.252137,602,0.994335897,0.997159905,1.000000000,1.000000000,0.000000000,0.005664103,102,0.000680254,0.000680254,477,375,1.000,SERIALIZATION_ONLY
hKVfPWLhNq2uN8d3SJs1,1237,validation,person,CANONICAL_RLE,1370011,1369627,1,1,0,0,0,5.003092,1993,0.997564691,0.998780861,1.000000000,1.000000000,0.000000000,0.002435309,384,0.000280290,-0.000280290,1478,1862,1.000,SERIALIZATION_ONLY
hn0aQnTlX2RCubxvozTD,1242,validation,person,CANONICAL_POLYGON,194521,195890,1,1,0,0,0,7.894687,112,0.992431627,0.996201439,0.991024785,0.991024785,0.000000000,-0.001406842,1369,0.007037801,0.007037801,1426,57,1.000,RASTER_BOUNDARY_DIFFERENCE
hsfBHYazMXnS3WJlQzR7,1243,validation,vest_on_body,CANONICAL_RLE,137794,137495,1,1,0,0,0,4.832561,567,0.991384549,0.995673638,1.000000000,1.000000000,0.000000000,0.008615451,299,0.002169906,-0.002169906,446,745,1.000,SERIALIZATION_ONLY
hsfBHYazMXnS3WJlQzR7,1244,validation,vest_on_body,CANONICAL_RLE,143054,143007,1,1,0,0,0,5.188017,686,0.994693573,0.997339728,1.000000000,1.000000000,0.000000000,0.005306427,47,0.000328547,-0.000328547,357,404,0.000,SERIALIZATION_ONLY
hsfBHYazMXnS3WJlQzR7,1245,validation,person,CANONICAL_RLE,477335,476761,1,1,0,0,0,5.197761,986,0.995486555,0.997738173,1.000000000,1.000000000,0.000000000,0.004513445,574,0.001202510,-0.001202510,792,1366,1.000,SERIALIZATION_ONLY
hsfBHYazMXnS3WJlQzR7,1246,validation,person,CANONICAL_RLE,578546,578535,1,1,0,2,230,6.848261,1708,0.995490197,0.997740003,0.999602610,0.999602610,0.000000000,0.004112412,11,0.000019013,-0.000019013,1302,1313,1.000,RASTER_BOUNDARY_DIFFERENCE|HOLE_FILL_APPROXIMATION
hsfBHYazMXnS3WJlQzR7,1247,validation,helmet_on_head,CANONICAL_RLE,276675,276681,1,1,0,0,0,3.929084,780,0.996730788,0.998362718,1.000000000,1.000000000,0.000000000,0.003269212,6,0.000021686,0.000021686,456,450,1.000,SERIALIZATION_ONLY
hsfBHYazMXnS3WJlQzR7,1248,validation,helmet_on_head,CANONICAL_RLE,177499,177223,1,1,0,0,0,3.956361,457,0.995106752,0.997547375,1.000000000,1.000000000,0.000000000,0.004893248,276,0.001554938,-0.001554938,297,573,1.000,SERIALIZATION_ONLY
k9xkkgvQEhZ5r4UBzBLi,1324,validation,person,CANONICAL_RLE,151391,151499,1,1,0,0,0,6.054187,991,0.992422100,0.996196639,1.000000000,1.000000000,0.000000000,0.007577900,108,0.000713385,0.000713385,630,522,1.000,SERIALIZATION_ONLY
k9xkkgvQEhZ5r4UBzBLi,1325,validation,person,CANONICAL_RLE,213311,213413,1,1,0,2,2,7.671651,1484,0.992119735,0.996044282,0.999990624,0.999990624,0.000000000,0.007870889,102,0.000478175,0.000478175,895,793,0.000,RASTER_BOUNDARY_DIFFERENCE|HOLE_FILL_APPROXIMATION
lSb8IK6pm0WEKyASISFH,1426,validation,vest_on_body,CANONICAL_RLE,75409,75518,4,3,1,1,1,4.586598,394,0.992619780,0.996296223,0.999960217,0.999801119,0.000159098,0.007181339,109,0.001445451,0.001445451,334,225,1.000,RASTER_BOUNDARY_DIFFERENCE|MULTI_COMPONENT_APPROXIMATION|COMPONENT_JOIN_APPROXIMATION|HOLE_FILL_APPROXIMATION
lSb8IK6pm0WEKyASISFH,1427,validation,helmet_on_head,CANONICAL_RLE,9731,9757,1,1,0,0,0,3.850622,172,0.983713355,0.991789819,1.000000000,1.000000000,0.000000000,0.016286645,26,0.002671873,0.002671873,93,67,1.000,SERIALIZATION_ONLY
lSb8IK6pm0WEKyASISFH,1428,validation,person,CANONICAL_RLE,161040,161146,1,1,0,2,24,7.551083,1074,0.990928584,0.995443626,0.999850991,0.999850991,0.000000000,0.008922407,106,0.000658222,0.000658222,787,681,1.000,RASTER_BOUNDARY_DIFFERENCE|HOLE_FILL_APPROXIMATION
nTcgBq8KIfwkvtofPfOw,1505,validation,vest_on_body,CANONICAL_RLE,118622,119789,6,4,1,2,886,7.887913,1162,0.981523808,0.990675766,0.992569535,0.990464421,0.002105114,0.008940613,1167,0.009837973,0.009837973,1695,528,0.000,RASTER_BOUNDARY_DIFFERENCE|MULTI_COMPONENT_APPROXIMATION|COMPONENT_JOIN_APPROXIMATION|HOLE_FILL_APPROXIMATION
nTcgBq8KIfwkvtofPfOw,1506,validation,vest_on_body,CANONICAL_RLE,55660,55809,5,5,1,0,0,9.760129,854,0.975980288,0.987844154,1.000000000,0.997008616,0.002991384,0.021028328,149,0.002676967,0.002676967,752,603,0.000,MULTI_COMPONENT_APPROXIMATION|COMPONENT_JOIN_APPROXIMATION
nTcgBq8KIfwkvtofPfOw,1507,validation,person,CANONICAL_RLE,210862,211118,1,1,0,2,31,7.097683,1354,0.992849958,0.996412152,0.999853006,0.999853006,0.000000000,0.007003048,256,0.001214064,0.001214064,885,629,1.000,RASTER_BOUNDARY_DIFFERENCE|HOLE_FILL_APPROXIMATION
nTcgBq8KIfwkvtofPfOw,1508,validation,person,CANONICAL_RLE,156552,156649,1,1,0,2,37,6.082678,889,0.992727712,0.996350586,0.999763713,0.999763713,0.000000000,0.007036000,97,0.000619602,0.000619602,620,523,1.000,RASTER_BOUNDARY_DIFFERENCE|HOLE_FILL_APPROXIMATION
nTcgBq8KIfwkvtofPfOw,1509,validation,helmet_on_head,CANONICAL_RLE,15908,15922,1,1,0,0,0,4.939019,247,0.982066131,0.990951932,1.000000000,1.000000000,0.000000000,0.017933869,14,0.000880060,0.000880060,151,137,1.000,SERIALIZATION_ONLY
nTcgBq8KIfwkvtofPfOw,1510,validation,helmet_on_head,CANONICAL_RLE,13595,13662,1,1,0,0,0,5.176170,243,0.983770015,0.991818615,1.000000000,1.000000000,0.000000000,0.016229985,67,0.004928282,0.004928282,145,78,1.000,SERIALIZATION_ONLY
nXwfWz2We6dOnsyzeEno,1511,validation,helmet_on_head,CANONICAL_RLE,11122,11138,1,1,0,0,0,4.549054,159,0.979194452,0.989487871,1.000000000,1.000000000,0.000000000,0.020805548,16,0.001438590,0.001438590,125,109,1.000,SERIALIZATION_ONLY
nXwfWz2We6dOnsyzeEno,1512,validation,helmet_on_head,CANONICAL_RLE,2342,2332,1,1,0,0,0,5.813109,134,0.936205468,0.967051776,1.000000000,1.000000000,0.000000000,0.063794532,10,0.004269855,-0.004269855,72,82,1.000,SERIALIZATION_ONLY
nXwfWz2We6dOnsyzeEno,1513,validation,helmet_on_head,CANONICAL_RLE,3730,3741,1,1,0,0,0,4.329344,114,0.967087941,0.983268639,1.000000000,1.000000000,0.000000000,0.032912059,11,0.002949062,0.002949062,68,57,1.000,SERIALIZATION_ONLY
nXwfWz2We6dOnsyzeEno,1514,validation,helmet_on_head,CANONICAL_RLE,11514,11551,3,3,1,0,0,6.343157,296,0.972716387,0.986169521,1.000000000,0.998612316,0.001387684,0.025895928,37,0.003213479,0.003213479,178,141,1.000,MULTI_COMPONENT_APPROXIMATION|COMPONENT_JOIN_APPROXIMATION
nXwfWz2We6dOnsyzeEno,1515,validation,helmet_on_head,CANONICAL_RLE,4934,4938,1,1,0,0,0,5.560395,175,0.957176844,0.978119935,1.000000000,1.000000000,0.000000000,0.042823156,4,0.000810701,0.000810701,110,106,1.000,SERIALIZATION_ONLY
nXwfWz2We6dOnsyzeEno,1516,validation,helmet_on_head,CANONICAL_RLE,12758,12719,1,1,0,0,0,4.237008,201,0.984653735,0.992267535,1.000000000,1.000000000,0.000000000,0.015346265,39,0.003056905,-0.003056905,79,118,1.000,SERIALIZATION_ONLY
nXwfWz2We6dOnsyzeEno,1517,validation,helmet_on_head,CANONICAL_RLE,20915,21006,2,2,1,0,0,4.930338,321,0.981424588,0.990625224,1.000000000,0.999713207,0.000286793,0.018288619,91,0.004350944,0.004350944,242,151,1.000,MULTI_COMPONENT_APPROXIMATION|COMPONENT_JOIN_APPROXIMATION
nXwfWz2We6dOnsyzeEno,1518,validation,helmet_on_head,CANONICAL_RLE,8513,8492,2,2,1,0,0,6.234001,294,0.969995366,0.984769186,1.000000000,0.999765120,0.000234880,0.029769754,21,0.002466815,-0.002466815,119,140,1.000,MULTI_COMPONENT_APPROXIMATION|COMPONENT_JOIN_APPROXIMATION
nXwfWz2We6dOnsyzeEno,1519,validation,helmet_on_head,CANONICAL_RLE,10046,9978,1,1,0,0,0,4.311172,143,0.971836534,0.985717139,1.000000000,1.000000000,0.000000000,0.028163466,68,0.006768863,-0.006768863,109,177,1.000,SERIALIZATION_ONLY
nXwfWz2We6dOnsyzeEno,1520,validation,helmet_on_head,CANONICAL_RLE,5671,5709,1,1,0,0,0,5.549215,205,0.954990551,0.976977153,1.000000000,1.000000000,0.000000000,0.045009449,38,0.006700758,0.006700758,150,112,1.000,SERIALIZATION_ONLY
nXwfWz2We6dOnsyzeEno,1521,validation,helmet_on_head,CANONICAL_RLE,6694,6710,1,1,0,0,0,4.651046,155,0.969728141,0.984631453,1.000000000,1.000000000,0.000000000,0.030271859,16,0.002390200,0.002390200,111,95,1.000,SERIALIZATION_ONLY
nXwfWz2We6dOnsyzeEno,1522,validation,person,CANONICAL_RLE,171908,173110,2,2,1,3,869,7.969908,1317,0.985897982,0.992898921,0.994970395,0.994941603,0.000028793,0.009043621,1202,0.006992112,0.006992112,1826,624,1.000,RASTER_BOUNDARY_DIFFERENCE|MULTI_COMPONENT_APPROXIMATION|COMPONENT_JOIN_APPROXIMATION|HOLE_FILL_APPROXIMATION
nXwfWz2We6dOnsyzeEno,1523,validation,person,CANONICAL_RLE,23966,24830,16,15,1,0,0,11.189626,753,0.938657132,0.968358062,0.999916548,0.970556073,0.029360475,0.031898942,864,0.036051072,0.036051072,1204,340,1.000,RASTER_BOUNDARY_DIFFERENCE|MULTI_COMPONENT_APPROXIMATION|COMPONENT_JOIN_APPROXIMATION
nXwfWz2We6dOnsyzeEno,1524,validation,person,CANONICAL_RLE,118873,119037,1,1,0,2,103,8.537375,1169,0.987668452,0.993795973,0.999134279,0.999134279,0.000000000,0.011465827,164,0.001379624,0.001379624,820,656,1.000,RASTER_BOUNDARY_DIFFERENCE|HOLE_FILL_APPROXIMATION
nXwfWz2We6dOnsyzeEno,1525,validation,person,CANONICAL_RLE,2102,2062,1,1,0,0,0,5.003470,69,0.947614593,0.973102786,1.000000000,1.000000000,0.000000000,0.052385407,40,0.019029496,-0.019029496,36,76,1.000,SERIALIZATION_ONLY
nXwfWz2We6dOnsyzeEno,1526,validation,person,CANONICAL_RLE,84442,85269,7,7,1,0,0,10.969489,1217,0.974968289,0.987325512,1.000000000,0.992746211,0.007253789,0.017777923,827,0.009793705,0.009793705,1489,662,1.000,MULTI_COMPONENT_APPROXIMATION|COMPONENT_JOIN_APPROXIMATION
nXwfWz2We6dOnsyzeEno,1527,validation,person,CANONICAL_RLE,76640,77010,15,11,1,0,0,10.949291,1288,0.975875416,0.987790433,0.999921712,0.995363094,0.004558618,0.019487678,370,0.004827766,0.004827766,1123,753,2.000,RASTER_BOUNDARY_DIFFERENCE|MULTI_COMPONENT_APPROXIMATION|COMPONENT_JOIN_APPROXIMATION
nXwfWz2We6dOnsyzeEno,1528,validation,person,CANONICAL_RLE,11326,11949,4,4,1,0,0,6.601686,206,0.902484878,0.948743287,1.000000000,0.939683066,0.060316934,0.037198188,623,0.055006180,0.055006180,908,285,1.000,MULTI_COMPONENT_APPROXIMATION|COMPONENT_JOIN_APPROXIMATION
nXwfWz2We6dOnsyzeEno,1529,validation,person,CANONICAL_RLE,1703,1716,1,1,0,0,0,4.267892,65,0.951484018,0.975138930,1.000000000,1.000000000,0.000000000,0.048515982,13,0.007633588,0.007633588,49,36,1.000,SERIALIZATION_ONLY
nXwfWz2We6dOnsyzeEno,1530,validation,person,CANONICAL_RLE,53667,54098,16,10,1,0,0,8.919929,869,0.976070413,0.987890317,0.999795032,0.991994675,0.007800357,0.015924262,431,0.008031006,0.008031006,868,437,1.000,RASTER_BOUNDARY_DIFFERENCE|MULTI_COMPONENT_APPROXIMATION|COMPONENT_JOIN_APPROXIMATION
nXwfWz2We6dOnsyzeEno,1531,validation,person,CANONICAL_RLE,8770,8805,3,3,1,0,0,5.681167,227,0.967864741,0.983669986,1.000000000,0.998974826,0.001025174,0.031110085,35,0.003990878,0.003990878,161,126,1.000,MULTI_COMPONENT_APPROXIMATION|COMPONENT_JOIN_APPROXIMATION
nXwfWz2We6dOnsyzeEno,1532,validation,person,CANONICAL_RLE,6293,6211,1,1,0,0,0,7.126333,175,0.960489182,0.979846449,1.000000000,1.000000000,0.000000000,0.039510818,82,0.013030351,-0.013030351,85,167,0.000,SERIALIZATION_ONLY
nXwfWz2We6dOnsyzeEno,1533,validation,person,CANONICAL_RLE,20286,20973,16,13,1,2,25,15.140548,977,0.918755522,0.957657723,0.998276796,0.967227973,0.031048823,0.048472451,687,0.033865720,0.033865720,1217,530,97.000,RASTER_BOUNDARY_DIFFERENCE|MULTI_COMPONENT_APPROXIMATION|COMPONENT_JOIN_APPROXIMATION|HOLE_FILL_APPROXIMATION
nXwfWz2We6dOnsyzeEno,1534,validation,person,CANONICAL_RLE,10802,10801,1,1,0,0,0,6.084699,277,0.970177839,0.984863213,1.000000000,1.000000000,0.000000000,0.029822161,1,0.000092575,-0.000092575,163,164,1.000,SERIALIZATION_ONLY
nXwfWz2We6dOnsyzeEno,1535,validation,person,CANONICAL_RLE,21816,22347,2,2,1,4,208,8.577888,473,0.950748708,0.974752621,0.990555757,0.978954454,0.011601304,0.028205746,531,0.024339934,0.024339934,823,292,1.000,RASTER_BOUNDARY_DIFFERENCE|MULTI_COMPONENT_APPROXIMATION|COMPONENT_JOIN_APPROXIMATION|HOLE_FILL_APPROXIMATION
naWKv1VFkDVnpPnS59Bf,1536,validation,person,CANONICAL_POLYGON,24195,24515,1,1,0,0,0,5.119708,30,0.986379578,0.993143092,0.984369276,0.984369276,0.000000000,-0.002010302,320,0.013225873,0.013225873,327,7,1.000,RASTER_BOUNDARY_DIFFERENCE
o0SiQwUZ5uRlCXASCtiR,1550,validation,person,CANONICAL_POLYGON,336046,337818,1,1,0,0,0,5.958048,93,0.994465278,0.997224959,0.994814848,0.994814848,0.000000000,0.000349570,1772,0.005273088,0.005273088,1821,49,1.000,RASTER_BOUNDARY_DIFFERENCE
o0SiQwUZ5uRlCXASCtiR,1551,validation,vest_on_body,CANONICAL_RLE,120937,121209,3,3,1,0,0,7.087484,1102,0.988503199,0.994218364,1.000000000,0.998068845,0.001931155,0.009565646,272,0.002249105,0.002249105,836,564,1.000,MULTI_COMPONENT_APPROXIMATION|COMPONENT_JOIN_APPROXIMATION
pMftFzW2M3bmHHBJOTG2,1658,validation,person,CANONICAL_RLE,88591,89341,2,2,1,5,594,7.913203,981,0.980366842,0.990086100,0.993339687,0.993228320,0.000111367,0.012861478,750,0.008465871,0.008465871,1257,507,1.000,RASTER_BOUNDARY_DIFFERENCE|MULTI_COMPONENT_APPROXIMATION|COMPONENT_JOIN_APPROXIMATION|HOLE_FILL_APPROXIMATION
pMftFzW2M3bmHHBJOTG2,1659,validation,person,CANONICAL_RLE,15691,15755,1,1,0,0,0,5.466405,299,0.979977333,0.989887426,1.000000000,1.000000000,0.000000000,0.020022667,64,0.004078771,0.004078771,191,127,1.000,SERIALIZATION_ONLY
pMftFzW2M3bmHHBJOTG2,1660,validation,person,CANONICAL_RLE,43997,44129,2,2,1,2,9,5.848696,497,0.987281542,0.993600073,0.999795482,0.999363998,0.000431485,0.012082455,132,0.003000205,0.003000205,348,216,1.000,RASTER_BOUNDARY_DIFFERENCE|MULTI_COMPONENT_APPROXIMATION|COMPONENT_JOIN_APPROXIMATION|HOLE_FILL_APPROXIMATION
pMftFzW2M3bmHHBJOTG2,1661,validation,person,CANONICAL_RLE,8884,8879,1,1,0,0,0,5.872677,230,0.965368444,0.982379103,1.000000000,1.000000000,0.000000000,0.034631556,5,0.000562810,-0.000562810,154,159,1.000,SERIALIZATION_ONLY
pMftFzW2M3bmHHBJOTG2,1662,validation,person,CANONICAL_RLE,13723,13800,1,1,0,0,0,4.440418,211,0.979929501,0.989863024,1.000000000,1.000000000,0.000000000,0.020070499,77,0.005611018,0.005611018,178,101,1.000,SERIALIZATION_ONLY
pMftFzW2M3bmHHBJOTG2,1663,validation,person,CANONICAL_RLE,82496,82690,2,2,1,0,0,6.298714,688,0.989593496,0.994769533,1.000000000,0.999624365,0.000375635,0.010030869,194,0.002351629,0.002351629,529,335,1.000,MULTI_COMPONENT_APPROXIMATION|COMPONENT_JOIN_APPROXIMATION
pMftFzW2M3bmHHBJOTG2,1664,validation,person,CANONICAL_RLE,10026,10070,1,1,0,0,0,4.498491,180,0.982049512,0.990943471,1.000000000,1.000000000,0.000000000,0.017950488,44,0.004388590,0.004388590,113,69,0.000,SERIALIZATION_ONLY
qm0fl8ee3HpSLSCrrqDG,1695,validation,vest_on_body,CANONICAL_POLYGON,212863,213900,1,1,0,0,0,5.525990,89,0.994639060,0.997312326,0.993052281,0.993052281,0.000000000,-0.001586779,1037,0.004871678,0.004871678,1092,55,1.000,RASTER_BOUNDARY_DIFFERENCE
qm0fl8ee3HpSLSCrrqDG,1696,validation,person,CANONICAL_POLYGON,430075,431623,1,1,0,0,0,5.160940,94,0.996196168,0.998094460,0.995562658,0.995562658,0.000000000,-0.000633511,1548,0.003599372,0.003599372,1595,47,1.000,RASTER_BOUNDARY_DIFFERENCE
qm0fl8ee3HpSLSCrrqDG,1697,validation,vest_on_body,CANONICAL_POLYGON,27577,27997,1,1,0,0,0,4.577970,27,0.984502214,0.992190593,0.986474398,0.986474398,0.000000000,0.001972184,420,0.015230083,0.015230083,427,7,1.000,RASTER_BOUNDARY_DIFFERENCE
qm0fl8ee3HpSLSCrrqDG,1698,validation,person,CANONICAL_POLYGON,79704,80213,1,1,0,0,0,5.873639,35,0.993281647,0.996629502,0.989555779,0.989555779,0.000000000,-0.003725868,509,0.006386129,0.006386129,524,15,0.000,RASTER_BOUNDARY_DIFFERENCE
rYhDjwrXPlmdX7ft3uh3,1744,validation,vest_on_body,CANONICAL_RLE,155754,155799,1,1,0,0,0,4.317828,716,0.994896750,0.997441848,1.000000000,1.000000000,0.000000000,0.005103250,45,0.000288917,0.000288917,421,376,1.000,SERIALIZATION_ONLY
rYhDjwrXPlmdX7ft3uh3,1745,validation,person,CANONICAL_RLE,301313,301728,3,3,1,0,0,8.651683,1897,0.991377887,0.995670278,1.000000000,0.999041784,0.000958216,0.007663897,415,0.001377305,0.001377305,1513,1098,1.000,MULTI_COMPONENT_APPROXIMATION|COMPONENT_JOIN_APPROXIMATION
rYhDjwrXPlmdX7ft3uh3,1746,validation,helmet_on_head,CANONICAL_RLE,22224,22308,1,1,0,0,0,4.120117,252,0.987769495,0.993847121,1.000000000,1.000000000,0.000000000,0.012230505,84,0.003779698,0.003779698,179,95,1.000,SERIALIZATION_ONLY
sCBw5cHMoREKazVjQfkj,1772,validation,helmet_loose,CANONICAL_POLYGON,62823,63091,1,1,0,0,0,3.775480,26,0.994961658,0.997474467,0.991972187,0.991972187,0.000000000,-0.002989471,268,0.004265954,0.004265954,293,25,1.000,RASTER_BOUNDARY_DIFFERENCE
sCBw5cHMoREKazVjQfkj,1773,validation,helmet_loose,CANONICAL_POLYGON,82458,82857,1,1,0,0,0,3.793134,30,0.994486403,0.997235581,0.992734940,0.992734940,0.000000000,-0.001751463,399,0.004838827,0.004838827,428,29,1.000,RASTER_BOUNDARY_DIFFERENCE
sCBw5cHMoREKazVjQfkj,1774,validation,helmet_loose,CANONICAL_POLYGON,69120,69537,1,1,0,0,0,3.808642,28,0.993544491,0.996761793,0.992343054,0.992343054,0.000000000,-0.001201437,417,0.006032986,0.006032986,433,16,1.000,RASTER_BOUNDARY_DIFFERENCE
sCBw5cHMoREKazVjQfkj,1775,validation,helmet_loose,CANONICAL_POLYGON,74887,75293,1,1,0,0,0,3.828922,32,0.994263405,0.997123452,0.992533256,0.992533256,0.000000000,-0.001730150,406,0.005421502,0.005421502,419,13,1.000,RASTER_BOUNDARY_DIFFERENCE
sCBw5cHMoREKazVjQfkj,1776,validation,helmet_loose,CANONICAL_POLYGON,78416,78925,1,1,0,0,0,3.825894,31,0.992869085,0.996421785,0.992778320,0.992778320,0.000000000,-0.000090765,509,0.006491022,0.006491022,536,27,1.000,RASTER_BOUNDARY_DIFFERENCE
sCBw5cHMoREKazVjQfkj,1777,validation,helmet_loose,CANONICAL_POLYGON,73186,73720,1,1,0,0,0,3.822001,39,0.992594200,0.996283338,0.992590180,0.992590180,0.000000000,-0.000004020,534,0.007296477,0.007296477,540,6,1.000,RASTER_BOUNDARY_DIFFERENCE
sCBw5cHMoREKazVjQfkj,1778,validation,helmet_loose,CANONICAL_POLYGON,76169,76549,1,1,0,0,0,3.769033,28,0.994280342,0.997131969,0.992422167,0.992422167,0.000000000,-0.001858174,380,0.004988906,0.004988906,409,29,1.000,RASTER_BOUNDARY_DIFFERENCE
sCBw5cHMoREKazVjQfkj,1779,validation,helmet_loose,CANONICAL_POLYGON,67110,67335,1,1,0,0,0,3.808083,34,0.995710066,0.997850422,0.991864146,0.991864146,0.000000000,-0.003845920,225,0.003352705,0.003352705,257,32,1.000,RASTER_BOUNDARY_DIFFERENCE
sCBw5cHMoREKazVjQfkj,1780,validation,helmet_loose,CANONICAL_POLYGON,64556,64858,1,1,0,0,0,3.764212,29,0.993868055,0.996924599,0.991773281,0.991773281,0.000000000,-0.002094774,302,0.004678109,0.004678109,350,48,1.000,RASTER_BOUNDARY_DIFFERENCE
sCBw5cHMoREKazVjQfkj,1781,validation,helmet_loose,CANONICAL_POLYGON,67510,67714,1,1,0,0,0,3.935471,24,0.996132442,0.998062474,0.991357644,0.991357644,0.000000000,-0.004774798,204,0.003021775,0.003021775,233,29,1.000,RASTER_BOUNDARY_DIFFERENCE
sCBw5cHMoREKazVjQfkj,1782,validation,helmet_loose,CANONICAL_POLYGON,80956,81561,1,1,0,0,0,3.811689,31,0.991971662,0.995969652,0.992808404,0.992808404,0.000000000,0.000836742,605,0.007473195,0.007473195,630,25,1.000,RASTER_BOUNDARY_DIFFERENCE
sCBw5cHMoREKazVjQfkj,1783,validation,helmet_loose,CANONICAL_POLYGON,69751,70124,1,1,0,0,0,3.756333,29,0.993969978,0.996975871,0.992567067,0.992567067,0.000000000,-0.001402911,373,0.005347594,0.005347594,398,25,1.000,RASTER_BOUNDARY_DIFFERENCE
sCBw5cHMoREKazVjQfkj,1784,validation,helmet_loose,CANONICAL_POLYGON,73665,74266,1,1,0,0,0,3.838289,33,0.991800189,0.995883216,0.991926136,0.991926136,0.000000000,0.000125947,601,0.008158556,0.008158556,605,4,1.000,RASTER_BOUNDARY_DIFFERENCE
sCBw5cHMoREKazVjQfkj,1785,validation,helmet_loose,CANONICAL_POLYGON,72125,72551,1,1,0,0,0,3.796448,29,0.993688591,0.996834306,0.992016078,0.992016078,0.000000000,-0.001672513,426,0.005906412,0.005906412,442,16,1.000,RASTER_BOUNDARY_DIFFERENCE
sCBw5cHMoREKazVjQfkj,1786,validation,helmet_loose,CANONICAL_POLYGON,50369,50579,1,1,0,0,0,3.956376,20,0.995729706,0.997860285,0.991476378,0.991476378,0.000000000,-0.004253328,210,0.004169231,0.004169231,213,3,1.000,RASTER_BOUNDARY_DIFFERENCE
sCBw5cHMoREKazVjQfkj,1787,validation,helmet_loose,CANONICAL_POLYGON,80032,80400,1,1,0,0,0,3.794201,28,0.994852219,0.997419467,0.992812632,0.992812632,0.000000000,-0.002039587,368,0.004598161,0.004598161,391,23,1.000,RASTER_BOUNDARY_DIFFERENCE
sCBw5cHMoREKazVjQfkj,1788,validation,helmet_loose,CANONICAL_POLYGON,71593,71970,1,1,0,0,0,3.799205,35,0.993930556,0.996956040,0.992288167,0.992288167,0.000000000,-0.001642388,377,0.005265878,0.005265878,407,30,1.000,RASTER_BOUNDARY_DIFFERENCE
sCBw5cHMoREKazVjQfkj,1789,validation,helmet_loose,CANONICAL_POLYGON,48774,49030,1,1,0,0,0,4.021645,17,0.994412610,0.997198479,0.991159615,0.991159615,0.000000000,-0.003252996,256,0.005248698,0.005248698,265,9,1.000,RASTER_BOUNDARY_DIFFERENCE
sCBw5cHMoREKazVjQfkj,1790,validation,helmet_loose,CANONICAL_POLYGON,43904,44203,1,1,0,0,0,4.036745,23,0.993100484,0.996538300,0.990724860,0.990724860,0.000000000,-0.002375624,299,0.006810313,0.006810313,302,3,1.000,RASTER_BOUNDARY_DIFFERENCE
sCBw5cHMoREKazVjQfkj,1791,validation,helmet_loose,CANONICAL_POLYGON,55302,55706,1,1,0,0,0,3.928456,22,0.992425738,0.996198472,0.991696557,0.991696557,0.000000000,-0.000729181,404,0.007305342,0.007305342,413,9,1.000,RASTER_BOUNDARY_DIFFERENCE
sCBw5cHMoREKazVjQfkj,1792,validation,helmet_loose,CANONICAL_POLYGON,32665,32768,1,1,0,0,0,4.088093,16,0.996064794,0.998028518,0.986625110,0.986625110,0.000000000,-0.009439684,103,0.003153222,0.003153222,116,13,1.000,RASTER_BOUNDARY_DIFFERENCE
sCBw5cHMoREKazVjQfkj,1793,validation,helmet_loose,CANONICAL_POLYGON,42671,42901,1,1,0,0,0,4.123009,18,0.994313415,0.997148600,0.990782019,0.990782019,0.000000000,-0.003531396,230,0.005390078,0.005390078,237,7,1.000,RASTER_BOUNDARY_DIFFERENCE
sCBw5cHMoREKazVjQfkj,1794,validation,helmet_loose,CANONICAL_POLYGON,56630,56938,1,1,0,0,0,4.104786,20,0.994380444,0.997182305,0.991629601,0.991629601,0.000000000,-0.002750843,308,0.005438813,0.005438813,314,6,1.000,RASTER_BOUNDARY_DIFFERENCE
sCBw5cHMoREKazVjQfkj,1795,validation,helmet_loose,CANONICAL_POLYGON,48145,48479,1,1,0,0,0,4.041385,18,0.992781570,0.996377712,0.991188339,0.991188339,0.000000000,-0.001593231,334,0.006937377,0.006937377,342,8,1.000,RASTER_BOUNDARY_DIFFERENCE
sCBw5cHMoREKazVjQfkj,1796,validation,helmet_loose,CANONICAL_POLYGON,69140,69530,1,1,0,0,0,3.806627,26,0.993301518,0.996639504,0.992158665,0.992158665,0.000000000,-0.001142853,390,0.005640729,0.005640729,428,38,1.000,RASTER_BOUNDARY_DIFFERENCE
sCBw5cHMoREKazVjQfkj,1797,validation,helmet_loose,CANONICAL_POLYGON,31245,31415,1,1,0,0,0,4.680546,19,0.994144230,0.997063517,0.984345411,0.984345411,0.000000000,-0.009798819,170,0.005440871,0.005440871,177,7,1.000,RASTER_BOUNDARY_DIFFERENCE
sCBw5cHMoREKazVjQfkj,1798,validation,helmet_loose,CANONICAL_POLYGON,25780,25931,1,1,0,0,0,4.177326,17,0.991565569,0.995764924,0.985565510,0.985565510,0.000000000,-0.006000059,151,0.005857254,0.005857254,185,34,1.000,RASTER_BOUNDARY_DIFFERENCE
sCBw5cHMoREKazVjQfkj,1799,validation,helmet_loose,CANONICAL_POLYGON,77213,77625,1,1,0,0,0,3.789994,33,0.993896157,0.996938736,0.992743554,0.992743554,0.000000000,-0.001152603,412,0.005335889,0.005335889,443,31,0.000,RASTER_BOUNDARY_DIFFERENCE
sCBw5cHMoREKazVjQfkj,1800,validation,helmet_loose,CANONICAL_POLYGON,18958,19106,1,1,0,0,0,4.166404,11,0.991732510,0.995849096,0.980901967,0.980901967,0.000000000,-0.010830543,148,0.007806731,0.007806731,153,5,1.000,RASTER_BOUNDARY_DIFFERENCE
sCBw5cHMoREKazVjQfkj,1801,validation,helmet_loose,CANONICAL_POLYGON,29001,29209,1,1,0,0,0,3.971251,16,0.992401424,0.996186222,0.988712318,0.988712318,0.000000000,-0.003689106,208,0.007172166,0.007172166,215,7,1.000,RASTER_BOUNDARY_DIFFERENCE
sCBw5cHMoREKazVjQfkj,1802,validation,helmet_loose,CANONICAL_POLYGON,11351,11426,1,1,0,0,0,5.238427,12,0.992389783,0.996180357,0.977270771,0.977270771,0.000000000,-0.015119013,75,0.006607347,0.006607347,81,6,1.000,RASTER_BOUNDARY_DIFFERENCE
sCBw5cHMoREKazVjQfkj,1803,validation,helmet_loose,CANONICAL_POLYGON,28194,28446,1,1,0,0,0,4.261469,16,0.991071115,0.995515537,0.984911605,0.984911605,0.000000000,-0.006159510,252,0.008938072,0.008938072,253,1,1.000,RASTER_BOUNDARY_DIFFERENCE
sCBw5cHMoREKazVjQfkj,1804,validation,helmet_loose,CANONICAL_POLYGON,29146,29418,1,1,0,0,0,4.163845,19,0.990145105,0.995048152,0.986777420,0.986777420,0.000000000,-0.003367685,272,0.009332327,0.009332327,281,9,1.000,RASTER_BOUNDARY_DIFFERENCE
sCBw5cHMoREKazVjQfkj,1805,validation,helmet_loose,CANONICAL_POLYGON,24620,24736,1,1,0,0,0,4.452942,19,0.993456925,0.996717724,0.983460815,0.983460815,0.000000000,-0.009996110,116,0.004711617,0.004711617,139,23,1.000,RASTER_BOUNDARY_DIFFERENCE
sCBw5cHMoREKazVjQfkj,1806,validation,helmet_loose,CANONICAL_POLYGON,9398,9530,1,1,0,0,0,5.763096,16,0.983027763,0.991441251,0.972173373,0.972173373,0.000000000,-0.010854390,132,0.014045542,0.014045542,147,15,1.000,RASTER_BOUNDARY_DIFFERENCE
t92NygAuu8S9QMcR2Neh,1825,validation,helmet_loose,CANONICAL_RLE,190168,190252,1,1,0,0,0,4.087132,773,0.994683222,0.997334525,1.000000000,1.000000000,0.000000000,0.005316778,84,0.000441715,0.000441715,549,465,1.000,SERIALIZATION_ONLY
u4uGaDsy2tThEpOEs5TM,1840,validation,vest_on_body,CANONICAL_RLE,12573,12599,1,1,0,0,0,4.307325,172,0.981579155,0.990703957,1.000000000,1.000000000,0.000000000,0.018420845,26,0.002067923,0.002067923,130,104,1.000,SERIALIZATION_ONLY
u4uGaDsy2tThEpOEs5TM,1841,validation,vest_on_body,CANONICAL_RLE,5113,5150,3,2,1,1,6,5.890762,147,0.956720686,0.977881711,0.998632545,0.994165694,0.004466851,0.037445008,37,0.007236456,0.007236456,132,95,46.000,RASTER_BOUNDARY_DIFFERENCE|MULTI_COMPONENT_APPROXIMATION|COMPONENT_JOIN_APPROXIMATION|HOLE_FILL_APPROXIMATION
u4uGaDsy2tThEpOEs5TM,1842,validation,vest_on_body,CANONICAL_RLE,4878,4810,1,1,0,0,0,4.675773,72,0.961133603,0.980181668,1.000000000,1.000000000,0.000000000,0.038866397,68,0.013940139,-0.013940139,62,130,1.000,SERIALIZATION_ONLY
u4uGaDsy2tThEpOEs5TM,1843,validation,vest_on_body,CANONICAL_RLE,4392,4516,7,6,1,0,0,8.318781,238,0.924389717,0.960709475,0.999772313,0.979259590,0.020512724,0.054869873,124,0.028233151,0.028233151,237,113,1.000,RASTER_BOUNDARY_DIFFERENCE|MULTI_COMPONENT_APPROXIMATION|COMPONENT_JOIN_APPROXIMATION
u4uGaDsy2tThEpOEs5TM,1844,validation,person,CANONICAL_RLE,23443,23485,1,1,0,0,0,6.567477,389,0.981338400,0.990581316,1.000000000,1.000000000,0.000000000,0.018661600,42,0.001791580,0.001791580,242,200,1.000,SERIALIZATION_ONLY
u4uGaDsy2tThEpOEs5TM,1845,validation,person,CANONICAL_RLE,33232,33320,1,1,0,0,0,7.742568,583,0.978182683,0.988971030,1.000000000,1.000000000,0.000000000,0.021817317,88,0.002648050,0.002648050,411,323,1.000,SERIALIZATION_ONLY
u4uGaDsy2tThEpOEs5TM,1846,validation,person,CANONICAL_RLE,12135,11971,1,1,0,0,0,5.874040,157,0.969444444,0.984485190,1.000000000,1.000000000,0.000000000,0.030555556,164,0.013514627,-0.013514627,105,269,1.000,SERIALIZATION_ONLY
u4uGaDsy2tThEpOEs5TM,1847,validation,person,CANONICAL_RLE,16884,16998,3,3,1,0,0,9.720699,450,0.965883377,0.982645653,1.000000000,0.998462448,0.001537552,0.032579071,114,0.006751955,0.006751955,351,237,1.000,MULTI_COMPONENT_APPROXIMATION|COMPONENT_JOIN_APPROXIMATION
u4uGaDsy2tThEpOEs5TM,1848,validation,helmet_on_head,CANONICAL_RLE,1552,1560,1,1,0,0,0,4.046078,56,0.970867638,0.985218509,1.000000000,1.000000000,0.000000000,0.029132362,8,0.005154639,0.005154639,27,19,1.000,SERIALIZATION_ONLY
u4uGaDsy2tThEpOEs5TM,1849,validation,helmet_on_head,CANONICAL_RLE,913,893,1,1,0,0,0,4.426152,50,0.948220065,0.973421927,1.000000000,1.000000000,0.000000000,0.051779935,20,0.021905805,-0.021905805,14,34,1.000,SERIALIZATION_ONLY|SMALL_MASK_SENSITIVITY
u4uGaDsy2tThEpOEs5TM,1850,validation,helmet_on_head,CANONICAL_RLE,2171,2188,1,1,0,0,0,4.139006,91,0.957341715,0.978206011,1.000000000,1.000000000,0.000000000,0.042658285,17,0.007830493,0.007830493,56,39,1.000,SERIALIZATION_ONLY
wS4knG95ig6T2ZEozbZe,1910,validation,helmet_loose,CANONICAL_POLYGON,36102,36580,1,1,0,0,0,3.848897,26,0.986878434,0.993395889,0.989275331,0.989275331,0.000000000,0.002396896,478,0.013240264,0.013240264,479,1,1.000,RASTER_BOUNDARY_DIFFERENCE
wS4knG95ig6T2ZEozbZe,1911,validation,helmet_loose,CANONICAL_POLYGON,22869,23100,1,1,0,0,0,3.854807,22,0.988536575,0.994235245,0.986183074,0.986183074,0.000000000,-0.002353501,231,0.010101010,0.010101010,248,17,1.000,RASTER_BOUNDARY_DIFFERENCE
wS4knG95ig6T2ZEozbZe,1912,validation,helmet_loose,CANONICAL_POLYGON,20919,21060,1,1,0,0,0,3.886463,21,0.990847007,0.995402463,0.986028509,0.986028509,0.000000000,-0.004818498,141,0.006740284,0.006740284,167,26,1.000,RASTER_BOUNDARY_DIFFERENCE
wS4knG95ig6T2ZEozbZe,1913,validation,helmet_loose,CANONICAL_POLYGON,19369,19728,1,1,0,0,0,3.968991,22,0.981702063,0.990766555,0.985489537,0.985489537,0.000000000,0.003787474,359,0.018534772,0.018534772,360,1,1.000,RASTER_BOUNDARY_DIFFERENCE
wS4knG95ig6T2ZEozbZe,1914,validation,helmet_loose,CANONICAL_POLYGON,11319,11504,1,1,0,0,0,3.915133,17,0.982712188,0.991280726,0.980560618,0.980560618,0.000000000,-0.002151570,185,0.016344200,0.016344200,192,7,1.000,RASTER_BOUNDARY_DIFFERENCE
wS4knG95ig6T2ZEozbZe,1915,validation,helmet_loose,CANONICAL_POLYGON,11534,11729,1,1,0,0,0,3.950702,17,0.979829787,0.989812148,0.980575907,0.980575907,0.000000000,0.000746120,195,0.016906537,0.016906537,216,21,1.000,RASTER_BOUNDARY_DIFFERENCE
wS4knG95ig6T2ZEozbZe,1916,validation,helmet_loose,CANONICAL_POLYGON,32764,33050,1,1,0,0,0,3.950472,24,0.989600653,0.994773149,0.988974475,0.988974475,0.000000000,-0.000626178,286,0.008729093,0.008729093,315,29,1.000,RASTER_BOUNDARY_DIFFERENCE
wS4knG95ig6T2ZEozbZe,1917,validation,helmet_loose,CANONICAL_POLYGON,60082,60542,1,1,0,0,0,3.864019,34,0.990987868,0.995473538,0.991346853,0.991346853,0.000000000,0.000358984,460,0.007656203,0.007656203,503,43,1.000,RASTER_BOUNDARY_DIFFERENCE
wS4knG95ig6T2ZEozbZe,1918,validation,helmet_loose,CANONICAL_POLYGON,10855,11014,1,1,0,0,0,3.922114,17,0.983762700,0.991814898,0.978754181,0.978754181,0.000000000,-0.005008518,159,0.014647628,0.014647628,169,10,1.000,RASTER_BOUNDARY_DIFFERENCE
wfDgURKw6U5nt33bmej0,1921,validation,person,CANONICAL_POLYGON,2127742,2130261,1,1,0,0,0,4.672890,116,0.998660832,0.999329968,0.998156917,0.998156917,0.000000000,-0.000503915,2519,0.001183884,0.001183884,2686,167,1.000,RASTER_BOUNDARY_DIFFERENCE
wfDgURKw6U5nt33bmej0,1922,validation,helmet_on_head,CANONICAL_POLYGON,250637,251508,1,1,0,0,0,5.023507,62,0.995870298,0.997930877,0.994540726,0.994540726,0.000000000,-0.001329572,871,0.003475145,0.003475145,955,84,1.000,RASTER_BOUNDARY_DIFFERENCE
xEWKVpjbfnBH9kQEaUbB,1950,validation,person,CANONICAL_RLE,2722,2716,1,1,0,0,0,4.777157,102,0.965305385,0.982346451,1.000000000,1.000000000,0.000000000,0.034694615,6,0.002204262,-0.002204262,45,51,1.000,SERIALIZATION_ONLY
xEWKVpjbfnBH9kQEaUbB,1951,validation,person,CANONICAL_RLE,2794,2837,2,2,1,0,0,7.919940,187,0.920532060,0.958621914,1.000000000,0.990780142,0.009219858,0.070248082,43,0.015390122,0.015390122,138,95,1.000,MULTI_COMPONENT_APPROXIMATION|COMPONENT_JOIN_APPROXIMATION
xEWKVpjbfnBH9kQEaUbB,1952,validation,person,CANONICAL_RLE,758,741,1,1,0,0,0,3.916948,40,0.899873257,0.947298199,1.000000000,1.000000000,0.000000000,0.100126743,17,0.022427441,-0.022427441,31,48,1.000,SERIALIZATION_ONLY|SMALL_MASK_SENSITIVITY
xEWKVpjbfnBH9kQEaUbB,1953,validation,person,CANONICAL_RLE,1285,1302,1,1,0,0,0,6.620883,103,0.913461538,0.954773869,1.000000000,1.000000000,0.000000000,0.086538462,17,0.013229572,0.013229572,67,50,1.000,SERIALIZATION_ONLY
xEWKVpjbfnBH9kQEaUbB,1954,validation,person,CANONICAL_RLE,2601,2608,1,1,0,0,0,5.373843,118,0.947289720,0.972931465,1.000000000,1.000000000,0.000000000,0.052710280,7,0.002691273,0.002691273,74,67,1.000,SERIALIZATION_ONLY
xEWKVpjbfnBH9kQEaUbB,1955,validation,person,CANONICAL_RLE,1264,1314,2,2,1,0,0,6.185842,105,0.912462908,0.954228084,1.000000000,0.980605120,0.019394880,0.068142212,50,0.039556962,0.039556962,84,34,1.000,MULTI_COMPONENT_APPROXIMATION|COMPONENT_JOIN_APPROXIMATION
xEWKVpjbfnBH9kQEaUbB,1956,validation,person,CANONICAL_RLE,10201,10176,1,1,0,0,0,4.614756,193,0.978349515,0.989056289,1.000000000,1.000000000,0.000000000,0.021650485,25,0.002450740,-0.002450740,99,124,1.000,SERIALIZATION_ONLY
xEWKVpjbfnBH9kQEaUbB,1957,validation,person,CANONICAL_RLE,2494,2508,1,1,0,0,0,5.479026,129,0.939511439,0.968812475,1.000000000,1.000000000,0.000000000,0.060488561,14,0.005613472,0.005613472,85,71,1.000,SERIALIZATION_ONLY
xEWKVpjbfnBH9kQEaUbB,1958,validation,person,CANONICAL_RLE,1100,1111,1,1,0,0,0,6.005984,90,0.917606245,0.957033017,1.000000000,1.000000000,0.000000000,0.082393755,11,0.010000000,0.010000000,53,42,1.000,SERIALIZATION_ONLY
xEWKVpjbfnBH9kQEaUbB,1959,validation,person,CANONICAL_RLE,1665,1748,5,4,1,0,0,8.909906,173,0.888765910,0.941107530,0.998798799,0.965737515,0.033061284,0.076971604,83,0.049849850,0.049849850,142,59,1.000,RASTER_BOUNDARY_DIFFERENCE|MULTI_COMPONENT_APPROXIMATION|COMPONENT_JOIN_APPROXIMATION
xEWKVpjbfnBH9kQEaUbB,1960,validation,person,CANONICAL_RLE,4009,4111,2,2,1,1,4,7.501622,175,0.934254407,0.966009852,0.999003239,0.988412229,0.010591011,0.054157822,102,0.025442754,0.025442754,189,87,1.000,RASTER_BOUNDARY_DIFFERENCE|MULTI_COMPONENT_APPROXIMATION|COMPONENT_JOIN_APPROXIMATION|HOLE_FILL_APPROXIMATION
xEWKVpjbfnBH9kQEaUbB,1961,validation,person,CANONICAL_RLE,784,783,1,1,0,0,0,5.520305,57,0.910975610,0.953414167,1.000000000,1.000000000,0.000000000,0.089024390,1,0.001275510,-0.001275510,36,37,1.000,SERIALIZATION_ONLY|SMALL_MASK_SENSITIVITY
xEWKVpjbfnBH9kQEaUbB,1962,validation,person,CANONICAL_RLE,224,237,1,1,0,0,0,3.728227,19,0.904958678,0.950108460,1.000000000,1.000000000,0.000000000,0.095041322,13,0.058035714,0.058035714,18,5,1.000,SERIALIZATION_ONLY|SMALL_MASK_SENSITIVITY
xEWKVpjbfnBH9kQEaUbB,1963,validation,person,CANONICAL_RLE,1005,993,1,1,0,0,0,4.170920,66,0.943579767,0.970970971,1.000000000,1.000000000,0.000000000,0.056420233,12,0.011940299,-0.011940299,23,35,1.000,SERIALIZATION_ONLY|SMALL_MASK_SENSITIVITY
xEWKVpjbfnBH9kQEaUbB,1964,validation,person,CANONICAL_RLE,1025,1016,1,1,0,0,0,5.961240,76,0.927289896,0.962273395,1.000000000,1.000000000,0.000000000,0.072710104,9,0.008780488,-0.008780488,34,43,1.000,SERIALIZATION_ONLY
xEWKVpjbfnBH9kQEaUbB,1965,validation,person,CANONICAL_RLE,1413,1427,1,1,0,0,0,4.328575,74,0.942544460,0.970422535,1.000000000,1.000000000,0.000000000,0.057455540,14,0.009907997,0.009907997,49,35,1.000,SERIALIZATION_ONLY
xEWKVpjbfnBH9kQEaUbB,1966,validation,person,CANONICAL_RLE,877,865,1,1,0,0,0,4.539257,43,0.924861878,0.960964409,1.000000000,1.000000000,0.000000000,0.075138122,12,0.013683010,-0.013683010,28,40,1.000,SERIALIZATION_ONLY|SMALL_MASK_SENSITIVITY
yE5PdkrjifxbV7QoD5xc,2011,validation,person,CANONICAL_POLYGON,65114,66188,2,1,0,0,0,8.836002,81,0.982575346,0.991211101,0.981176790,0.981176790,0.000000000,-0.001398556,1074,0.016494149,0.016494149,1114,40,1.000,RASTER_BOUNDARY_DIFFERENCE|MULTI_COMPONENT_APPROXIMATION
ywH2LFvRJto6sV68hk5v,2018,validation,person,CANONICAL_POLYGON,224795,226245,1,1,0,0,0,5.023338,59,0.993353133,0.996665484,0.994419514,0.994419514,0.000000000,0.001066382,1450,0.006450321,0.006450321,1477,27,1.000,RASTER_BOUNDARY_DIFFERENCE
ywH2LFvRJto6sV68hk5v,2019,validation,helmet_on_head,CANONICAL_POLYGON,15419,15682,1,1,0,0,0,3.963743,14,0.982723448,0.991286454,0.982700287,0.982700287,0.000000000,-0.000023160,263,0.017056878,0.017056878,267,4,1.000,RASTER_BOUNDARY_DIFFERENCE
ywH2LFvRJto6sV68hk5v,2020,validation,vest_on_body,CANONICAL_POLYGON,40951,41559,1,1,0,0,0,8.845899,60,0.984033472,0.991952491,0.976936498,0.976936498,0.000000000,-0.007096974,608,0.014847012,0.014847012,636,28,0.000,RASTER_BOUNDARY_DIFFERENCE
ywH2LFvRJto6sV68hk5v,2021,validation,vest_on_body,CANONICAL_POLYGON,8475,8821,1,1,0,0,0,11.425331,41,0.954792043,0.976873265,0.943490860,0.943490860,0.000000000,-0.011301183,346,0.040825959,0.040825959,373,27,1.000,RASTER_BOUNDARY_DIFFERENCE
ywH2LFvRJto6sV68hk5v,2022,validation,vest_on_body,CANONICAL_POLYGON,164,209,1,1,0,0,0,5.046553,6,0.784688995,0.879356568,0.844559585,0.844559585,0.000000000,0.059870590,45,0.274390244,0.274390244,45,0,1.000,RASTER_BOUNDARY_DIFFERENCE|SMALL_MASK_SENSITIVITY
